run,case,index,rms,out_excess,added_energy,e_theta,e_aug,G_arch,support_p
discovery,none,0,0.020297943291655036,1.9709251587893446e-05,1.8813389587093286e-05,0.9813745670493083,0.9578273302159583,0.04566284634258677,0.3444248641624106
discovery,none,1,0.023504910740760124,0.00014027923506832927,2.099585503927933e-05,0.9729182774332659,0.9531878662303132,0.03800286623501592,0.010163506916876607
discovery,none,2,0.02155328458658788,3.548693596284991e-05,2.1985172896669733e-05,0.9523020663478583,0.927120747955492,0.0473263442808497,0.25071090403920543
discovery,none,3,0.01806895769299466,0.0,9.369637442489897e-06,0.9459574967453512,0.9306649549438858,0.028698327288026237,0.9242225314303708
discovery,none,4,0.017955070212265785,0.0,1.4043589725897844e-05,0.9634679915345986,0.9405896880047389,0.04356160953086141,0.9208311633786445
discovery,none,5,0.02404543913658311,0.00014636210186256743,1.760477627675944e-05,0.9589790204286799,0.9429699459560612,0.03044844264597346,0.008002931714913418
discovery,none,6,0.019821546653596728,4.995032499244369e-06,3.83059908038004e-06,0.9779949149888928,0.972997608141568,0.00974970829491928,0.4442593382703607
discovery,none,7,0.01913474548969976,0.0,2.698369652523794e-06,0.9567670653089148,0.9529078712684004,0.007369806134558954,0.7098113218970769
discovery,none,8,0.01849654711976145,0.0,4.843940581921346e-06,0.9602949879171075,0.9528945146934547,0.014158507685843258,0.8229621812718786
discovery,none,9,0.01974997987076658,0.0,9.985432770628545e-07,0.9774424812740191,0.9761320821760411,0.002559962345777822,0.5132839808483888
discovery,none,10,0.020492096707242353,2.1663072665048565e-05,1.9304581041841648e-05,0.9818872074002429,0.9581915795636741,0.04597138490951891,0.33197213126998426
discovery,none,11,0.020630597106006076,7.315411570127442e-06,2.809700636659197e-05,0.9454608111128043,0.9098802579082221,0.06601406161894907,0.42792202299386173
discovery,none,12,0.018291141707760156,0.0,5.940267717669866e-06,0.9822125947732077,0.9731322775127678,0.017755151793930946,0.9292467510657594
discovery,none,13,0.020539462998141918,3.5199888841858486e-05,4.702950537373403e-06,0.9820410611735425,0.9763486912738115,0.011147878878772999,0.25226715137138905
discovery,none,14,0.01864492590339263,0.0,9.565108519028037e-06,0.9440893420231588,0.9294028971438,0.027514940502431973,0.8818578068286629
discovery,none,15,0.020492015751812427,2.9311237180811413e-05,1.9570234408211802e-05,0.9831426390919235,0.9591480992156474,0.04660437257164263,0.2854562487367875
discovery,none,16,0.021171867869625813,5.237210794300476e-05,5.291823248066335e-05,0.9682311170030476,0.9052158807040318,0.1180557052541934,0.16967078500122118
discovery,none,17,0.022699065275618505,9.51243976078892e-05,1.551052207549021e-05,0.9525069693770847,0.9365716624375406,0.0301030478308999,0.050456214070508765
discovery,none,18,0.020380458409287355,8.819287831885757e-06,9.967082264909643e-06,0.9614276275366852,0.9488661715649407,0.023996071450511636,0.4174330476520879
discovery,none,19,0.020421070457146407,0.0,7.952185250629955e-06,0.8941722704740419,0.8834449505667608,0.01906906860279678,0.7734169787641604
discovery,none,20,0.019831003141649033,0.0,8.231116661856368e-06,0.965642765934527,0.9547439151886838,0.020930007811867046,0.49440577815157294
discovery,none,21,0.0215618640295209,8.23354691719244e-05,2.543144316644725e-06,0.9889582170102122,0.9861887321995657,0.005470139474631375,0.0749239435072349
discovery,none,22,0.021761301526491493,5.5706390148490105e-05,1.5251005007270328e-05,0.9689327806834457,0.9521687513498802,0.0322054024357642,0.15612840523058533
discovery,none,23,0.020876843555140412,4.8261649951374294e-05,4.5270936959337345e-05,0.9798141544880735,0.9252923075251344,0.10386992296999065,0.18747836730675005
discovery,none,24,0.019628301372223055,0.0,8.891314495116849e-06,0.9380903974004587,0.9257080899851807,0.023078125830939156,0.7743963749197801
discovery,none,25,0.019465721704422678,0.0,2.3118380991366258e-05,0.9775428656921964,0.9458212806009418,0.061012159428106005,0.7719782778255172
discovery,none,26,0.02063000524823861,6.70353294479721e-06,5.476096475308293e-06,0.9413258285171711,0.9344664040113866,0.012866855207566585,0.4322127815085369
discovery,none,27,0.020808243745560107,6.103580762429478e-05,1.4611681252688638e-05,0.9960676025467872,0.9789811654135624,0.033746546608807604,0.13613142589122285
discovery,none,28,0.017557202832701815,0.0,2.9627090904876273e-06,0.9635611330674984,0.9585608174365643,0.009611216433666914,0.9582903908879322
discovery,none,29,0.019101670663905772,0.0,1.816897870324827e-05,0.9723459485672968,0.9463938957954516,0.049795237696344086,0.6672877974244126
discovery,none,30,0.0226490560098081,0.00012659178840448106,2.0926828471763275e-05,0.9841038908321449,0.9631540991636387,0.04079464921524578,0.017066082771748054
discovery,none,31,0.016868613491837107,0.0,4.304502162448362e-07,0.9932329890080889,0.9924711738508454,0.0015127395290673862,0.9545700662905835
discovery,none,32,0.018797377029489377,0.0,6.141644197565362e-06,0.9653822115320135,0.9563373873592471,0.017381615881330692,0.7618186994870723
discovery,none,33,0.018433394676429706,0.0,1.2083053058761887e-05,0.975769600551133,0.9573745152103582,0.035560350985449296,0.7802622142708959
discovery,none,34,0.01957553727895343,0.0,8.250146689577811e-06,0.9748425754074289,0.9637367533300126,0.021529517107915064,0.5066355715877722
discovery,none,35,0.023002454847684085,0.00013797935053951288,3.1929246157026456e-05,0.9766839248706639,0.9452865322731164,0.060344861003831074,0.011109413478222106
discovery,none,36,0.020743297441184035,5.383964297194584e-05,1.4297883748435547e-05,0.9894834414997358,0.9725474616406611,0.03322891585846799,0.16361131726559316
discovery,none,37,0.018579310887179568,0.0,8.47032373522243e-06,0.953519462832607,0.9405643375853201,0.024538092863271466,0.8343042607690153
discovery,none,38,0.021573563967581734,8.571107535350162e-05,1.1587471121809991e-06,0.9956880343691292,0.9944370136414146,0.002489687685805264,0.06767707072835445
discovery,none,39,0.01912054996559933,0.0,8.033871183546438e-06,0.945850829343931,0.9341622092558826,0.021974758168770814,0.8093221512739976
discovery,none,40,0.01831851938264767,0.0,8.761588224843903e-07,0.9813562323547681,0.9800250422613478,0.002610971322189015,0.8308540556379073
discovery,none,41,0.021093687278934837,4.740842699979881e-05,1.5991023502627853e-05,0.9697829091251571,0.9510727916461442,0.03593943582166259,0.19132983535711212
discovery,none,42,0.019232528972866657,0.0,1.1642198514165043e-05,0.9707611787384468,0.9544121342061198,0.03147474422577823,0.6291818393106242
discovery,none,43,0.02049574745281754,3.4300064737710764e-05,1.0428986933595174e-05,0.9822699702871184,0.9695503317417494,0.024826448747320096,0.25718325972551054
discovery,none,44,0.018329172327958592,0.0,1.4831827310895003e-05,0.9805235317753757,0.9577466304045918,0.0441477883139062,0.8040862620669471
discovery,none,45,0.020607695117588407,4.418880203361001e-05,1.8978156232331492e-05,0.9892756836415559,0.9664253411877235,0.04468843815466017,0.20634476146977887
discovery,none,46,0.019810270276770875,0.0,1.770672272452416e-05,0.9697190186022128,0.9461692191061045,0.045118783854983024,0.5321976022814331
discovery,none,47,0.019096107614633758,0.0,6.400097388245445e-06,0.9812142179086315,0.9722296761085116,0.01755079831998596,0.6064153848735448
discovery,none,48,0.020699175172072506,7.18882702752508e-06,3.923952196953243e-05,0.9614663155489248,0.9125973336434072,0.09158358256216825,0.428808623864717
discovery,none,49,0.021596742994289597,8.616509969543646e-05,2.567448888434898e-05,0.9890435697486109,0.9608128036331974,0.05504593923558998,0.06674771716740587
discovery,parameter,0,0.06459528698832148,1.7447806259182906e-05,7.689480185822808e-06,0.3063604726244447,0.30333787525665773,0.0018428726214494984,0.3591043677834883
discovery,parameter,1,0.06688994216073263,8.18194508208016e-05,2.490517899419663e-05,0.32808436514444117,0.31948870478835745,0.005566318164888784,0.07608536740661939
discovery,parameter,2,0.06668687651346429,2.1979723794423364e-05,7.325924970877391e-06,0.30074829228307104,0.29799698172175404,0.0016473341959081095,0.329974743553794
discovery,parameter,3,0.06702777785278742,0.00012021096936072624,1.750661161241024e-05,0.33020601694552904,0.32425199176410063,0.003896659464044633,0.021525741625274566
discovery,parameter,4,0.06033272102565798,0.0,1.8011221328603432e-05,0.30216437729482976,0.2938625933706594,0.004948087123442718,0.7328290653503889
discovery,parameter,5,0.061514545711749274,0.0,9.266089307033435e-06,0.3137283547672515,0.3098011474105108,0.002448729648097392,0.48705301089605973
discovery,parameter,6,0.06527267435628971,0.0,4.5716739377697584e-05,0.29267559342687494,0.2737310521507611,0.010730314076210709,0.5035857624840083
discovery,parameter,7,0.06502220396477079,6.942830447479158e-05,2.751068448961484e-06,0.32941718775835793,0.3284280556833545,0.0006506958306766591,0.10859977378282548
discovery,parameter,8,0.0656484254725001,0.0,5.603735606265711e-06,0.2924143673305724,0.29018253875551364,0.0013002564227437563,0.5365000274332302
discovery,parameter,9,0.05949364614247574,0.0,4.844536346023946e-06,0.288759774142493,0.28637998953118693,0.0013687087589408231,0.9205477368138
discovery,parameter,10,0.058880762707596006,8.843144631528572e-05,3.1658907927417325e-05,0.36433368605355626,0.3515784245513243,0.00913164618338004,0.06226421121293448
discovery,parameter,11,0.06382475895126095,0.0,2.774459867396305e-05,0.2840661701846896,0.2718138304280155,0.006810830631447079,0.7665195350492575
discovery,parameter,12,0.06795419055845692,8.463076696552614e-06,1.1375403006360846e-05,0.2861609350481652,0.28182385338510174,0.0024633964108128903,0.41990994780400226
discovery,parameter,13,0.0668277789202257,6.555613039217445e-05,1.919638194732941e-05,0.3112323721416012,0.3042485896605679,0.004298385158443524,0.1207168304808083
discovery,parameter,14,0.07032196027150966,0.0,2.908149841654238e-06,0.27045147190717217,0.2693620626195904,0.0005880778780758128,0.5567352875849794
discovery,parameter,15,0.062197357766188545,0.0,2.8431593480954073e-06,0.30053949114066775,0.29931427717585063,0.000734949213789568,0.6977147452680272
discovery,parameter,16,0.06333812400608622,2.820075785751589e-05,2.082667996841509e-05,0.315266650940695,0.30692279082646395,0.005191461666656683,0.2919784858194624
discovery,parameter,17,0.06826241732858944,2.8586356641361487e-05,1.9548776901501248e-05,0.3011993003731214,0.29415265396755663,0.004195234709100715,0.28970449602582593
discovery,parameter,18,0.06583508638281034,6.295697016622116e-05,2.602849260376518e-05,0.32105246715713504,0.311559615031725,0.006005292948966567,0.12940982149362873
discovery,parameter,19,0.0650575294371618,2.3647219909280143e-05,1.8354844247098348e-05,0.30917686704058367,0.30208222913676425,0.00433666195279421,0.3195548582255349
discovery,parameter,20,0.06355586752011408,0.0,8.506401615386551e-06,0.2677350441433035,0.26377295009521734,0.002105884660482657,0.9505542726276065
discovery,parameter,21,0.059472543460614875,0.0,2.274285102445657e-06,0.28658273315189847,0.2854586863192415,0.0006430013457051492,0.9517140487661921
discovery,parameter,22,0.0638520548466486,1.854823640467733e-05,2.4054836688923167e-06,0.30959326290932515,0.30863892749045607,0.0005900008763835285,0.35192650179800705
discovery,parameter,23,0.061283266648673514,1.9871841959542244e-05,6.359516894847462e-06,0.32105929584511533,0.3184112851053677,0.0016933249661095356,0.34338029880231846
discovery,parameter,24,0.05721322795520482,0.0,1.4714553070190442e-05,0.3060123963937816,0.29857718164372543,0.004495253348354697,0.8677568699088141
discovery,parameter,25,0.05997327239779377,0.0,1.5230314784661953e-07,0.3122672288355661,0.3121994203355262,4.234414680523435e-05,0.6264472837718156
discovery,parameter,26,0.0636915503318693,2.0739460682237308e-05,2.6417457231276493e-05,0.30916205949560166,0.29844427351311154,0.0065121946387930035,0.337831527755342
discovery,parameter,27,0.0641921784632513,0.0,2.1805188427154515e-06,0.2602102676411562,0.25919145992545034,0.0005291704875958064,0.963459537356851
discovery,parameter,28,0.058660163235299385,0.0,1.3266456915056273e-05,0.31496999748743193,0.308789100243861,0.0038553908878196236,0.7742463545115571
discovery,parameter,29,0.06462373826426045,0.0,1.1454596702661825e-05,0.290673858674245,0.2859169155362764,0.002742809526796744,0.5857123574858942
discovery,parameter,30,0.06489240549844612,1.165410619979481e-05,9.429952401806592e-06,0.2997913809268245,0.29603297658974354,0.0022393488494287517,0.3979004994074911
discovery,parameter,31,0.06372615835432678,0.0,5.674763908613601e-06,0.27048420500071063,0.2678886564225909,0.0013973729149655,0.9077230554238431
discovery,parameter,32,0.05149738659643042,0.0,7.119259790658969e-06,0.3657800601592647,0.3620919025617778,0.002684506509307266,0.6498691221228347
discovery,parameter,33,0.06468896796685376,4.270925837164107e-07,4.9512630635851e-05,0.2987827816429145,0.2782790354531483,0.011831929033542951,0.4768752610220045
discovery,parameter,34,0.06184119090219325,9.373210712702226e-05,6.346101078714403e-06,0.3513450669693738,0.34897557977461063,0.0016594008046881131,0.05274414547786384
discovery,parameter,35,0.06530622138844726,0.0,7.290415749091828e-06,0.3010192302370239,0.29816636129206464,0.001709397966340398,0.515144471139472
discovery,parameter,36,0.06362235428787481,9.540785066281996e-05,1.870788458067965e-05,0.33832280730579795,0.33142206494803716,0.004621736808855123,0.05000079136856163
discovery,parameter,37,0.06304928913564689,0.0,1.1514897623696655e-06,0.27791875223297763,0.27739712578771686,0.0002896674474487937,0.9108194993967152
discovery,parameter,38,0.062239974543317686,0.00010286634604606173,2.480095941741522e-06,0.34959207142244564,0.3486752009602807,0.0006402206367441959,0.03920488488838002
discovery,parameter,39,0.06708587273912267,9.891416684819636e-05,1.3052406075545473e-05,0.3280153816482722,0.323564348142766,0.0029002032088085716,0.044647747901751966
discovery,parameter,40,0.05905852356087622,0.0,6.101223241078382e-06,0.3074940113887671,0.30463636945552736,0.0017492494449106583,0.7573161165933741
discovery,parameter,41,0.06284651428210258,0.0,1.3685267074088697e-05,0.28808321203021564,0.28200538221695026,0.0034649014543179785,0.7540599527697576
discovery,parameter,42,0.06409393887486196,4.865516595407147e-05,3.075459390103117e-05,0.33157216648277055,0.3200838157300533,0.0074864524937674065,0.18572002805379528
discovery,parameter,43,0.063922157023455,0.0,4.190150901238597e-06,0.2887332822026826,0.2869519631147252,0.0010254791161393162,0.7195780488265581
discovery,parameter,44,0.06949269095063951,0.0,3.2107462942113175e-05,0.25358511814005774,0.24011840830825815,0.006648562133615664,0.8575570765699777
discovery,parameter,45,0.06018418603077509,0.0,5.290392073231006e-06,0.30309712291623253,0.3006780563397433,0.0014605723558519107,0.8178453024689568
discovery,parameter,46,0.0627391833536509,0.0,5.9716173267214325e-06,0.3045992802184907,0.30209869475998063,0.001517100133938673,0.49592356935435994
discovery,parameter,47,0.06389454576495394,6.780944190097463e-05,2.4669570622927833e-05,0.3360358925687437,0.32692106017927475,0.006042741505731294,0.11354616068773343
discovery,parameter,48,0.0644582463261878,1.7927357167154552e-05,2.4286051702670063e-05,0.30874888211192764,0.29913318866233196,0.005845207646070702,0.3559683903690394
discovery,parameter,49,0.0643180592618539,0.0,2.470652062186767e-06,0.2899303826261717,0.2888985827532122,0.0005972356529437423,0.6278042548026289
independent_revised,none,0,0.019082686001968354,0.0,1.789817437599333e-05,0.9781928103570796,0.9527384069453572,0.049150702165504545,0.7793457436995471
independent_revised,none,1,0.022526734184571663,0.0001339390877179381,1.7945523815498967e-05,0.9955390328982443,0.9776165431085911,0.0353638606643798,0.01296528851146295
independent_revised,none,2,0.021875495737319436,9.036419913074037e-05,3.495418756175888e-06,0.9788630529919146,0.9751248616123833,0.007304380778081931,0.058640034616870056
independent_revised,none,3,0.02109898153262712,4.6507685118915986e-05,2.9024128672412957e-05,0.9670971430037382,0.9327800350558265,0.06519829020724388,0.19545380508561422
independent_revised,none,4,0.02092532145751,6.510017749830888e-05,2.1711435402001192e-05,0.994035666358908,0.968773759763234,0.04958430838780625,0.12220883465703332
independent_revised,none,5,0.02200984793766796,0.00010429220831422767,8.410207551991582e-06,0.9878932056938724,0.9790669385218547,0.01736091574955856,0.03738568735485894
independent_revised,none,6,0.018524020537769317,0.0,1.1491380617404352e-05,0.9783193833305133,0.9610514307899508,0.03348896317678418,0.7884609093877163
independent_revised,none,7,0.019504027632544038,0.0,3.25620879611341e-06,0.9512768053085435,0.9467670040266821,0.0085598004043691,0.6524580636563824
independent_revised,none,8,0.022524591774000888,0.00011904874213789715,1.0400078958951865e-05,0.9806498744243066,0.9701420737813233,0.020498532887681775,0.02244065846582252
independent_revised,none,9,0.019401643979757795,0.0,1.3341158532062604e-05,0.9624740104204916,0.9438826000097447,0.035441858133749005,0.6772015810572128
independent_revised,none,10,0.02035746494849975,2.2943585052596163e-05,3.2807217937616914e-06,0.9829865739729627,0.978951637639491,0.00791629577406161,0.3239313950244187
independent_revised,none,11,0.021346843069450793,5.778381293866573e-05,6.58736455675409e-06,0.9746399405414831,0.9671955018028068,0.014455874991122442,0.14809463706305348
independent_revised,none,12,0.01935025186808852,0.0,7.054661917342384e-06,0.923296842761041,0.9130367477441023,0.01884095712137901,0.8582668864559292
independent_revised,none,13,0.02082464099713754,7.332132246774959e-06,2.36008865828255e-05,0.9287333083484555,0.8989570132861925,0.054421846299435694,0.42780495304833455
independent_revised,none,14,0.019818883456739413,0.0,3.0453450915970643e-06,0.9692336322442439,0.965225716920764,0.007753149268167392,0.5031283323590121
independent_revised,none,15,0.02049306055092109,3.822291763723133e-05,2.3088049133857366e-05,0.9819854929676614,0.9535824300897731,0.054976057423023916,0.23617180824289682
independent_revised,none,16,0.020612364564688696,3.292402740426296e-05,6.639088533725111e-06,0.9839653513502086,0.9759926395204412,0.01562618025966145,0.2648107474357731
independent_revised,none,17,0.019811842291217623,0.0,2.9637775788011323e-05,0.9703935468424829,0.9306745557092573,0.07550850710891066,0.5989826677304626
independent_revised,none,18,0.019843672862004866,7.697061831256274e-06,4.9802433653021255e-06,0.9777864640291206,0.971297492009495,0.012647551254635792,0.4252523623037619
independent_revised,none,19,0.020543492340494886,1.4401459907929706e-05,2.3435825164010128e-05,0.9766223939101294,0.9477662081872831,0.055530514905051565,0.3793020645738728
independent_revised,none,20,0.02000230028902142,0.0,8.835276368292224e-07,0.9212452357566829,0.9200459082659411,0.002208311087485759,0.6893502090327545
independent_revised,none,21,0.02000769491014749,1.6410636183324604e-06,6.582693281904753e-06,0.9639610643064094,0.9553935609463974,0.016444077200907903,0.4681567238453151
independent_revised,none,22,0.02210590529554048,8.117913691689089e-05,3.7765080263412834e-05,0.9699310129035345,0.9292389249390861,0.0772811901701278,0.07754678610755524
independent_revised,none,23,0.019419853970606492,0.0,2.067286829958995e-05,0.9816409248834801,0.953311449106489,0.054816186408580214,0.5272792955306952
independent_revised,none,24,0.02256431329397873,6.610128100510942e-05,4.437420713208912e-06,0.9468323312449034,0.942218702189904,0.008715380734231393,0.11895117383612669
independent_revised,none,25,0.021413067145523348,4.767048496492291e-05,1.7663576144102336e-05,0.9570045976352092,0.936661481550178,0.03852306887515411,0.19014121372008808
independent_revised,none,26,0.019623073892554816,0.0,1.7671356344053085e-05,0.9801094441236488,0.9564113377765777,0.04589187543278472,0.48635332924174823
independent_revised,none,27,0.018137108449087027,0.0,1.8682074830337756e-05,0.9482441336018457,0.917809727400617,0.056792241199120075,0.9428873085919756
independent_revised,none,28,0.01769483361246382,0.0,4.5341001722367115e-06,0.9745856847530964,0.9671278460322952,0.014480986354594938,0.9061366283063935
independent_revised,none,29,0.018937284243002818,0.0,1.0020157843766663e-05,0.9339071746089296,0.9188263108571416,0.027940821262689042,0.8511515992597067
independent_revised,none,30,0.01877846160706416,0.0,1.845695148194891e-06,0.9358042774634961,0.9330035212271546,0.005234075096706592,0.867143054702316
independent_revised,none,31,0.02210547732279807,8.95434731379377e-05,2.0107401591247673e-06,0.9788207464306051,0.9767165316905337,0.0041148703653816066,0.06015702469311088
independent_revised,none,32,0.01871573266571742,0.0,5.258545492136887e-06,0.9436275105639863,0.9356390409946506,0.015012463659796693,0.9313526027812806
independent_revised,none,33,0.01941342921718777,0.0,2.5453209660227952e-05,0.9968331914287337,0.9623616734878113,0.06753642093573364,0.48591462668443275
independent_revised,none,34,0.02016899128962684,3.4811026307435006e-05,6.479606986198602e-06,0.9958738046570417,0.9878440847160479,0.01592869909360528,0.25438467535099235
independent_revised,none,35,0.018254889790455007,0.0,6.1722222094532985e-06,0.9854965483930639,0.9760541223715986,0.01852179709605095,0.7930683322047305
independent_revised,none,36,0.021166999401731806,4.7778470750837314e-05,1.1823585828530889e-05,0.9630132886327853,0.9492128988864968,0.026389466670825423,0.18965288721117746
independent_revised,none,37,0.01949680268740974,0.0,1.442423708835027e-05,0.9684752669677105,0.948682421978774,0.03794600495666556,0.6839529569896957
independent_revised,none,38,0.021539712273722374,7.75007419794202e-05,6.297993061295672e-06,0.988424571676089,0.981533840226979,0.013574454382339285,0.08638695128729772
independent_revised,none,39,0.017683229511873115,0.0,1.4739710873713841e-05,0.9617735721049858,0.9369476960839741,0.04713741880251732,0.9338005607360226
independent_revised,none,40,0.01848653846244556,0.0,2.752102350373823e-05,0.987407714496801,0.9457509158393241,0.08052919983687568,0.8385404507039563
independent_revised,none,41,0.019449983811301884,0.0,1.7813441900516014e-05,0.969254193234489,0.9446511460648557,0.047087903340994886,0.574986566822835
independent_revised,none,42,0.018289152629228103,0.0,1.6197866681818307e-05,0.9726959559863464,0.9474768117540854,0.04842511398050586,0.8608881035625999
independent_revised,none,43,0.02014093508106144,5.978623406632177e-06,2.142115773121916e-05,0.9881778159632562,0.961087585134288,0.052806049662653565,0.4373125695398065
independent_revised,none,44,0.021529096020057717,7.848557235591964e-05,6.771783691194273e-06,0.9805701482166376,0.9730918624624308,0.014610042782996158,0.08394465865072487
independent_revised,none,45,0.021142646979954965,5.016792092440442e-05,2.0881994964885687e-05,0.9722061904765155,0.9478766842030093,0.04671466834516724,0.1790662964448053
independent_revised,none,46,0.0209599408147706,1.6518566677999606e-05,3.4592704981476793e-06,0.9407021046098345,0.9365074939817695,0.007874163333358108,0.36521543593217
independent_revised,none,47,0.01780217359587012,0.0,3.5703251555921505e-07,0.9482786476783504,0.947684448801458,0.0011265791425577598,0.9409355122679889
independent_revised,none,48,0.021224174132091603,4.628120479637692e-05,1.0572839325987624e-05,0.9697272390380598,0.957548955674721,0.023470915618629573,0.1965001010784174
independent_revised,none,49,0.017481277069471782,0.0,2.2977878736476535e-05,0.9460579007416795,0.9054473697442051,0.0751906121790541,0.9698050501700434
independent_revised,parameter,0,0.06289479885579108,5.09672481519988e-05,4.695617318698006e-06,0.32912798768464846,0.32731971844092766,0.0011870341970979525,0.17561813775740587
independent_revised,parameter,1,0.06462131317110706,0.0,3.6660891240531975e-05,0.2878470693078305,0.2721705452556927,0.00877912960432592,0.7463814219188059
independent_revised,parameter,2,0.05864063319357353,0.0,9.223824005217121e-07,0.2958531857758179,0.29539951524682656,0.00026823392564048754,0.9106227147661152
independent_revised,parameter,3,0.058339099699517984,0.0,1.029388672813562e-05,0.32058273998347836,0.31583025337539405,0.0030245442281488927,0.6287662327286815
independent_revised,parameter,4,0.06038597968081058,0.0,3.903008374728215e-06,0.29013768697293035,0.28828722458891726,0.0010703535408213144,0.8728717505339607
independent_revised,parameter,5,0.06324462347252323,4.119945971345373e-05,1.4853933016833552e-05,0.3236867536775406,0.3178986034426548,0.003713592435514529,0.22096622973793092
independent_revised,parameter,6,0.06433347729370475,0.0,1.6024971002050356e-05,0.2942328767992828,0.28757797916370337,0.0038718916897025057,0.6176804428584711
independent_revised,parameter,7,0.06251669216167817,0.0,2.7872242356475555e-06,0.2974281882006596,0.2962269040963559,0.000713148425815352,0.631541076615279
independent_revised,parameter,8,0.061053278314186964,6.464352569442008e-05,1.0841281851307986e-05,0.3482532389561556,0.34405212014097525,0.0029084570699531576,0.12371710676378357
independent_revised,parameter,9,0.06516045807340473,2.0228928264397017e-05,4.429848867645448e-05,0.30324300526933773,0.2855224077038312,0.010433274943786791,0.341091414084405
independent_revised,parameter,10,0.056973730629248924,2.6523336250284066e-05,1.1689665605066527e-05,0.34918093032193537,0.34398557562784976,0.0036012458604691433,0.30198358100778655
independent_revised,parameter,11,0.06799161165704071,0.0,2.2183077690958533e-06,0.2496787167952046,0.24871591304191246,0.0004798562202278159,0.9373855138911685
independent_revised,parameter,12,0.06317067221494176,0.0,1.0427118539218143e-05,0.3045336561272503,0.3002128984394532,0.0026129633248128947,0.5944160698587361
independent_revised,parameter,13,0.059824946787960166,5.912384214111181e-06,1.5147911011076605e-05,0.32581413093290373,0.3192529315403667,0.0042324136184452715,0.4377794294319706
independent_revised,parameter,14,0.06238551304279739,0.0,6.573635731471131e-06,0.28635831120962907,0.28339380622576266,0.001689032991705669,0.925277434782917
independent_revised,parameter,15,0.05852839396068388,3.374292214277369e-05,1.32025845461778e-06,0.3420298601625079,0.3414659760351747,0.00038541245313021555,0.2602556402713411
independent_revised,parameter,16,0.056614854504743704,1.1125512336191407e-05,3.0409795766399183e-05,0.34408346777077103,0.33000895839459954,0.00948752017247069,0.40151747270148946
independent_revised,parameter,17,0.06329534272950949,0.0,4.79680187935688e-06,0.30181094663947705,0.299820834724896,0.001197314576283845,0.4960890502898486
independent_revised,parameter,18,0.06597663791807418,1.127779636855039e-05,1.8689559779851497e-05,0.2948639125934165,0.2874911395861538,0.004293571609352578,0.40047422360576135
independent_revised,parameter,19,0.06119149935554768,3.130780698354374e-05,3.2448615486443324e-06,0.3264096435714999,0.3250794745918035,0.0008665906155905928,0.2739369427148465
independent_revised,parameter,20,0.0716687374229906,0.00010902748380286688,2.4886288510314538e-05,0.30600624445423635,0.2979844715816566,0.004845076341186749,0.03185492592006011
independent_revised,parameter,21,0.06530217332185179,1.380296506578579e-05,2.2819293008695096e-05,0.3213224184908624,0.3128848817381908,0.005351147404495285,0.38332395613936915
independent_revised,parameter,22,0.07290085922517871,7.84185743786291e-05,3.549494583793372e-05,0.2919531475323956,0.2802816396429724,0.006678842833119689,0.08410903493507302
independent_revised,parameter,23,0.06239445619976543,0.0,1.788932302573426e-05,0.3039263397921699,0.2962702257790485,0.004595173336297137,0.5525170227219824
independent_revised,parameter,24,0.06528977649956098,0.0,1.834736313807187e-06,0.27662830457417115,0.2758492486125291,0.0004304109314835214,0.8133479202174083
independent_revised,parameter,25,0.059307514848623594,0.0,1.5397611879928878e-05,0.29099984619803776,0.283378425886521,0.00437757822935915,0.9179461707650846
independent_revised,parameter,26,0.06291156378171125,0.0,3.3218548588967885e-05,0.2854110903674795,0.2703080516597363,0.008393047712670895,0.8423983653519388
independent_revised,parameter,27,0.06609810397674262,5.5504070383573375e-05,5.618578917789713e-05,0.3130355937611154,0.2917722750626034,0.012860222466166568,0.15692729649811585
independent_revised,parameter,28,0.05994939020830699,0.0,3.494146309948216e-06,0.32473199212941734,0.3232315440238722,0.0009722356602835103,0.5746308736657298
independent_revised,parameter,29,0.06442509277870212,9.438375211488733e-05,7.255272248940836e-06,0.3397246916247395,0.33714219155261244,0.0017480087746259282,0.051662698422625046
independent_revised,parameter,30,0.06326612466653332,0.0,6.074906892668178e-06,0.30812476621574,0.3056519790921213,0.0015177392325738809,0.5175595205056641
independent_revised,parameter,31,0.06806411259757734,5.49119768123421e-05,1.2072808509041559e-05,0.3069845458627934,0.3027103008406264,0.00260598516356296,0.15928216306028006
independent_revised,parameter,32,0.06652866471082412,0.0,2.1109198480629627e-05,0.28580637026265804,0.2773373161017627,0.004769294380186542,0.6187224572836548
independent_revised,parameter,33,0.06725202900877746,0.0,4.0553235531021305e-05,0.27324647119256434,0.25631485297195794,0.008966330165152483,0.7018235205344636
independent_revised,parameter,34,0.05916201037230953,5.051507337106136e-05,2.519218513831879e-06,0.3505078441181266,0.3494796153909863,0.0007197472145051981,0.1775630053074105
independent_revised,parameter,35,0.06087947537316816,0.0,6.9145448757908195e-06,0.2549119642817458,0.2512259849476081,0.0018656140210822209,0.9957664345350851
independent_revised,parameter,36,0.06264183394301975,0.0,1.632572233062035e-05,0.2951364771543553,0.2880018398749338,0.004160480375736311,0.6701547396958476
independent_revised,parameter,37,0.057923864232224,1.0079324955167309e-05,1.626962224750546e-05,0.3366518406197261,0.32937113952796165,0.004849114238701477,0.408710785675198
independent_revised,parameter,38,0.062447284422517235,0.0,1.2487899192114203e-05,0.26026103822657926,0.2540344585790948,0.0032023018732031255,0.9807103991042031
independent_revised,parameter,39,0.06268479706845548,5.4180802276359665e-05,6.3678172403355836e-06,0.3292048529656158,0.32673425193027567,0.0016205638316758725,0.16222501017807672
independent_revised,parameter,40,0.06396128188054429,5.364538108207694e-06,9.317872887057418e-07,0.3090196818884511,0.30865093741534744,0.00022776262706677985,0.44164608436261577
independent_revised,parameter,41,0.06427204305748845,9.390243215193607e-06,8.494678388449276e-06,0.30374078133240623,0.30033661994453975,0.0020563769647097135,0.41347304697437914
independent_revised,parameter,42,0.062010218410138714,0.0,3.4991103335480195e-06,0.28855844240592565,0.2869773444341638,0.0009099784652492338,0.8277400335737999
independent_revised,parameter,43,0.060914619518172376,1.365775417670369e-05,3.8095375915772405e-06,0.3260146575372909,0.3244362663159445,0.0010266660281265938,0.3843023271585527
independent_revised,parameter,44,0.06103878151546017,0.00013961402650651956,3.825541168515193e-05,0.3692788217337017,0.3551041524501484,0.010267889093692778,0.010429312761009514
independent_revised,parameter,45,0.05951262889996102,0.00010069756527560055,2.0963322161135922e-05,0.3653815089205745,0.35719005539327797,0.005918911389222875,0.042116950679411416
independent_revised,parameter,46,0.06244879006030624,0.0,3.5497434798080444e-06,0.2505118151269817,0.2486884480545476,0.0009102253224356205,0.9952848114137347
independent_revised,parameter,47,0.06528904133061578,3.91486659522315e-05,3.580640283758745e-05,0.3088453496109374,0.2949329314282018,0.008400015935469754,0.23137391469712443
independent_revised,parameter,48,0.061794705557559615,0.0,4.369109281983033e-06,0.29881712254308185,0.29689645199600495,0.0011441695171111183,0.7367166647619823
independent_revised,parameter,49,0.06358381119608508,0.0,4.721553278921559e-06,0.22772831683594305,0.22514955829843192,0.001167862686952674,0.999665347284763
independent_regularized,none,0,0.019064215498817476,0.0,1.9812795256986012e-05,0.968538924922778,0.9399753566451876,0.05451397799032309,0.6942166136826764
independent_regularized,none,1,0.020748261949855275,4.659268097319569e-05,1.699997368152584e-05,0.9803089711253442,0.9599561920662025,0.03948978818258697,0.19506211268748572
independent_regularized,none,2,0.02262266494384508,8.700691099857866e-05,4.0412645128344e-06,0.943213498973325,0.9390182604947063,0.007896411102998435,0.06505233254863638
independent_regularized,none,3,0.022122129546278416,9.92981813333756e-05,3.7813648030694974e-05,0.9939575017128262,0.9542978554797436,0.07726711823796528,0.04409215426693727
independent_regularized,none,4,0.01954890330605138,0.0,5.158532100443497e-06,0.9897033683469308,0.9828603089654702,0.013498370377561297,0.5286575292903477
independent_regularized,none,5,0.020043458182653556,2.2879619963873016e-05,2.2891827441887684e-05,0.9932622575488733,0.9641515672751165,0.056981667592020835,0.3243307335050009
independent_regularized,none,6,0.023100795267523903,0.0001048667450617165,3.0026573611320413e-05,0.9541268190666418,0.9241705611032224,0.056266760852383246,0.03667340272384
independent_regularized,none,7,0.02209497117888389,8.295133414710815e-05,6.131525519418298e-06,0.9709690989660058,0.9644797674777273,0.012559769272966204,0.07355667212244062
independent_regularized,none,8,0.020962951846439967,5.5565629516040466e-05,1.09545550733475e-05,0.9914997459919505,0.9788481019101839,0.024928139688932482,0.15668390975998198
independent_regularized,none,9,0.01988469023441316,0.0,1.2982970270284502e-06,0.9580124171274046,0.9562971797727126,0.0032834953290484803,0.5233257595001042
independent_regularized,none,10,0.01835161474183576,0.0,4.539225082637174e-06,0.9900076285060776,0.983176924848728,0.013478238945226484,0.7810933415371927
independent_regularized,none,11,0.02121053465567934,1.7617854744137818e-05,8.735912824346833e-06,0.941459251547247,0.9310894141571464,0.019418025168404296,0.3579909548107059
independent_regularized,none,12,0.01871704774892367,0.0,2.451936224054361e-05,0.9830257391295569,0.946757544883392,0.06998975499758364,0.7176221213518164
independent_regularized,none,13,0.021188326536297528,2.2556499407829438e-05,8.561525072215569e-06,0.9311935316275528,0.9208968891641247,0.019070312872832007,0.3263517462346899
independent_regularized,none,14,0.02014067248285024,1.3081433451394786e-05,1.154722585509082e-05,0.9693323338443564,0.9545359911444186,0.02846621504608915,0.3881950127974756
independent_regularized,none,15,0.020886264431240805,3.785005066165131e-05,5.877256169766898e-06,0.9655753225201544,0.9585734462976827,0.013472651512883904,0.2381217141116081
independent_regularized,none,16,0.02101819336829513,2.856944533610139e-05,2.2140940340946607e-05,0.9492542084957178,0.9224772180914118,0.05011933444916161,0.2898040217227705
independent_regularized,none,17,0.019290357948210487,0.0,9.229841052000841e-06,0.9548896510463448,0.9418124583859703,0.024803538904385136,0.695563932525605
independent_regularized,none,18,0.020266984500506686,0.0,1.0677432757795525e-05,0.9503051187408902,0.936528106021928,0.02599492533611769,0.522788139587268
independent_regularized,none,19,0.019976633695416655,1.0027932906997583e-05,3.134411252832309e-06,0.9897135957679151,0.9857376078227439,0.00785437017175028,0.4090653021154279
independent_regularized,none,20,0.022158698342625772,9.866286998694086e-05,1.6049280362234695e-05,0.9738012428382962,0.956871183544775,0.032686398655031756,0.04501453172446967
independent_regularized,none,21,0.02113884483066647,5.345502252101102e-05,2.69317531703495e-06,0.9713917738007566,0.9682845476762945,0.006027012939094134,0.16518432341140285
independent_regularized,none,22,0.018074066114936185,0.0,1.9007370808823732e-06,0.988567034958775,0.9856197503673595,0.00581849029296766,0.802266524703203
independent_regularized,none,23,0.0215206781856686,5.801617024162021e-05,2.3786890350659474e-05,0.9591880078416173,0.9320308716966135,0.05136008859162133,0.1472151633935856
independent_regularized,none,24,0.021798793847619503,8.70993980155009e-05,2.3263068069440623e-06,0.9924362853917574,0.9899667792959419,0.0048955564526096396,0.06486824662547543
independent_regularized,none,25,0.020065943823817715,1.3449549151136686e-05,2.5543470539000622e-05,0.981711611091476,0.9488509081726664,0.06343964141172764,0.38570684621566886
independent_regularized,none,26,0.020785729366781056,3.775532043182148e-05,6.471699430576115e-06,0.967895548674975,0.9601263569647285,0.014979171806469571,0.23861869700423177
independent_regularized,none,27,0.020611451105079722,1.1693078310436958e-05,9.48619125722887e-06,0.9760493212305658,0.964542895077976,0.022329281029244696,0.3976343033578494
independent_regularized,none,28,0.02082193096065283,2.609766628732077e-05,6.553980701223196e-06,0.9590479651799092,0.9511341046950235,0.015116914401720472,0.3045513588355328
independent_regularized,none,29,0.02138087381304542,6.127651568751584e-05,7.88038252538377e-06,0.9735385104291228,0.9646444180790501,0.01723837795748595,0.1352752997454159
independent_regularized,none,30,0.0197945086541809,1.6440434273963956e-05,3.4983416482463257e-05,0.988837569455453,0.9426112229900326,0.0892838210598027,0.3657313059055337
independent_regularized,none,31,0.02252550233846681,8.810191724833068e-05,5.2035394726498e-06,0.9469194933908116,0.9414888162950078,0.010255335754936312,0.06290023281962845
independent_regularized,none,32,0.02092960154397749,5.319391198306696e-05,3.3498483355334344e-06,0.9909340874131983,0.9870679571045321,0.007647213654913831,0.16625830806057026
independent_regularized,none,33,0.022250111303882335,0.00010184527527770284,6.930946281993799e-06,0.9752634787248948,0.9680593210216676,0.014000003917651327,0.04055371671537404
independent_regularized,none,34,0.019353414642495247,0.0,1.0460278150512808e-05,0.9506389647458899,0.935835028439211,0.027927240839318634,0.7429568291849311
independent_regularized,none,35,0.021008473017134086,4.983598533921317e-05,9.482132731405304e-06,0.9746949903810586,0.9636110365093671,0.021484094591275094,0.1805119369174266
independent_regularized,none,36,0.020173671822342348,7.123748282533892e-06,9.196197101167103e-06,0.9604245226993546,0.9485878503953289,0.0225963538846522,0.42926465475561615
independent_regularized,none,37,0.019676659200457292,0.0,2.603034939067922e-05,0.970532431954182,0.9352545159598327,0.06723219185163809,0.4954037192072018
independent_regularized,none,38,0.021261207112335197,4.9181565037243335e-05,2.8979394234159747e-05,0.9606785438698981,0.9267119734968986,0.06410818282947128,0.18338568518530474
independent_regularized,none,39,0.019535109631801103,0.0,5.145691163801398e-06,0.9824867070210566,0.9756005014881682,0.013483790969114007,0.5081071131491011
independent_regularized,none,40,0.02190670931790859,4.910588397917106e-05,2.797733632005859e-05,0.943032739005062,0.9115991220898009,0.05829778744049374,0.1837200463953476
independent_regularized,none,41,0.02018663477202271,3.1261389579265424e-06,6.844119882798113e-06,0.9543568582745782,0.945516597384006,0.01679537700709488,0.45753823510272285
independent_regularized,none,42,0.02038691076120692,3.0010333546504743e-05,2.5498100248086303e-05,0.9814944064631972,0.9497276578803906,0.06134864577557153,0.28139224993962225
independent_regularized,none,43,0.02083768755712402,3.83977016257887e-05,8.539605092927779e-06,0.981697594210632,0.9716291155217803,0.01966702834930545,0.23526121972898936
independent_regularized,none,44,0.020785003454119013,2.609466703095407e-05,3.076731367423431e-05,0.9612934015512861,0.9235080231520407,0.07121793503985185,0.30456949228908115
independent_regularized,none,45,0.022178743875916763,7.793568113635635e-05,2.5362073932320947e-05,0.954058374684231,0.9266432020956379,0.05155975831505932,0.08530142982964853
independent_regularized,none,46,0.019110556104569926,0.0,9.149613884540229e-06,0.9620145769865214,0.9489042392270919,0.025052791111409678,0.708098704652667
independent_regularized,none,47,0.02289319640432412,0.00012098224779899713,1.2920033280168658e-05,0.9646114752271963,0.951747538650888,0.024651920811964323,0.020936902997784966
independent_regularized,none,48,0.02230834816087702,6.8009830824057e-05,2.2049451343445557e-05,0.9365749759108708,0.9126152765535454,0.044306042503544085,0.1129246466492238
independent_regularized,none,49,0.020137934530060367,2.0551569340683556e-05,1.4296426729669448e-05,0.9806415355112356,0.9624991914357856,0.03525312765529298,0.3390295346838612
independent_regularized,parameter,0,0.06912813444387599,2.699931127476767e-05,1.263509459132648e-06,0.2923295818638162,0.2918769945435769,0.00026440448888238877,0.29912608939336793
independent_regularized,parameter,1,0.06186008332368777,3.217947569156298e-05,1.138314161676709e-05,0.33101959976217554,0.32649546608062757,0.0029746860555046606,0.26899264690965974
independent_regularized,parameter,2,0.06371559845632996,2.0595083391331372e-05,1.5340351694113938e-05,0.31022135858119776,0.3040700238496308,0.00377871191604906,0.33875190662285853
independent_regularized,parameter,3,0.06337082493826227,0.0,1.3344154713199613e-05,0.28036260537430985,0.2743726082727696,0.0033228623218683195,0.8447929141501996
independent_regularized,parameter,4,0.062061204487632006,7.444032938093172e-05,3.685032249026462e-06,0.3478295000291545,0.34645144790508653,0.0009567553350007252,0.09433997638321763
independent_regularized,parameter,5,0.06215659767782424,1.1372782814997592e-05,2.889446808389552e-06,0.31493025919270634,0.3137406155307318,0.0007478943215827316,0.3998240022145385
independent_regularized,parameter,6,0.05787794501799369,6.927595523841131e-05,5.522062111256107e-06,0.3632500136067519,0.36097385643932656,0.001648447352625898,0.10905804835820215
independent_regularized,parameter,7,0.06125661555053882,0.0,1.4937298342488915e-05,0.28847535307066935,0.281491152155978,0.003980760587147386,0.8904601183269032
independent_regularized,parameter,8,0.05817097566028723,0.0,2.3731446180611745e-06,0.2935108309284816,0.2923136936356938,0.0007013123853854691,0.9732233250947755
independent_regularized,parameter,9,0.06442320532445041,2.9201424257912188e-05,2.3446019668838294e-06,0.30892709731560053,0.30801141973349105,0.0005649167696017143,0.28609757960883897
independent_regularized,parameter,10,0.06323633934890875,5.002535422520268e-05,5.481567594290665e-06,0.32318095186006374,0.32105316751505525,0.0013707912737267042,0.1796862129363914
independent_regularized,parameter,11,0.06513301274141994,0.00012146263411993471,8.03818818648376e-06,0.34083327507608147,0.3380422374468161,0.0018947671010382111,0.020577381496372234
independent_regularized,parameter,12,0.06505923397083592,0.0,1.9619483687889675e-06,0.29497767735775954,0.2941909394472253,0.0004635212865374966,0.5045581983225234
independent_regularized,parameter,13,0.060349748758648104,0.0,3.4213421648630083e-07,0.31842468345321073,0.3182771435545694,9.393892302149431e-05,0.5187006931800447
independent_regularized,parameter,14,0.0598066039252939,0.0,4.958136331556917e-06,0.2962458088948592,0.2938969164978867,0.0013861817608036425,0.8429373660995584
independent_regularized,parameter,15,0.06469507095439889,0.0,6.144024381360776e-06,0.29179131066713865,0.2892649674849495,0.0014679475667777192,0.6116573120926436
independent_regularized,parameter,16,0.06423012989487677,4.706787021792755e-05,1.66579575831124e-05,0.31976117390445313,0.3133838132427237,0.004037793934203601,0.1928820401601891
independent_regularized,parameter,17,0.051000581270265175,0.0,2.0352968965514155e-06,0.37102188878863185,0.36996588256502483,0.0007824876981661621,0.5500833575449012
independent_regularized,parameter,18,0.05969409957030295,0.0,1.0343397824756824e-05,0.31986421380268026,0.31529419098889744,0.0029026884002634062,0.5939737995405422
independent_regularized,parameter,19,0.06421714302686284,0.0,9.852987529606427e-06,0.2926356428017833,0.28852442765302744,0.0023892740855058353,0.6721365261534573
independent_regularized,parameter,20,0.06803539311241755,0.0,1.2205919284694748e-05,0.283249035139309,0.27855533235540664,0.0026369427237184495,0.4881512552970441
independent_regularized,parameter,21,0.06227277321456929,0.0,2.6526681936157546e-06,0.30393179641390616,0.3028043740886523,0.0006840479041636122,0.6719278318050065
independent_regularized,parameter,22,0.0667035139826501,0.0,3.388157828396508e-06,0.2768389648663449,0.2754601948726271,0.0007614935090036745,0.687227558588354
independent_regularized,parameter,23,0.06855833399494501,7.322305047070842e-05,1.5639294338603763e-05,0.30643428626430086,0.3009562026677366,0.003327335874127743,0.09765975906473086
independent_regularized,parameter,24,0.06265524420149153,0.0,1.6942186259560396e-05,0.2648268027287831,0.2565492197425247,0.004315733293051585,0.9634372068743876
independent_regularized,parameter,25,0.06724375272952712,0.0,1.7467649197133264e-05,0.26151618578547453,0.25402295807611636,0.003863052198042463,0.8569070714503814
independent_regularized,parameter,26,0.06512477446490549,3.06372358241206e-05,2.1001084505357418e-05,0.3087513682481242,0.30062562294019696,0.004951642226907332,0.2777758357134851
independent_regularized,parameter,27,0.06295612536835067,0.0,1.4930507291519025e-06,0.278220145933089,0.27754233377091087,0.0003767025680256608,0.8694521663935963
independent_regularized,parameter,28,0.06098862629100328,0.0,3.785221679881393e-06,0.28861941641118066,0.28685105686738843,0.0010176387035927825,0.8621797310051053
independent_regularized,parameter,29,0.062470318491596705,0.0,1.4571188710220195e-05,0.2990220311276104,0.2927121542855631,0.0037337698331863095,0.6177527963814154
independent_regularized,parameter,30,0.061841262438483785,0.0,1.3963249225675906e-05,0.299880512911303,0.2937297584667591,0.0036511510150055576,0.6948097564334734
independent_regularized,parameter,31,0.06701943266611537,2.6387826360014887e-05,3.3212398038825665e-06,0.3031766058213911,0.30195466790325437,0.0007394328488145308,0.3027997650560178
independent_regularized,parameter,32,0.061620308624272396,0.0,1.2369638743318144e-05,0.29347199314761657,0.287868241281646,0.0032576864234467456,0.7681323337621503
independent_regularized,parameter,33,0.06408693578538625,4.2598075632211026e-05,6.986605400214237e-07,0.3171737312458609,0.31690545408337056,0.00017010896463430514,0.21404394761386936
independent_regularized,parameter,34,0.0699695344190072,0.00012679542169655362,1.6898069291299393e-05,0.319567152823043,0.31412032062300416,0.003451589335127181,0.016938409528484643
independent_regularized,parameter,35,0.06549329391814625,3.3977382166847135e-05,6.94886853498313e-06,0.3064465926710016,0.3037918596078181,0.0016200201956905053,0.258960057289255
independent_regularized,parameter,36,0.06711936707973208,0.0,2.200186640420268e-05,0.28468287009728865,0.2759718638601095,0.004883866884406909,0.5411974390542723
independent_regularized,parameter,37,0.06346421738296244,8.6434516168429e-05,1.3053783006343139e-05,0.3410830704360861,0.33629847556407844,0.0032409962713850077,0.06620121413839725
independent_regularized,parameter,38,0.05984889756539729,0.0,1.4942684453410661e-05,0.28825613432983055,0.28092680149342014,0.004171731181453822,0.9416868923049742
independent_regularized,parameter,39,0.06258845719418092,0.0,1.0690756350004463e-05,0.3047551534402172,0.3002442347008658,0.0027291030772617353,0.5033736022827664
independent_regularized,parameter,40,0.06307578339795376,0.0,3.943225231411555e-06,0.3038098575874462,0.3021743031445972,0.000991120086381428,0.5708240432832777
independent_regularized,parameter,41,0.06383055919660645,0.00010929682295319797,5.239494849387163e-06,0.3464135754549335,0.3445524509599693,0.0012859737969488777,0.03156282644042858
independent_regularized,parameter,42,0.060737972899640225,3.229875124092181e-05,3.973822838518744e-05,0.33023860363166874,0.3135055731961905,0.010771790903522455,0.2683201439270703
independent_regularized,parameter,43,0.06617020607352844,0.0,2.4233023641404183e-05,0.2866086582528535,0.27678505912276513,0.005534554031908362,0.7476874129436292
independent_regularized,parameter,44,0.055982949398355304,5.280382961701968e-05,2.9462104228555704e-06,0.36666632247658903,0.365382182537767,0.000940052722443907,0.16787198124312985
independent_regularized,parameter,45,0.061600683086578525,1.1353950727659403e-05,1.5604984759887186e-05,0.316392968544471,0.3098259826070406,0.004112371045964416,0.3999528849702586
independent_regularized,parameter,46,0.061893101089506755,0.0,1.0817690291314737e-05,0.2605111661851125,0.2550336504664719,0.002823904836872726,0.982773368374554
independent_regularized,parameter,47,0.07065743202743967,0.0,6.812185095997634e-06,0.273014790919493,0.27050431577865525,0.0013644912059360415,0.48605585558151765
independent_regularized,parameter,48,0.0641931742325243,0.0,7.015759769934744e-06,0.30100605522188406,0.2981645628219582,0.0017025387574304551,0.4857595185863301
independent_regularized,parameter,49,0.06229364929171873,4.7777337575709506e-05,6.7479928227502756e-06,0.32691503292436,0.3242444893467135,0.001738949880224383,0.18965800714002587
