run,base,radius,rank,total_norm,normal_norm,second_norm,second_normal_norm,kernel_error,witness_param_norm
discovery,0,0.015,6,2.901986629759054e-05,4.696319236199852e-11,0.2577794616603797,1.6673798217616521e-06,2.1220539917654226e-16,0.015
discovery,0,0.03,6,0.00011614842600075746,7.523367192055611e-10,0.2577794616603797,1.6673798217616521e-06,2.1220539917654226e-16,0.03
discovery,0,0.06,6,0.0004651093520056201,1.2066295273570496e-08,0.2577794616603797,1.6673798217616521e-06,2.1220539917654226e-16,0.06
discovery,0,0.12,6,0.0018639817646411037,1.9393645498941059e-07,0.2577794616603797,1.6673798217616521e-06,2.1220539917654226e-16,0.12
discovery,0,0.24,6,0.0074748688878080735,3.1277941509521215e-06,0.2577794616603797,1.6673798217616521e-06,2.1220539917654226e-16,0.24
discovery,0,0.48,6,0.029897565496552907,5.062668813064063e-05,0.2577794616603797,1.6673798217616521e-06,2.1220539917654226e-16,0.48
discovery,1,0.015,6,3.0469140954957293e-05,2.5684735263890983e-11,0.27097828578351607,9.100728770503797e-07,6.388497396313857e-16,0.015
discovery,1,0.03,6,0.00012179677425553073,4.121193400798235e-10,0.27097828578351607,9.100728770503797e-07,6.388497396313857e-16,0.03
discovery,1,0.06,6,0.000486516742829271,6.627646938678939e-09,0.27097828578351607,9.100728770503797e-07,6.388497396313857e-16,0.06
discovery,1,0.12,6,0.0019401956481711119,1.0689467319323473e-07,0.27097828578351607,9.100728770503797e-07,6.388497396313857e-16,0.12
discovery,1,0.24,6,0.007705803254923043,1.7224345180351983e-06,0.27097828578351607,9.100728770503797e-07,6.388497396313857e-16,0.24
discovery,1,0.48,6,0.03025882921983545,2.6931546681014964e-05,0.27097828578351607,9.100728770503797e-07,6.388497396313857e-16,0.48
discovery,2,0.015,6,3.2781881606249365e-05,1.8095601947846943e-11,0.29130015636088447,6.42553595358879e-07,1.4840816460260384e-16,0.015
discovery,2,0.03,6,0.0001311549598505055,2.8979317254696774e-10,0.29130015636088447,6.42553595358879e-07,1.4840816460260384e-16,0.03
discovery,2,0.06,6,0.0005247961480995808,4.644880472770518e-09,0.29130015636088447,6.42553595358879e-07,1.4840816460260384e-16,0.06
discovery,2,0.12,6,0.002099900836409969,7.456273578158848e-08,0.29130015636088447,6.42553595358879e-07,1.4840816460260384e-16,0.12
discovery,2,0.24,6,0.008394121088000426,1.1997016152894923e-06,0.29130015636088447,6.42553595358879e-07,1.4840816460260384e-16,0.24
discovery,2,0.48,6,0.0333507596323112,1.933569089409428e-05,0.29130015636088447,6.42553595358879e-07,1.4840816460260384e-16,0.48
discovery,3,0.015,6,6.192422379436077e-05,1.2580583008777853e-10,0.5505215498971884,4.474252114375945e-06,2.4192672026830966e-16,0.015
discovery,3,0.03,6,0.0002476219560251367,2.0116132764332514e-09,0.5505215498971884,4.474252114375945e-06,2.4192672026830966e-16,0.03
discovery,3,0.06,6,0.0009897553261310522,3.213922791867922e-08,0.5505215498971884,4.474252114375945e-06,2.4192672026830966e-16,0.06
discovery,3,0.12,6,0.003951044405542559,5.123781316253745e-07,0.5505215498971884,4.474252114375945e-06,2.4192672026830966e-16,0.12
discovery,3,0.24,6,0.0157069148738348,8.116219331974891e-06,0.5505215498971884,4.474252114375945e-06,2.4192672026830966e-16,0.24
discovery,3,0.48,6,0.06153265183610511,0.00012584965050387858,0.5505215498971884,4.474252114375945e-06,2.4192672026830966e-16,0.48
discovery,4,0.015,6,4.508091659507132e-05,1.898179662855035e-10,0.39962805744400515,6.730719935413141e-06,3.718298592493059e-16,0.015
discovery,4,0.03,6,0.00018079682637959637,3.0443166224731463e-09,0.39962805744400515,6.730719935413141e-06,3.718298592493059e-16,0.03
discovery,4,0.06,6,0.0007269026210771903,4.8931681616901426e-08,0.39962805744400515,6.730719935413141e-06,3.718298592493059e-16,0.06
discovery,4,0.12,6,0.002936177044672578,7.894635823782147e-07,0.39962805744400515,6.730719935413141e-06,3.718298592493059e-16,0.12
discovery,4,0.24,6,0.011953606298698058,1.2803663376104295e-05,0.39962805744400515,6.730719935413141e-06,3.718298592493059e-16,0.24
discovery,4,0.48,6,0.04913741685343943,0.0002078321567474993,0.39962805744400515,6.730719935413141e-06,3.718298592493059e-16,0.48
discovery,5,0.015,6,5.240556457795291e-05,3.420040507462244e-10,0.4659838810667584,1.2130888956520016e-05,2.8731108919940196e-16,0.015
discovery,5,0.03,6,0.00020952173539616863,5.483434613460617e-09,0.4659838810667584,1.2130888956520016e-05,2.8731108919940196e-16,0.03
discovery,5,0.06,6,0.0008371709282974014,8.808589764328352e-08,0.4659838810667584,1.2130888956520016e-05,2.8731108919940196e-16,0.06
discovery,5,0.12,6,0.0033395652403878104,1.4197699867222075e-06,0.4659838810667584,1.2130888956520016e-05,2.8731108919940196e-16,0.12
discovery,5,0.24,6,0.013256701530453741,2.2995233564062848e-05,0.4659838810667584,1.2130888956520016e-05,2.8731108919940196e-16,0.24
discovery,5,0.48,6,0.051762090123269176,0.00037339643929891074,0.4659838810667584,1.2130888956520016e-05,2.8731108919940196e-16,0.48
discovery,6,0.015,6,2.8760268126411087e-05,4.314822446046968e-11,0.2556142935591237,1.5258988749100518e-06,8.537181232710148e-16,0.015
discovery,6,0.03,6,0.00011504462629694945,6.939250987117759e-10,0.2556142935591237,1.5258988749100518e-06,8.537181232710148e-16,0.03
discovery,6,0.06,6,0.0004601678812367033,1.1216124270565087e-08,0.2556142935591237,1.5258988749100518e-06,8.537181232710148e-16,0.06
discovery,6,0.12,6,0.0018399600365534266,1.8305318247445382e-07,0.2556142935591237,1.5258988749100518e-06,8.537181232710148e-16,0.12
discovery,6,0.24,6,0.00734408607152204,3.0414316085966903e-06,0.2556142935591237,1.5258988749100518e-06,8.537181232710148e-16,0.24
discovery,6,0.48,6,0.029088994475088184,5.205253632333319e-05,0.2556142935591237,1.5258988749100518e-06,8.537181232710148e-16,0.48
discovery,7,0.015,6,4.115310296155476e-05,3.904069883648089e-12,0.36545038165181654,1.3863443260882494e-07,1.9488860941185536e-16,0.015
discovery,7,0.03,6,0.0001647501789526092,6.254061292675487e-11,0.36545038165181654,1.3863443260882494e-07,1.9488860941185536e-16,0.03
discovery,7,0.06,6,0.000660037538424998,1.0029549999915283e-09,0.36545038165181654,1.3863443260882494e-07,1.9488860941185536e-16,0.06
discovery,7,0.12,6,0.002647396825487938,1.611543280882343e-08,0.36545038165181654,1.3863443260882494e-07,1.9488860941185536e-16,0.12
discovery,7,0.24,6,0.01063073066200082,2.5966472085967206e-07,0.36545038165181654,1.3863443260882494e-07,1.9488860941185536e-16,0.24
discovery,7,0.48,6,0.04258256807056615,4.189217099829012e-06,0.36545038165181654,1.3863443260882494e-07,1.9488860941185536e-16,0.48
discovery,8,0.015,6,2.437254111240925e-05,2.991262002727122e-13,0.21670682866156937,1.0636088692092053e-08,6.72386812853567e-17,0.015
discovery,8,0.03,6,9.744683496363994e-05,4.784391749650626e-12,0.21670682866156937,1.0636088692092053e-08,6.72386812853567e-17,0.03
discovery,8,0.06,6,0.0003894275137388883,7.647901874048711e-11,0.21670682866156937,1.0636088692092053e-08,6.72386812853567e-17,0.06
discovery,8,0.12,6,0.0015546218057139352,1.2212182361608135e-09,0.21670682866156937,1.0636088692092053e-08,6.72386812853567e-17,0.12
discovery,8,0.24,6,0.006190468949168057,1.94507192006337e-08,0.21670682866156937,1.0636088692092053e-08,6.72386812853567e-17,0.24
discovery,8,0.48,6,0.024485893331441945,3.077330316880525e-07,0.21670682866156937,1.0636088692092053e-08,6.72386812853567e-17,0.48
discovery,9,0.015,6,4.7654208400815866e-05,1.3441861023703731e-10,0.4234576011884623,4.77800239756207e-06,3.463694006136565e-16,0.015
discovery,9,0.03,6,0.00019065405842581706,2.1505197066864446e-09,0.4234576011884623,4.77800239756207e-06,3.463694006136565e-16,0.03
discovery,9,0.06,6,0.0007628317973748906,3.4398943314160153e-08,0.4234576011884623,4.77800239756207e-06,3.463694006136565e-16,0.06
discovery,9,0.12,6,0.0030517395037046244,5.498433841314889e-07,0.4234576011884623,4.77800239756207e-06,3.463694006136565e-16,0.12
discovery,9,0.24,6,0.012189413226414869,8.764841875370172e-06,0.4234576011884623,4.77800239756207e-06,3.463694006136565e-16,0.24
discovery,9,0.48,6,0.04829103185317911,0.0001382142308542894,0.4234576011884623,4.77800239756207e-06,3.463694006136565e-16,0.48
discovery,10,0.015,6,5.604221928600527e-05,4.324586772756285e-10,0.4981335202496634,1.5420995175205882e-05,3.287536410485623e-16,0.015
discovery,10,0.03,6,0.00022414816248373743,6.897550486089717e-09,0.4981335202496634,1.5420995175205882e-05,3.287536410485623e-16,0.03
discovery,10,0.06,6,0.0008963186326333371,1.0964545438993893e-07,0.4981335202496634,1.5420995175205882e-05,3.287536410485623e-16,0.06
discovery,10,0.12,6,0.0035813563576746286,1.7303026317749872e-06,0.4981335202496634,1.5420995175205882e-05,3.287536410485623e-16,0.12
discovery,10,0.24,6,0.014266729845267053,2.68470486755444e-05,0.4981335202496634,1.5420995175205882e-05,3.287536410485623e-16,0.24
discovery,10,0.48,6,0.0561713659398577,0.00039881889633323637,0.4981335202496634,1.5420995175205882e-05,3.287536410485623e-16,0.48
discovery,11,0.015,6,1.255245202681757e-05,3.1823221793545314e-11,0.11147562703904712,1.1271485868929477e-06,5.012576653571839e-16,0.015
discovery,11,0.03,6,5.02522903514583e-05,5.110408520395968e-10,0.11147562703904712,1.1271485868929477e-06,5.012576653571839e-16,0.03
discovery,11,0.06,6,0.00020134151658167106,8.235198922915991e-09,0.11147562703904712,1.1271485868929477e-06,5.012576653571839e-16,0.06
discovery,11,0.12,6,0.000807904206214401,1.3355358892370128e-07,0.11147562703904712,1.1271485868929477e-06,5.012576653571839e-16,0.12
discovery,11,0.24,6,0.00324997221797504,2.188587573797474e-06,0.11147562703904712,1.1271485868929477e-06,5.012576653571839e-16,0.24
discovery,11,0.48,6,0.013115114823457423,3.628855689988121e-05,0.11147562703904712,1.1271485868929477e-06,5.012576653571839e-16,0.48
discovery,12,0.015,6,2.8698533198156175e-05,1.978886527998592e-11,0.25498909676620385,7.021160860689643e-07,1.4341747066403477e-16,0.015
discovery,12,0.03,6,0.00011483401635217396,3.1722824817552485e-10,0.25498909676620385,7.021160860689643e-07,1.4341747066403477e-16,0.03
discovery,12,0.06,6,0.0004596245488235644,5.094667876185707e-09,0.25498909676620385,7.021160860689643e-07,1.4341747066403477e-16,0.06
discovery,12,0.12,6,0.0018403148620992666,8.209997468964751e-08,0.25498909676620385,7.021160860689643e-07,1.4341747066403477e-16,0.12
discovery,12,0.24,6,0.007367883457194981,1.3307923756716724e-06,0.25498909676620385,7.021160860689643e-07,1.4341747066403477e-16,0.24
discovery,12,0.48,6,0.029396940281821687,2.1738750348956228e-05,0.25498909676620385,7.021160860689643e-07,1.4341747066403477e-16,0.48
discovery,13,0.015,6,2.212009865976332e-05,3.0943692747153e-12,0.1966001557523789,1.1009025582563562e-07,1.1717312074172668e-16,0.015
discovery,13,0.03,6,8.847602505914971e-05,4.945350442986306e-11,0.1966001557523789,1.1009025582563562e-07,1.1717312074172668e-16,0.03
discovery,13,0.06,6,0.0003538571376111083,7.893779251898111e-10,0.1966001557523789,1.1009025582563562e-07,1.1717312074172668e-16,0.06
discovery,13,0.12,6,0.001414861567759564,1.2565034433499782e-08,0.1966001557523789,1.1009025582563562e-07,1.1717312074172668e-16,0.12
discovery,13,0.24,6,0.0056518763018829086,1.9867322369239243e-07,0.1966001557523789,1.1009025582563562e-07,1.1717312074172668e-16,0.24
discovery,13,0.48,6,0.02249919861182075,3.088225044664191e-06,0.1966001557523789,1.1009025582563562e-07,1.1717312074172668e-16,0.48
discovery,14,0.015,6,3.332211765564669e-05,1.7341523034626994e-11,0.2963129626903538,6.166836344204665e-07,1.9875431707381404e-16,0.015
discovery,14,0.03,6,0.00013321761973547242,2.773678089393075e-10,0.2963129626903538,6.166836344204665e-07,1.9875431707381404e-16,0.03
discovery,14,0.06,6,0.0005322574292630395,4.434426203651246e-09,0.2963129626903538,6.166836344204665e-07,1.9875431707381404e-16,0.06
discovery,14,0.12,6,0.0021234020852297546,7.0814655442901e-08,0.2963129626903538,6.166836344204665e-07,1.9875431707381404e-16,0.12
discovery,14,0.24,6,0.008437599363736106,1.1270288603564857e-06,0.2963129626903538,6.166836344204665e-07,1.9875431707381404e-16,0.24
discovery,14,0.48,6,0.03314773475607797,1.7731668900775146e-05,0.2963129626903538,6.166836344204665e-07,1.9875431707381404e-16,0.48
discovery,15,0.015,6,3.246365968590232e-05,1.0624648172727372e-10,0.2887087889839927,3.7809041922631554e-06,1.6539659856433696e-16,0.015
discovery,15,0.03,6,0.00012978267272422574,1.698051524759898e-09,0.2887087889839927,3.7809041922631554e-06,1.6539659856433696e-16,0.03
discovery,15,0.06,6,0.0005185724494058431,2.7103103942100194e-08,0.2887087889839927,3.7809041922631554e-06,1.6539659856433696e-16,0.06
discovery,15,0.12,6,0.0020700799476227973,4.312194308430301e-07,0.2887087889839927,3.7809041922631554e-06,1.6539659856433696e-16,0.12
discovery,15,0.24,6,0.008249964119862379,6.8014853701268806e-06,0.2887087889839927,3.7809041922631554e-06,1.6539659856433696e-16,0.24
discovery,15,0.48,6,0.03278505135027716,0.00010449073768536299,0.2887087889839927,3.7809041922631554e-06,1.6539659856433696e-16,0.48
discovery,16,0.015,6,2.9271318825742328e-05,1.975323043695864e-11,0.2603439666440756,7.025242251675568e-07,9.155186870493676e-17,0.015
discovery,16,0.03,6,0.0001169999745534905,3.158509986633811e-10,0.2603439666440756,7.025242251675568e-07,9.155186870493676e-17,0.03
discovery,16,0.06,6,0.00046728985519641734,5.047471801206924e-09,0.2603439666440756,7.025242251675568e-07,9.155186870493676e-17,0.06
discovery,16,0.12,6,0.001863039418252126,8.05816588377116e-08,0.2603439666440756,7.025242251675568e-07,9.155186870493676e-17,0.12
discovery,16,0.24,6,0.007396246929432199,1.284834379347661e-06,0.2603439666440756,7.025242251675568e-07,9.155186870493676e-17,0.24
discovery,16,0.48,6,0.02902934667467022,2.0486973256857647e-05,0.2603439666440756,7.025242251675568e-07,9.155186870493676e-17,0.48
discovery,17,0.015,6,5.2016953749032053e-05,9.899025794504206e-11,0.46245275100996447,3.5206480114766246e-06,3.06783203374234e-16,0.015
discovery,17,0.03,6,0.00020799843373037587,1.5829457187998132e-09,0.46245275100996447,3.5206480114766246e-06,3.06783203374234e-16,0.03
discovery,17,0.06,6,0.0008313167927474324,2.5295816976667506e-08,0.46245275100996447,3.5206480114766246e-06,3.06783203374234e-16,0.06
discovery,17,0.12,6,0.0033179143842591704,4.0356775117422224e-07,0.46245275100996447,3.5206480114766246e-06,3.06783203374234e-16,0.12
discovery,17,0.24,6,0.013182327690832281,6.409389846100495e-06,0.46245275100996447,3.5206480114766246e-06,3.06783203374234e-16,0.24
discovery,17,0.48,6,0.051546576847807016,0.00010036654823250923,0.46245275100996447,3.5206480114766246e-06,3.06783203374234e-16,0.48
discovery,18,0.015,6,3.446676570621455e-05,3.4483283077239556e-12,0.30611553393424423,1.2253091864022045e-07,6.234236194638832e-17,0.015
discovery,18,0.03,6,0.0001379590166928036,5.518152522850882e-11,0.30611553393424423,1.2253091864022045e-07,6.234236194638832e-17,0.03
discovery,18,0.06,6,0.000552521845845258,8.831320650257788e-10,0.30611553393424423,1.2253091864022045e-07,6.234236194638832e-17,0.06
discovery,18,0.12,6,0.0022147764683969665,1.4135010941023396e-08,0.30611553393424423,1.2253091864022045e-07,6.234236194638832e-17,0.12
discovery,18,0.24,6,0.008883893982294506,2.2615808264992892e-07,0.30611553393424423,1.2253091864022045e-07,6.234236194638832e-17,0.24
discovery,18,0.48,6,0.035532147129014285,3.607378766464726e-06,0.30611553393424423,1.2253091864022045e-07,6.234236194638832e-17,0.48
discovery,19,0.015,6,4.403934629246914e-05,2.3915885630521055e-11,0.39182970133426304,8.51511496117899e-07,1.0838293416937652e-15,0.015
discovery,19,0.03,6,0.00017596635329212144,3.8209776929332316e-10,0.39182970133426304,8.51511496117899e-07,1.0838293416937652e-15,0.03
discovery,19,0.06,6,0.0007022527107653521,6.095240521374711e-09,0.39182970133426304,8.51511496117899e-07,1.0838293416937652e-15,0.06
discovery,19,0.12,6,0.0027947697674150546,9.690530628980308e-08,0.39182970133426304,8.51511496117899e-07,1.0838293416937652e-15,0.12
discovery,19,0.24,6,0.01104413633845732,1.528603476842502e-06,0.39182970133426304,8.51511496117899e-07,1.0838293416937652e-15,0.24
discovery,19,0.48,6,0.0427769025937848,2.3621351783714866e-05,0.39182970133426304,8.51511496117899e-07,1.0838293416937652e-15,0.48
independent_revised,0,0.015,6,2.901986629759054e-05,4.696319236199852e-11,0.2577794616603797,1.6673798217616521e-06,2.1220539917654226e-16,0.015
independent_revised,0,0.03,6,0.00011614842600075746,7.523367192055611e-10,0.2577794616603797,1.6673798217616521e-06,2.1220539917654226e-16,0.03
independent_revised,0,0.06,6,0.0004651093520056201,1.2066295273570496e-08,0.2577794616603797,1.6673798217616521e-06,2.1220539917654226e-16,0.06
independent_revised,0,0.12,6,0.0018639817646411037,1.9393645498941059e-07,0.2577794616603797,1.6673798217616521e-06,2.1220539917654226e-16,0.12
independent_revised,0,0.24,6,0.0074748688878080735,3.1277941509521215e-06,0.2577794616603797,1.6673798217616521e-06,2.1220539917654226e-16,0.24
independent_revised,0,0.48,6,0.029897565496552907,5.062668813064063e-05,0.2577794616603797,1.6673798217616521e-06,2.1220539917654226e-16,0.48
independent_revised,1,0.015,6,3.0469140954957293e-05,2.5684735263890983e-11,0.27097828578351607,9.100728770503797e-07,6.388497396313857e-16,0.015
independent_revised,1,0.03,6,0.00012179677425553073,4.121193400798235e-10,0.27097828578351607,9.100728770503797e-07,6.388497396313857e-16,0.03
independent_revised,1,0.06,6,0.000486516742829271,6.627646938678939e-09,0.27097828578351607,9.100728770503797e-07,6.388497396313857e-16,0.06
independent_revised,1,0.12,6,0.0019401956481711119,1.0689467319323473e-07,0.27097828578351607,9.100728770503797e-07,6.388497396313857e-16,0.12
independent_revised,1,0.24,6,0.007705803254923043,1.7224345180351983e-06,0.27097828578351607,9.100728770503797e-07,6.388497396313857e-16,0.24
independent_revised,1,0.48,6,0.03025882921983545,2.6931546681014964e-05,0.27097828578351607,9.100728770503797e-07,6.388497396313857e-16,0.48
independent_revised,2,0.015,6,3.2781881606249365e-05,1.8095601947846943e-11,0.29130015636088447,6.42553595358879e-07,1.4840816460260384e-16,0.015
independent_revised,2,0.03,6,0.0001311549598505055,2.8979317254696774e-10,0.29130015636088447,6.42553595358879e-07,1.4840816460260384e-16,0.03
independent_revised,2,0.06,6,0.0005247961480995808,4.644880472770518e-09,0.29130015636088447,6.42553595358879e-07,1.4840816460260384e-16,0.06
independent_revised,2,0.12,6,0.002099900836409969,7.456273578158848e-08,0.29130015636088447,6.42553595358879e-07,1.4840816460260384e-16,0.12
independent_revised,2,0.24,6,0.008394121088000426,1.1997016152894923e-06,0.29130015636088447,6.42553595358879e-07,1.4840816460260384e-16,0.24
independent_revised,2,0.48,6,0.0333507596323112,1.933569089409428e-05,0.29130015636088447,6.42553595358879e-07,1.4840816460260384e-16,0.48
independent_revised,3,0.015,6,6.192422379436077e-05,1.2580583008777853e-10,0.5505215498971884,4.474252114375945e-06,2.4192672026830966e-16,0.015
independent_revised,3,0.03,6,0.0002476219560251367,2.0116132764332514e-09,0.5505215498971884,4.474252114375945e-06,2.4192672026830966e-16,0.03
independent_revised,3,0.06,6,0.0009897553261310522,3.213922791867922e-08,0.5505215498971884,4.474252114375945e-06,2.4192672026830966e-16,0.06
independent_revised,3,0.12,6,0.003951044405542559,5.123781316253745e-07,0.5505215498971884,4.474252114375945e-06,2.4192672026830966e-16,0.12
independent_revised,3,0.24,6,0.0157069148738348,8.116219331974891e-06,0.5505215498971884,4.474252114375945e-06,2.4192672026830966e-16,0.24
independent_revised,3,0.48,6,0.06153265183610511,0.00012584965050387858,0.5505215498971884,4.474252114375945e-06,2.4192672026830966e-16,0.48
independent_revised,4,0.015,6,4.508091659507132e-05,1.898179662855035e-10,0.39962805744400515,6.730719935413141e-06,3.718298592493059e-16,0.015
independent_revised,4,0.03,6,0.00018079682637959637,3.0443166224731463e-09,0.39962805744400515,6.730719935413141e-06,3.718298592493059e-16,0.03
independent_revised,4,0.06,6,0.0007269026210771903,4.8931681616901426e-08,0.39962805744400515,6.730719935413141e-06,3.718298592493059e-16,0.06
independent_revised,4,0.12,6,0.002936177044672578,7.894635823782147e-07,0.39962805744400515,6.730719935413141e-06,3.718298592493059e-16,0.12
independent_revised,4,0.24,6,0.011953606298698058,1.2803663376104295e-05,0.39962805744400515,6.730719935413141e-06,3.718298592493059e-16,0.24
independent_revised,4,0.48,6,0.04913741685343943,0.0002078321567474993,0.39962805744400515,6.730719935413141e-06,3.718298592493059e-16,0.48
independent_revised,5,0.015,6,5.240556457795291e-05,3.420040507462244e-10,0.4659838810667584,1.2130888956520016e-05,2.8731108919940196e-16,0.015
independent_revised,5,0.03,6,0.00020952173539616863,5.483434613460617e-09,0.4659838810667584,1.2130888956520016e-05,2.8731108919940196e-16,0.03
independent_revised,5,0.06,6,0.0008371709282974014,8.808589764328352e-08,0.4659838810667584,1.2130888956520016e-05,2.8731108919940196e-16,0.06
independent_revised,5,0.12,6,0.0033395652403878104,1.4197699867222075e-06,0.4659838810667584,1.2130888956520016e-05,2.8731108919940196e-16,0.12
independent_revised,5,0.24,6,0.013256701530453741,2.2995233564062848e-05,0.4659838810667584,1.2130888956520016e-05,2.8731108919940196e-16,0.24
independent_revised,5,0.48,6,0.051762090123269176,0.00037339643929891074,0.4659838810667584,1.2130888956520016e-05,2.8731108919940196e-16,0.48
independent_revised,6,0.015,6,2.8760268126411087e-05,4.314822446046968e-11,0.2556142935591237,1.5258988749100518e-06,8.537181232710148e-16,0.015
independent_revised,6,0.03,6,0.00011504462629694945,6.939250987117759e-10,0.2556142935591237,1.5258988749100518e-06,8.537181232710148e-16,0.03
independent_revised,6,0.06,6,0.0004601678812367033,1.1216124270565087e-08,0.2556142935591237,1.5258988749100518e-06,8.537181232710148e-16,0.06
independent_revised,6,0.12,6,0.0018399600365534266,1.8305318247445382e-07,0.2556142935591237,1.5258988749100518e-06,8.537181232710148e-16,0.12
independent_revised,6,0.24,6,0.00734408607152204,3.0414316085966903e-06,0.2556142935591237,1.5258988749100518e-06,8.537181232710148e-16,0.24
independent_revised,6,0.48,6,0.029088994475088184,5.205253632333319e-05,0.2556142935591237,1.5258988749100518e-06,8.537181232710148e-16,0.48
independent_revised,7,0.015,6,4.115310296155476e-05,3.904069883648089e-12,0.36545038165181654,1.3863443260882494e-07,1.9488860941185536e-16,0.015
independent_revised,7,0.03,6,0.0001647501789526092,6.254061292675487e-11,0.36545038165181654,1.3863443260882494e-07,1.9488860941185536e-16,0.03
independent_revised,7,0.06,6,0.000660037538424998,1.0029549999915283e-09,0.36545038165181654,1.3863443260882494e-07,1.9488860941185536e-16,0.06
independent_revised,7,0.12,6,0.002647396825487938,1.611543280882343e-08,0.36545038165181654,1.3863443260882494e-07,1.9488860941185536e-16,0.12
independent_revised,7,0.24,6,0.01063073066200082,2.5966472085967206e-07,0.36545038165181654,1.3863443260882494e-07,1.9488860941185536e-16,0.24
independent_revised,7,0.48,6,0.04258256807056615,4.189217099829012e-06,0.36545038165181654,1.3863443260882494e-07,1.9488860941185536e-16,0.48
independent_revised,8,0.015,6,2.437254111240925e-05,2.991262002727122e-13,0.21670682866156937,1.0636088692092053e-08,6.72386812853567e-17,0.015
independent_revised,8,0.03,6,9.744683496363994e-05,4.784391749650626e-12,0.21670682866156937,1.0636088692092053e-08,6.72386812853567e-17,0.03
independent_revised,8,0.06,6,0.0003894275137388883,7.647901874048711e-11,0.21670682866156937,1.0636088692092053e-08,6.72386812853567e-17,0.06
independent_revised,8,0.12,6,0.0015546218057139352,1.2212182361608135e-09,0.21670682866156937,1.0636088692092053e-08,6.72386812853567e-17,0.12
independent_revised,8,0.24,6,0.006190468949168057,1.94507192006337e-08,0.21670682866156937,1.0636088692092053e-08,6.72386812853567e-17,0.24
independent_revised,8,0.48,6,0.024485893331441945,3.077330316880525e-07,0.21670682866156937,1.0636088692092053e-08,6.72386812853567e-17,0.48
independent_revised,9,0.015,6,4.7654208400815866e-05,1.3441861023703731e-10,0.4234576011884623,4.77800239756207e-06,3.463694006136565e-16,0.015
independent_revised,9,0.03,6,0.00019065405842581706,2.1505197066864446e-09,0.4234576011884623,4.77800239756207e-06,3.463694006136565e-16,0.03
independent_revised,9,0.06,6,0.0007628317973748906,3.4398943314160153e-08,0.4234576011884623,4.77800239756207e-06,3.463694006136565e-16,0.06
independent_revised,9,0.12,6,0.0030517395037046244,5.498433841314889e-07,0.4234576011884623,4.77800239756207e-06,3.463694006136565e-16,0.12
independent_revised,9,0.24,6,0.012189413226414869,8.764841875370172e-06,0.4234576011884623,4.77800239756207e-06,3.463694006136565e-16,0.24
independent_revised,9,0.48,6,0.04829103185317911,0.0001382142308542894,0.4234576011884623,4.77800239756207e-06,3.463694006136565e-16,0.48
independent_revised,10,0.015,6,5.604221928600527e-05,4.324586772756285e-10,0.4981335202496634,1.5420995175205882e-05,3.287536410485623e-16,0.015
independent_revised,10,0.03,6,0.00022414816248373743,6.897550486089717e-09,0.4981335202496634,1.5420995175205882e-05,3.287536410485623e-16,0.03
independent_revised,10,0.06,6,0.0008963186326333371,1.0964545438993893e-07,0.4981335202496634,1.5420995175205882e-05,3.287536410485623e-16,0.06
independent_revised,10,0.12,6,0.0035813563576746286,1.7303026317749872e-06,0.4981335202496634,1.5420995175205882e-05,3.287536410485623e-16,0.12
independent_revised,10,0.24,6,0.014266729845267053,2.68470486755444e-05,0.4981335202496634,1.5420995175205882e-05,3.287536410485623e-16,0.24
independent_revised,10,0.48,6,0.0561713659398577,0.00039881889633323637,0.4981335202496634,1.5420995175205882e-05,3.287536410485623e-16,0.48
independent_revised,11,0.015,6,1.255245202681757e-05,3.1823221793545314e-11,0.11147562703904712,1.1271485868929477e-06,5.012576653571839e-16,0.015
independent_revised,11,0.03,6,5.02522903514583e-05,5.110408520395968e-10,0.11147562703904712,1.1271485868929477e-06,5.012576653571839e-16,0.03
independent_revised,11,0.06,6,0.00020134151658167106,8.235198922915991e-09,0.11147562703904712,1.1271485868929477e-06,5.012576653571839e-16,0.06
independent_revised,11,0.12,6,0.000807904206214401,1.3355358892370128e-07,0.11147562703904712,1.1271485868929477e-06,5.012576653571839e-16,0.12
independent_revised,11,0.24,6,0.00324997221797504,2.188587573797474e-06,0.11147562703904712,1.1271485868929477e-06,5.012576653571839e-16,0.24
independent_revised,11,0.48,6,0.013115114823457423,3.628855689988121e-05,0.11147562703904712,1.1271485868929477e-06,5.012576653571839e-16,0.48
independent_revised,12,0.015,6,2.8698533198156175e-05,1.978886527998592e-11,0.25498909676620385,7.021160860689643e-07,1.4341747066403477e-16,0.015
independent_revised,12,0.03,6,0.00011483401635217396,3.1722824817552485e-10,0.25498909676620385,7.021160860689643e-07,1.4341747066403477e-16,0.03
independent_revised,12,0.06,6,0.0004596245488235644,5.094667876185707e-09,0.25498909676620385,7.021160860689643e-07,1.4341747066403477e-16,0.06
independent_revised,12,0.12,6,0.0018403148620992666,8.209997468964751e-08,0.25498909676620385,7.021160860689643e-07,1.4341747066403477e-16,0.12
independent_revised,12,0.24,6,0.007367883457194981,1.3307923756716724e-06,0.25498909676620385,7.021160860689643e-07,1.4341747066403477e-16,0.24
independent_revised,12,0.48,6,0.029396940281821687,2.1738750348956228e-05,0.25498909676620385,7.021160860689643e-07,1.4341747066403477e-16,0.48
independent_revised,13,0.015,6,2.212009865976332e-05,3.0943692747153e-12,0.1966001557523789,1.1009025582563562e-07,1.1717312074172668e-16,0.015
independent_revised,13,0.03,6,8.847602505914971e-05,4.945350442986306e-11,0.1966001557523789,1.1009025582563562e-07,1.1717312074172668e-16,0.03
independent_revised,13,0.06,6,0.0003538571376111083,7.893779251898111e-10,0.1966001557523789,1.1009025582563562e-07,1.1717312074172668e-16,0.06
independent_revised,13,0.12,6,0.001414861567759564,1.2565034433499782e-08,0.1966001557523789,1.1009025582563562e-07,1.1717312074172668e-16,0.12
independent_revised,13,0.24,6,0.0056518763018829086,1.9867322369239243e-07,0.1966001557523789,1.1009025582563562e-07,1.1717312074172668e-16,0.24
independent_revised,13,0.48,6,0.02249919861182075,3.088225044664191e-06,0.1966001557523789,1.1009025582563562e-07,1.1717312074172668e-16,0.48
independent_revised,14,0.015,6,3.332211765564669e-05,1.7341523034626994e-11,0.2963129626903538,6.166836344204665e-07,1.9875431707381404e-16,0.015
independent_revised,14,0.03,6,0.00013321761973547242,2.773678089393075e-10,0.2963129626903538,6.166836344204665e-07,1.9875431707381404e-16,0.03
independent_revised,14,0.06,6,0.0005322574292630395,4.434426203651246e-09,0.2963129626903538,6.166836344204665e-07,1.9875431707381404e-16,0.06
independent_revised,14,0.12,6,0.0021234020852297546,7.0814655442901e-08,0.2963129626903538,6.166836344204665e-07,1.9875431707381404e-16,0.12
independent_revised,14,0.24,6,0.008437599363736106,1.1270288603564857e-06,0.2963129626903538,6.166836344204665e-07,1.9875431707381404e-16,0.24
independent_revised,14,0.48,6,0.03314773475607797,1.7731668900775146e-05,0.2963129626903538,6.166836344204665e-07,1.9875431707381404e-16,0.48
independent_revised,15,0.015,6,3.246365968590232e-05,1.0624648172727372e-10,0.2887087889839927,3.7809041922631554e-06,1.6539659856433696e-16,0.015
independent_revised,15,0.03,6,0.00012978267272422574,1.698051524759898e-09,0.2887087889839927,3.7809041922631554e-06,1.6539659856433696e-16,0.03
independent_revised,15,0.06,6,0.0005185724494058431,2.7103103942100194e-08,0.2887087889839927,3.7809041922631554e-06,1.6539659856433696e-16,0.06
independent_revised,15,0.12,6,0.0020700799476227973,4.312194308430301e-07,0.2887087889839927,3.7809041922631554e-06,1.6539659856433696e-16,0.12
independent_revised,15,0.24,6,0.008249964119862379,6.8014853701268806e-06,0.2887087889839927,3.7809041922631554e-06,1.6539659856433696e-16,0.24
independent_revised,15,0.48,6,0.03278505135027716,0.00010449073768536299,0.2887087889839927,3.7809041922631554e-06,1.6539659856433696e-16,0.48
independent_revised,16,0.015,6,2.9271318825742328e-05,1.975323043695864e-11,0.2603439666440756,7.025242251675568e-07,9.155186870493676e-17,0.015
independent_revised,16,0.03,6,0.0001169999745534905,3.158509986633811e-10,0.2603439666440756,7.025242251675568e-07,9.155186870493676e-17,0.03
independent_revised,16,0.06,6,0.00046728985519641734,5.047471801206924e-09,0.2603439666440756,7.025242251675568e-07,9.155186870493676e-17,0.06
independent_revised,16,0.12,6,0.001863039418252126,8.05816588377116e-08,0.2603439666440756,7.025242251675568e-07,9.155186870493676e-17,0.12
independent_revised,16,0.24,6,0.007396246929432199,1.284834379347661e-06,0.2603439666440756,7.025242251675568e-07,9.155186870493676e-17,0.24
independent_revised,16,0.48,6,0.02902934667467022,2.0486973256857647e-05,0.2603439666440756,7.025242251675568e-07,9.155186870493676e-17,0.48
independent_revised,17,0.015,6,5.2016953749032053e-05,9.899025794504206e-11,0.46245275100996447,3.5206480114766246e-06,3.06783203374234e-16,0.015
independent_revised,17,0.03,6,0.00020799843373037587,1.5829457187998132e-09,0.46245275100996447,3.5206480114766246e-06,3.06783203374234e-16,0.03
independent_revised,17,0.06,6,0.0008313167927474324,2.5295816976667506e-08,0.46245275100996447,3.5206480114766246e-06,3.06783203374234e-16,0.06
independent_revised,17,0.12,6,0.0033179143842591704,4.0356775117422224e-07,0.46245275100996447,3.5206480114766246e-06,3.06783203374234e-16,0.12
independent_revised,17,0.24,6,0.013182327690832281,6.409389846100495e-06,0.46245275100996447,3.5206480114766246e-06,3.06783203374234e-16,0.24
independent_revised,17,0.48,6,0.051546576847807016,0.00010036654823250923,0.46245275100996447,3.5206480114766246e-06,3.06783203374234e-16,0.48
independent_revised,18,0.015,6,3.446676570621455e-05,3.4483283077239556e-12,0.30611553393424423,1.2253091864022045e-07,6.234236194638832e-17,0.015
independent_revised,18,0.03,6,0.0001379590166928036,5.518152522850882e-11,0.30611553393424423,1.2253091864022045e-07,6.234236194638832e-17,0.03
independent_revised,18,0.06,6,0.000552521845845258,8.831320650257788e-10,0.30611553393424423,1.2253091864022045e-07,6.234236194638832e-17,0.06
independent_revised,18,0.12,6,0.0022147764683969665,1.4135010941023396e-08,0.30611553393424423,1.2253091864022045e-07,6.234236194638832e-17,0.12
independent_revised,18,0.24,6,0.008883893982294506,2.2615808264992892e-07,0.30611553393424423,1.2253091864022045e-07,6.234236194638832e-17,0.24
independent_revised,18,0.48,6,0.035532147129014285,3.607378766464726e-06,0.30611553393424423,1.2253091864022045e-07,6.234236194638832e-17,0.48
independent_revised,19,0.015,6,4.403934629246914e-05,2.3915885630521055e-11,0.39182970133426304,8.51511496117899e-07,1.0838293416937652e-15,0.015
independent_revised,19,0.03,6,0.00017596635329212144,3.8209776929332316e-10,0.39182970133426304,8.51511496117899e-07,1.0838293416937652e-15,0.03
independent_revised,19,0.06,6,0.0007022527107653521,6.095240521374711e-09,0.39182970133426304,8.51511496117899e-07,1.0838293416937652e-15,0.06
independent_revised,19,0.12,6,0.0027947697674150546,9.690530628980308e-08,0.39182970133426304,8.51511496117899e-07,1.0838293416937652e-15,0.12
independent_revised,19,0.24,6,0.01104413633845732,1.528603476842502e-06,0.39182970133426304,8.51511496117899e-07,1.0838293416937652e-15,0.24
independent_revised,19,0.48,6,0.0427769025937848,2.3621351783714866e-05,0.39182970133426304,8.51511496117899e-07,1.0838293416937652e-15,0.48
independent_regularized,0,0.015,6,2.901986629759054e-05,4.696319236199852e-11,0.2577794616603797,1.6673798217616521e-06,2.1220539917654226e-16,0.015
independent_regularized,0,0.03,6,0.00011614842600075746,7.523367192055611e-10,0.2577794616603797,1.6673798217616521e-06,2.1220539917654226e-16,0.03
independent_regularized,0,0.06,6,0.0004651093520056201,1.2066295273570496e-08,0.2577794616603797,1.6673798217616521e-06,2.1220539917654226e-16,0.06
independent_regularized,0,0.12,6,0.0018639817646411037,1.9393645498941059e-07,0.2577794616603797,1.6673798217616521e-06,2.1220539917654226e-16,0.12
independent_regularized,0,0.24,6,0.0074748688878080735,3.1277941509521215e-06,0.2577794616603797,1.6673798217616521e-06,2.1220539917654226e-16,0.24
independent_regularized,0,0.48,6,0.029897565496552907,5.062668813064063e-05,0.2577794616603797,1.6673798217616521e-06,2.1220539917654226e-16,0.48
independent_regularized,1,0.015,6,3.0469140954957293e-05,2.5684735263890983e-11,0.27097828578351607,9.100728770503797e-07,6.388497396313857e-16,0.015
independent_regularized,1,0.03,6,0.00012179677425553073,4.121193400798235e-10,0.27097828578351607,9.100728770503797e-07,6.388497396313857e-16,0.03
independent_regularized,1,0.06,6,0.000486516742829271,6.627646938678939e-09,0.27097828578351607,9.100728770503797e-07,6.388497396313857e-16,0.06
independent_regularized,1,0.12,6,0.0019401956481711119,1.0689467319323473e-07,0.27097828578351607,9.100728770503797e-07,6.388497396313857e-16,0.12
independent_regularized,1,0.24,6,0.007705803254923043,1.7224345180351983e-06,0.27097828578351607,9.100728770503797e-07,6.388497396313857e-16,0.24
independent_regularized,1,0.48,6,0.03025882921983545,2.6931546681014964e-05,0.27097828578351607,9.100728770503797e-07,6.388497396313857e-16,0.48
independent_regularized,2,0.015,6,3.2781881606249365e-05,1.8095601947846943e-11,0.29130015636088447,6.42553595358879e-07,1.4840816460260384e-16,0.015
independent_regularized,2,0.03,6,0.0001311549598505055,2.8979317254696774e-10,0.29130015636088447,6.42553595358879e-07,1.4840816460260384e-16,0.03
independent_regularized,2,0.06,6,0.0005247961480995808,4.644880472770518e-09,0.29130015636088447,6.42553595358879e-07,1.4840816460260384e-16,0.06
independent_regularized,2,0.12,6,0.002099900836409969,7.456273578158848e-08,0.29130015636088447,6.42553595358879e-07,1.4840816460260384e-16,0.12
independent_regularized,2,0.24,6,0.008394121088000426,1.1997016152894923e-06,0.29130015636088447,6.42553595358879e-07,1.4840816460260384e-16,0.24
independent_regularized,2,0.48,6,0.0333507596323112,1.933569089409428e-05,0.29130015636088447,6.42553595358879e-07,1.4840816460260384e-16,0.48
independent_regularized,3,0.015,6,6.192422379436077e-05,1.2580583008777853e-10,0.5505215498971884,4.474252114375945e-06,2.4192672026830966e-16,0.015
independent_regularized,3,0.03,6,0.0002476219560251367,2.0116132764332514e-09,0.5505215498971884,4.474252114375945e-06,2.4192672026830966e-16,0.03
independent_regularized,3,0.06,6,0.0009897553261310522,3.213922791867922e-08,0.5505215498971884,4.474252114375945e-06,2.4192672026830966e-16,0.06
independent_regularized,3,0.12,6,0.003951044405542559,5.123781316253745e-07,0.5505215498971884,4.474252114375945e-06,2.4192672026830966e-16,0.12
independent_regularized,3,0.24,6,0.0157069148738348,8.116219331974891e-06,0.5505215498971884,4.474252114375945e-06,2.4192672026830966e-16,0.24
independent_regularized,3,0.48,6,0.06153265183610511,0.00012584965050387858,0.5505215498971884,4.474252114375945e-06,2.4192672026830966e-16,0.48
independent_regularized,4,0.015,6,4.508091659507132e-05,1.898179662855035e-10,0.39962805744400515,6.730719935413141e-06,3.718298592493059e-16,0.015
independent_regularized,4,0.03,6,0.00018079682637959637,3.0443166224731463e-09,0.39962805744400515,6.730719935413141e-06,3.718298592493059e-16,0.03
independent_regularized,4,0.06,6,0.0007269026210771903,4.8931681616901426e-08,0.39962805744400515,6.730719935413141e-06,3.718298592493059e-16,0.06
independent_regularized,4,0.12,6,0.002936177044672578,7.894635823782147e-07,0.39962805744400515,6.730719935413141e-06,3.718298592493059e-16,0.12
independent_regularized,4,0.24,6,0.011953606298698058,1.2803663376104295e-05,0.39962805744400515,6.730719935413141e-06,3.718298592493059e-16,0.24
independent_regularized,4,0.48,6,0.04913741685343943,0.0002078321567474993,0.39962805744400515,6.730719935413141e-06,3.718298592493059e-16,0.48
independent_regularized,5,0.015,6,5.240556457795291e-05,3.420040507462244e-10,0.4659838810667584,1.2130888956520016e-05,2.8731108919940196e-16,0.015
independent_regularized,5,0.03,6,0.00020952173539616863,5.483434613460617e-09,0.4659838810667584,1.2130888956520016e-05,2.8731108919940196e-16,0.03
independent_regularized,5,0.06,6,0.0008371709282974014,8.808589764328352e-08,0.4659838810667584,1.2130888956520016e-05,2.8731108919940196e-16,0.06
independent_regularized,5,0.12,6,0.0033395652403878104,1.4197699867222075e-06,0.4659838810667584,1.2130888956520016e-05,2.8731108919940196e-16,0.12
independent_regularized,5,0.24,6,0.013256701530453741,2.2995233564062848e-05,0.4659838810667584,1.2130888956520016e-05,2.8731108919940196e-16,0.24
independent_regularized,5,0.48,6,0.051762090123269176,0.00037339643929891074,0.4659838810667584,1.2130888956520016e-05,2.8731108919940196e-16,0.48
independent_regularized,6,0.015,6,2.8760268126411087e-05,4.314822446046968e-11,0.2556142935591237,1.5258988749100518e-06,8.537181232710148e-16,0.015
independent_regularized,6,0.03,6,0.00011504462629694945,6.939250987117759e-10,0.2556142935591237,1.5258988749100518e-06,8.537181232710148e-16,0.03
independent_regularized,6,0.06,6,0.0004601678812367033,1.1216124270565087e-08,0.2556142935591237,1.5258988749100518e-06,8.537181232710148e-16,0.06
independent_regularized,6,0.12,6,0.0018399600365534266,1.8305318247445382e-07,0.2556142935591237,1.5258988749100518e-06,8.537181232710148e-16,0.12
independent_regularized,6,0.24,6,0.00734408607152204,3.0414316085966903e-06,0.2556142935591237,1.5258988749100518e-06,8.537181232710148e-16,0.24
independent_regularized,6,0.48,6,0.029088994475088184,5.205253632333319e-05,0.2556142935591237,1.5258988749100518e-06,8.537181232710148e-16,0.48
independent_regularized,7,0.015,6,4.115310296155476e-05,3.904069883648089e-12,0.36545038165181654,1.3863443260882494e-07,1.9488860941185536e-16,0.015
independent_regularized,7,0.03,6,0.0001647501789526092,6.254061292675487e-11,0.36545038165181654,1.3863443260882494e-07,1.9488860941185536e-16,0.03
independent_regularized,7,0.06,6,0.000660037538424998,1.0029549999915283e-09,0.36545038165181654,1.3863443260882494e-07,1.9488860941185536e-16,0.06
independent_regularized,7,0.12,6,0.002647396825487938,1.611543280882343e-08,0.36545038165181654,1.3863443260882494e-07,1.9488860941185536e-16,0.12
independent_regularized,7,0.24,6,0.01063073066200082,2.5966472085967206e-07,0.36545038165181654,1.3863443260882494e-07,1.9488860941185536e-16,0.24
independent_regularized,7,0.48,6,0.04258256807056615,4.189217099829012e-06,0.36545038165181654,1.3863443260882494e-07,1.9488860941185536e-16,0.48
independent_regularized,8,0.015,6,2.437254111240925e-05,2.991262002727122e-13,0.21670682866156937,1.0636088692092053e-08,6.72386812853567e-17,0.015
independent_regularized,8,0.03,6,9.744683496363994e-05,4.784391749650626e-12,0.21670682866156937,1.0636088692092053e-08,6.72386812853567e-17,0.03
independent_regularized,8,0.06,6,0.0003894275137388883,7.647901874048711e-11,0.21670682866156937,1.0636088692092053e-08,6.72386812853567e-17,0.06
independent_regularized,8,0.12,6,0.0015546218057139352,1.2212182361608135e-09,0.21670682866156937,1.0636088692092053e-08,6.72386812853567e-17,0.12
independent_regularized,8,0.24,6,0.006190468949168057,1.94507192006337e-08,0.21670682866156937,1.0636088692092053e-08,6.72386812853567e-17,0.24
independent_regularized,8,0.48,6,0.024485893331441945,3.077330316880525e-07,0.21670682866156937,1.0636088692092053e-08,6.72386812853567e-17,0.48
independent_regularized,9,0.015,6,4.7654208400815866e-05,1.3441861023703731e-10,0.4234576011884623,4.77800239756207e-06,3.463694006136565e-16,0.015
independent_regularized,9,0.03,6,0.00019065405842581706,2.1505197066864446e-09,0.4234576011884623,4.77800239756207e-06,3.463694006136565e-16,0.03
independent_regularized,9,0.06,6,0.0007628317973748906,3.4398943314160153e-08,0.4234576011884623,4.77800239756207e-06,3.463694006136565e-16,0.06
independent_regularized,9,0.12,6,0.0030517395037046244,5.498433841314889e-07,0.4234576011884623,4.77800239756207e-06,3.463694006136565e-16,0.12
independent_regularized,9,0.24,6,0.012189413226414869,8.764841875370172e-06,0.4234576011884623,4.77800239756207e-06,3.463694006136565e-16,0.24
independent_regularized,9,0.48,6,0.04829103185317911,0.0001382142308542894,0.4234576011884623,4.77800239756207e-06,3.463694006136565e-16,0.48
independent_regularized,10,0.015,6,5.604221928600527e-05,4.324586772756285e-10,0.4981335202496634,1.5420995175205882e-05,3.287536410485623e-16,0.015
independent_regularized,10,0.03,6,0.00022414816248373743,6.897550486089717e-09,0.4981335202496634,1.5420995175205882e-05,3.287536410485623e-16,0.03
independent_regularized,10,0.06,6,0.0008963186326333371,1.0964545438993893e-07,0.4981335202496634,1.5420995175205882e-05,3.287536410485623e-16,0.06
independent_regularized,10,0.12,6,0.0035813563576746286,1.7303026317749872e-06,0.4981335202496634,1.5420995175205882e-05,3.287536410485623e-16,0.12
independent_regularized,10,0.24,6,0.014266729845267053,2.68470486755444e-05,0.4981335202496634,1.5420995175205882e-05,3.287536410485623e-16,0.24
independent_regularized,10,0.48,6,0.0561713659398577,0.00039881889633323637,0.4981335202496634,1.5420995175205882e-05,3.287536410485623e-16,0.48
independent_regularized,11,0.015,6,1.255245202681757e-05,3.1823221793545314e-11,0.11147562703904712,1.1271485868929477e-06,5.012576653571839e-16,0.015
independent_regularized,11,0.03,6,5.02522903514583e-05,5.110408520395968e-10,0.11147562703904712,1.1271485868929477e-06,5.012576653571839e-16,0.03
independent_regularized,11,0.06,6,0.00020134151658167106,8.235198922915991e-09,0.11147562703904712,1.1271485868929477e-06,5.012576653571839e-16,0.06
independent_regularized,11,0.12,6,0.000807904206214401,1.3355358892370128e-07,0.11147562703904712,1.1271485868929477e-06,5.012576653571839e-16,0.12
independent_regularized,11,0.24,6,0.00324997221797504,2.188587573797474e-06,0.11147562703904712,1.1271485868929477e-06,5.012576653571839e-16,0.24
independent_regularized,11,0.48,6,0.013115114823457423,3.628855689988121e-05,0.11147562703904712,1.1271485868929477e-06,5.012576653571839e-16,0.48
independent_regularized,12,0.015,6,2.8698533198156175e-05,1.978886527998592e-11,0.25498909676620385,7.021160860689643e-07,1.4341747066403477e-16,0.015
independent_regularized,12,0.03,6,0.00011483401635217396,3.1722824817552485e-10,0.25498909676620385,7.021160860689643e-07,1.4341747066403477e-16,0.03
independent_regularized,12,0.06,6,0.0004596245488235644,5.094667876185707e-09,0.25498909676620385,7.021160860689643e-07,1.4341747066403477e-16,0.06
independent_regularized,12,0.12,6,0.0018403148620992666,8.209997468964751e-08,0.25498909676620385,7.021160860689643e-07,1.4341747066403477e-16,0.12
independent_regularized,12,0.24,6,0.007367883457194981,1.3307923756716724e-06,0.25498909676620385,7.021160860689643e-07,1.4341747066403477e-16,0.24
independent_regularized,12,0.48,6,0.029396940281821687,2.1738750348956228e-05,0.25498909676620385,7.021160860689643e-07,1.4341747066403477e-16,0.48
independent_regularized,13,0.015,6,2.212009865976332e-05,3.0943692747153e-12,0.1966001557523789,1.1009025582563562e-07,1.1717312074172668e-16,0.015
independent_regularized,13,0.03,6,8.847602505914971e-05,4.945350442986306e-11,0.1966001557523789,1.1009025582563562e-07,1.1717312074172668e-16,0.03
independent_regularized,13,0.06,6,0.0003538571376111083,7.893779251898111e-10,0.1966001557523789,1.1009025582563562e-07,1.1717312074172668e-16,0.06
independent_regularized,13,0.12,6,0.001414861567759564,1.2565034433499782e-08,0.1966001557523789,1.1009025582563562e-07,1.1717312074172668e-16,0.12
independent_regularized,13,0.24,6,0.0056518763018829086,1.9867322369239243e-07,0.1966001557523789,1.1009025582563562e-07,1.1717312074172668e-16,0.24
independent_regularized,13,0.48,6,0.02249919861182075,3.088225044664191e-06,0.1966001557523789,1.1009025582563562e-07,1.1717312074172668e-16,0.48
independent_regularized,14,0.015,6,3.332211765564669e-05,1.7341523034626994e-11,0.2963129626903538,6.166836344204665e-07,1.9875431707381404e-16,0.015
independent_regularized,14,0.03,6,0.00013321761973547242,2.773678089393075e-10,0.2963129626903538,6.166836344204665e-07,1.9875431707381404e-16,0.03
independent_regularized,14,0.06,6,0.0005322574292630395,4.434426203651246e-09,0.2963129626903538,6.166836344204665e-07,1.9875431707381404e-16,0.06
independent_regularized,14,0.12,6,0.0021234020852297546,7.0814655442901e-08,0.2963129626903538,6.166836344204665e-07,1.9875431707381404e-16,0.12
independent_regularized,14,0.24,6,0.008437599363736106,1.1270288603564857e-06,0.2963129626903538,6.166836344204665e-07,1.9875431707381404e-16,0.24
independent_regularized,14,0.48,6,0.03314773475607797,1.7731668900775146e-05,0.2963129626903538,6.166836344204665e-07,1.9875431707381404e-16,0.48
independent_regularized,15,0.015,6,3.246365968590232e-05,1.0624648172727372e-10,0.2887087889839927,3.7809041922631554e-06,1.6539659856433696e-16,0.015
independent_regularized,15,0.03,6,0.00012978267272422574,1.698051524759898e-09,0.2887087889839927,3.7809041922631554e-06,1.6539659856433696e-16,0.03
independent_regularized,15,0.06,6,0.0005185724494058431,2.7103103942100194e-08,0.2887087889839927,3.7809041922631554e-06,1.6539659856433696e-16,0.06
independent_regularized,15,0.12,6,0.0020700799476227973,4.312194308430301e-07,0.2887087889839927,3.7809041922631554e-06,1.6539659856433696e-16,0.12
independent_regularized,15,0.24,6,0.008249964119862379,6.8014853701268806e-06,0.2887087889839927,3.7809041922631554e-06,1.6539659856433696e-16,0.24
independent_regularized,15,0.48,6,0.03278505135027716,0.00010449073768536299,0.2887087889839927,3.7809041922631554e-06,1.6539659856433696e-16,0.48
independent_regularized,16,0.015,6,2.9271318825742328e-05,1.975323043695864e-11,0.2603439666440756,7.025242251675568e-07,9.155186870493676e-17,0.015
independent_regularized,16,0.03,6,0.0001169999745534905,3.158509986633811e-10,0.2603439666440756,7.025242251675568e-07,9.155186870493676e-17,0.03
independent_regularized,16,0.06,6,0.00046728985519641734,5.047471801206924e-09,0.2603439666440756,7.025242251675568e-07,9.155186870493676e-17,0.06
independent_regularized,16,0.12,6,0.001863039418252126,8.05816588377116e-08,0.2603439666440756,7.025242251675568e-07,9.155186870493676e-17,0.12
independent_regularized,16,0.24,6,0.007396246929432199,1.284834379347661e-06,0.2603439666440756,7.025242251675568e-07,9.155186870493676e-17,0.24
independent_regularized,16,0.48,6,0.02902934667467022,2.0486973256857647e-05,0.2603439666440756,7.025242251675568e-07,9.155186870493676e-17,0.48
independent_regularized,17,0.015,6,5.2016953749032053e-05,9.899025794504206e-11,0.46245275100996447,3.5206480114766246e-06,3.06783203374234e-16,0.015
independent_regularized,17,0.03,6,0.00020799843373037587,1.5829457187998132e-09,0.46245275100996447,3.5206480114766246e-06,3.06783203374234e-16,0.03
independent_regularized,17,0.06,6,0.0008313167927474324,2.5295816976667506e-08,0.46245275100996447,3.5206480114766246e-06,3.06783203374234e-16,0.06
independent_regularized,17,0.12,6,0.0033179143842591704,4.0356775117422224e-07,0.46245275100996447,3.5206480114766246e-06,3.06783203374234e-16,0.12
independent_regularized,17,0.24,6,0.013182327690832281,6.409389846100495e-06,0.46245275100996447,3.5206480114766246e-06,3.06783203374234e-16,0.24
independent_regularized,17,0.48,6,0.051546576847807016,0.00010036654823250923,0.46245275100996447,3.5206480114766246e-06,3.06783203374234e-16,0.48
independent_regularized,18,0.015,6,3.446676570621455e-05,3.4483283077239556e-12,0.30611553393424423,1.2253091864022045e-07,6.234236194638832e-17,0.015
independent_regularized,18,0.03,6,0.0001379590166928036,5.518152522850882e-11,0.30611553393424423,1.2253091864022045e-07,6.234236194638832e-17,0.03
independent_regularized,18,0.06,6,0.000552521845845258,8.831320650257788e-10,0.30611553393424423,1.2253091864022045e-07,6.234236194638832e-17,0.06
independent_regularized,18,0.12,6,0.0022147764683969665,1.4135010941023396e-08,0.30611553393424423,1.2253091864022045e-07,6.234236194638832e-17,0.12
independent_regularized,18,0.24,6,0.008883893982294506,2.2615808264992892e-07,0.30611553393424423,1.2253091864022045e-07,6.234236194638832e-17,0.24
independent_regularized,18,0.48,6,0.035532147129014285,3.607378766464726e-06,0.30611553393424423,1.2253091864022045e-07,6.234236194638832e-17,0.48
independent_regularized,19,0.015,6,4.403934629246914e-05,2.3915885630521055e-11,0.39182970133426304,8.51511496117899e-07,1.0838293416937652e-15,0.015
independent_regularized,19,0.03,6,0.00017596635329212144,3.8209776929332316e-10,0.39182970133426304,8.51511496117899e-07,1.0838293416937652e-15,0.03
independent_regularized,19,0.06,6,0.0007022527107653521,6.095240521374711e-09,0.39182970133426304,8.51511496117899e-07,1.0838293416937652e-15,0.06
independent_regularized,19,0.12,6,0.0027947697674150546,9.690530628980308e-08,0.39182970133426304,8.51511496117899e-07,1.0838293416937652e-15,0.12
independent_regularized,19,0.24,6,0.01104413633845732,1.528603476842502e-06,0.39182970133426304,8.51511496117899e-07,1.0838293416937652e-15,0.24
independent_regularized,19,0.48,6,0.0427769025937848,2.3621351783714866e-05,0.39182970133426304,8.51511496117899e-07,1.0838293416937652e-15,0.48
