circuit,center,width,theta_rank,theta_condition_inverse,sv1,sv2,sv3,info_trace,alpha1_signal_to_noise,local_bayes_error
0,1.7,0.5,6,1.6125775062368617e-05,1.5310516688645588e-05,1.997385375344448e-06,2.823188610073602e-09,5.721635461951893e-05,0.00036064710221821964,0.4999280613117003
0,1.7,0.65,6,5.775908761994967e-05,6.710265159244586e-05,1.3268512206004735e-05,2.469389760287062e-08,0.0011229167704047964,0.001625563073767851,0.49967574711590834
0,1.7,0.85,6,0.00020096122645935443,0.00028148255868921495,9.728493961710355e-05,2.3826040261130875e-07,0.021287243301732067,0.007421012822655727,0.498519725507523
0,1.7,1.1,6,0.000581683560383776,0.0009724226787503066,0.0007453947864932812,2.310606572451002e-06,0.3602939022676845,0.03402652268340265,0.49321301814137275
0,1.7,1.45,6,0.0011583492191452815,0.011162504352629539,0.002330390381636432,3.5486248335938665e-05,31.208035686508303,0.30872733584231904,0.43866149952903655
0,1.7,1.9,6,0.005729764166457273,0.06078519976294554,0.005290373038209179,0.0005916902286529884,893.5628770635091,1.5160070929585678,0.2242244298129295
0,1.7,2.8,6,0.06609355830991796,0.2047933257846598,0.09182591691571092,0.0075665862917629135,12103.09404755125,8.743003495857925,6.169743114573346e-06
0,1.7,6.283185307179586,6,0.0768275422339644,1.2102871253585128,0.7264229113908715,0.29686299199479876,499347.0739243838,58.133429980159235,4.731086003358781e-186
0,3.141592653589793,0.5,6,0.00018330123516061881,2.9534113978895287e-05,3.6022644860839165e-07,7.832512097908974e-10,0.00020937447653427297,0.0008333142836705086,0.49983377785450017
0,3.141592653589793,0.65,6,0.0006984511664182392,0.0001394717817752393,2.4261143183909074e-06,1.9201551698851162e-08,0.004669983434626912,0.003953373205728275,0.49921141665255175
0,3.141592653589793,0.85,6,0.0026508344112449937,0.0006753550993777754,1.7867298569753702e-05,3.506632634654753e-07,0.10954172965883278,0.019299637939078875,0.49615033896102534
0,3.141592653589793,1.1,6,0.007716130003175321,0.0030682373060389244,0.00013034919435665876,4.931728506058887e-06,2.263462896140276,0.08883064617235271,0.48228667382281765
0,3.141592653589793,1.45,6,0.014060008123126853,0.016412456382552336,0.0012195614894153783,7.809868408559024e-05,65.00691699362493,0.4843001042482484,0.4043319480017352
0,3.141592653589793,1.9,6,0.015388465040478626,0.09768942782862598,0.012381492550497218,0.0011915245023858116,2327.506895496511,2.893694223921005,0.07396987425461718
0,3.141592653589793,2.8,6,0.0671133085188687,0.1647124887683089,0.11735841301690483,0.01592819714972219,9877.658046368908,3.641852923165189,0.03430901807878766
0,3.141592653589793,6.283185307179586,6,0.07649826280750996,1.2013807820640923,0.6248868678425095,0.3038001565430758,462262.53989533184,58.44472690993562,5.041451768001121e-188
0,4.8,0.5,6,1.5436704188976762e-05,1.6607369311889395e-05,1.969316986102292e-06,4.490321191062839e-09,6.712390680389304e-05,0.00020836911106321561,0.4999584363759088
0,4.8,0.65,6,5.530258588910236e-05,7.492470862931337e-05,1.2691375754326733e-05,3.7908008963036366e-08,0.0013859482604981184,0.0009087844523460847,0.4998187237353319
0,4.8,0.85,6,0.00019319271106251574,0.0003383364887895865,8.628136723447743e-05,3.450267273751055e-07,0.029259881525222242,0.0041709944459477144,0.49916800758519325
0,4.8,1.1,6,0.0005653209057303372,0.0014753106838591387,0.0005226206972692796,3.0452004784438448e-06,0.5879239872885843,0.023604682732898383,0.4952916563297737
0,4.8,1.45,6,0.001153469137138783,0.012654182025719926,0.0021637161038345096,3.8327966437305306e-05,39.55475019625375,0.29455979439604413,0.4414555495744808
0,4.8,1.9,6,0.005314559425371876,0.05900584035737085,0.004108888350988151,0.0007008978107223277,839.7752202003592,1.4317434195076324,0.23703528418082853
0,4.8,2.8,6,0.06471563080652841,0.17595672161570053,0.10135116467918044,0.007128015156112929,9908.072415272942,7.453946737359228,9.689646300614214e-05
0,4.8,6.283185307179586,6,0.07653986842187188,1.206556920432435,0.7424574388880759,0.297986809175371,502996.5094190787,57.96150448501316,5.7516363036530956e-185
1,1.7,0.5,6,1.8899109261429683e-05,5.749267723860498e-06,6.859318093271377e-08,1.4782025285857027e-08,7.934160694407864e-06,0.00025899818197712703,0.4999483373374755
1,1.7,0.65,6,6.508180138601313e-05,2.8950349481962794e-05,4.442249681347532e-07,1.2914555986672466e-07,0.00020120081988617546,0.0013090072311641291,0.4997388908537108
1,1.7,0.85,6,0.0002190124510669663,0.0001550703094199269,3.2044231267128307e-06,1.1415651542768866e-06,0.0057740093669204,0.007051730314448945,0.4985933862282288
1,1.7,1.1,6,0.0006568904443705233,0.000794784701415608,2.337357309412209e-05,8.617166269123275e-06,0.15175279225871835,0.0364367901030835,0.49273231397128686
1,1.7,1.45,6,0.0020203484370698295,0.0042677646366437085,0.00020587672848525922,6.99139294176487e-05,4.382661162874802,0.19828880855888104,0.4605118081121691
1,1.7,1.9,6,0.006188822077043276,0.01571628492226716,0.00152566058756658,0.0004928846472280192,59.89732494283419,0.7417279686097258,0.35536942078099665
1,1.7,2.8,6,0.022618542914640452,0.1365138921346185,0.012957854639000727,0.002818922013209255,4514.854815337028,6.3400871050782275,0.0007620804521544517
1,1.7,6.283185307179586,6,0.024170413737494935,1.5222470809683553,0.32307315377860285,0.18767451037311003,589640.1984127003,67.84881365494921,1.4547205941358893e-252
1,3.141592653589793,0.5,6,3.890816030090658e-05,8.268688155254818e-06,7.729256633909262e-08,2.100452637297344e-08,1.6410628593549784e-05,0.00021989679669901497,0.4999561369353243
1,3.141592653589793,0.65,6,0.00014444764068493818,4.0087236519747436e-05,5.004271263882616e-07,1.6720461849952186e-07,0.00038574357995602686,0.0010875303406078169,0.49978306909364645
1,3.141592653589793,0.85,6,0.000545065233413308,0.000202182024934363,3.4447771365548897e-06,1.3699735979054484e-06,0.009813915485697329,0.005664223387489615,0.49887015241293703
1,3.141592653589793,1.1,6,0.0018764763490947101,0.0009647177051646463,2.2567234041975246e-05,1.0051349927995704e-05,0.2235097344829972,0.02830476910320336,0.4943542039005677
1,3.141592653589793,1.45,6,0.006308006418844182,0.005223229711295834,0.00017432602871362443,8.07196644004272e-05,6.55656812291317,0.16413337477022585,0.4672968416774789
1,3.141592653589793,1.9,6,0.016409440725629037,0.027704819631702023,0.0012985412348400635,0.0005679697480769373,184.69579915162853,0.9453167943286399,0.3182284561279427
1,3.141592653589793,2.8,6,0.025237139876080866,0.2863769329755528,0.018493180129878824,0.006739295133003032,19775.799252165627,11.016725648805215,1.8109315615792633e-08
1,3.141592653589793,6.283185307179586,6,0.024377604862391076,1.4265537339718564,0.345650382903606,0.17435357069782065,524382.9385741284,64.8104015141492,1.1593341582302567e-230
1,4.8,0.5,6,1.992796015590713e-05,4.320577004380936e-06,7.484653120877144e-08,1.8232199738309732e-08,4.48159681611039e-06,0.0001919886464508573,0.49996170380584565
1,4.8,0.65,6,6.982355419006524e-05,2.2026087912926334e-05,5.25073556458318e-07,1.3794082539718635e-07,0.00011650638687815103,0.0009823480578591709,0.49980404992070376
1,4.8,0.85,6,0.0002417067806405856,0.00012010307514015397,4.011304928064051e-06,1.05965384761733e-06,0.0034660709019897966,0.005385939421239696,0.49892566182112563
1,4.8,1.1,6,0.0007536552393308673,0.0006304892546225386,2.8821010604323664e-05,7.42297534591899e-06,0.09561658833833399,0.028492132569337768,0.4943168340637654
1,4.8,1.45,6,0.0023870838196142735,0.003568901736384276,0.00023215142125362155,6.00146046858057e-05,3.0706933533917686,0.1633782196048039,0.46744696926716417
1,4.8,1.9,6,0.006684851188543078,0.01488166920758507,0.001545941943156518,0.0004436431975001202,53.772200203748234,0.6916724029286516,0.3647329085492029
1,4.8,2.8,6,0.02196325559155277,0.13676718421971987,0.01268203555157619,0.003016038467556581,4530.046366358403,6.277733899399313,0.0008480121810822842
1,4.8,6.283185307179586,6,0.024146850428202322,1.5232257189201515,0.32647215329773804,0.18620511317220995,590753.5204392358,67.84018195083662,1.6842902626036147e-252
2,1.7,0.5,6,7.10438812270442e-05,1.879086505869483e-05,7.814530769510104e-07,7.741528560706919e-08,8.489118520608003e-05,0.00042581296768359246,0.4999150626024656
2,1.7,0.65,6,0.0002770281372475169,8.809877224122594e-05,4.8597886533799034e-06,6.06160673342457e-07,0.001868490875262919,0.001930480604317505,0.49961492489251647
2,1.7,0.85,6,0.001146607748692802,0.00041953659013524664,3.125765502776581e-05,4.789219780573749e-06,0.04248262274070033,0.008661523942384902,0.49827228134404267
2,1.7,1.1,6,0.004660309802372177,0.0018288060537571726,0.0001845302393273408,3.230831028397967e-05,0.8111104364156386,0.03424104445854356,0.4931702334698956
2,1.7,1.45,6,0.02152498549566336,0.008490211872727377,0.001203184302037518,0.00019920596515872157,17.657047950006056,0.1347387584950222,0.47314382280516204
2,1.7,1.9,6,0.08348925603258472,0.036076687336516915,0.0071926982041466015,0.0006398850152852447,324.8812150717248,0.5004966069207476,0.4011976662665667
2,1.7,2.8,6,0.11510264026963796,0.24469511549522993,0.10244009604125763,0.029873878613014042,17102.90914741226,6.825355425300299,0.00032163984558175655
2,1.7,6.283185307179586,6,0.11445497517342167,0.9729978598453185,0.8955833018880469,0.3148960200071869,443508.90943215194,45.865815267536036,1.091268313129969e-116
2,3.141592653589793,0.5,6,0.00018907949384202558,2.9336388131641788e-05,5.972648623532683e-07,3.825972220788009e-08,0.0002066356458557948,0.001196618740904357,0.49976130910960714
2,3.141592653589793,0.65,6,0.0006799204682052013,0.0001415773390973098,3.738197749417566e-06,3.1105876527516596e-07,0.0048139713182025244,0.005790105526489742,0.4988450426620954
2,3.141592653589793,0.85,6,0.0023877923211932895,0.0007129906994085148,2.4379839114130402e-05,2.6397596380030667e-06,0.1221496997590129,0.029275185091855623,0.49416065397307096
2,3.141592653589793,1.1,6,0.007016731344754117,0.0034634671371824408,0.000148254131305522,2.0434066796124053e-05,2.884320347730652,0.1428818691421018,0.47152341587149765
2,3.141592653589793,1.45,6,0.016514804714612936,0.020941195988575897,0.0010423719876322733,0.00018039974511764942,105.51666548654069,0.8665777372168852,0.3324024619538426
2,3.141592653589793,1.9,6,0.021895934249682104,0.12062865271364089,0.007499968331073882,0.0015558975060259216,3506.3861274058913,4.954428476900591,0.006620619715360905
2,3.141592653589793,2.8,6,0.08212446487480801,0.1403762859068377,0.07664644677049816,0.013578632819389142,6183.494092028362,5.434255774042912,0.0032925578759145707
2,3.141592653589793,6.283185307179586,6,0.11373975948954848,1.0150050468712402,0.8831668331793973,0.3237053329764451,459600.97031990514,44.1132211417468,4.127034665151328e-108
2,4.8,0.5,6,8.37900065334612e-05,1.6146863960089743e-05,9.81848882326677e-07,6.45201979242728e-08,6.280545739903472e-05,0.000390827804208194,0.4999220411327686
2,4.8,0.65,6,0.0003220882072087487,7.625499620655558e-05,6.081638856424981e-06,5.094737814753474e-07,0.0014044968818821908,0.0017856253450715116,0.4996438193237667
2,4.8,0.85,6,0.0013040716264360833,0.00036768358331705774,3.8851093179148606e-05,4.091023160995765e-06,0.0328121667246217,0.008111610761405008,0.49838197218853286
2,4.8,1.1,6,0.005146100702209612,0.0016346911366870534,0.00022685593945874025,2.849216669838482e-05,0.6538777279665807,0.032600270748190135,0.49349747477171896
2,4.8,1.45,6,0.022838864844521904,0.00785695117849821,0.001447712629327713,0.0001919285354891001,15.327453657877046,0.13003137072006124,0.4740807557831387
2,4.8,1.9,6,0.08595179541286728,0.03525203413539048,0.008254392205015719,0.0007041900432063221,314.7208283937386,0.46192954698797756,0.4086710844206245
2,4.8,2.8,6,0.11538808202651649,0.25379122786010827,0.09486756630793053,0.026438274851996894,17786.117964739373,5.577837448815645,0.002644216742426747
2,4.8,6.283185307179586,6,0.11499436307822276,0.9631974149544523,0.8959603684191298,0.3171755816995938,439462.7019789979,45.36704381820834,3.25797583177491e-114
3,1.7,0.5,6,8.346339136479397e-06,5.0212962582035686e-06,1.3587101581746762e-07,8.772855217001494e-10,6.055650675652395e-06,0.00013564676359317264,0.4999729423854223
3,1.7,0.65,6,2.7130709812582154e-05,2.596748292889268e-05,8.957732638542559e-07,9.796897198415453e-09,0.00016202704209162326,0.0007234048073511161,0.49985570162139736
3,1.7,0.85,6,8.163382714443672e-05,0.00014489986182938413,6.370186759438938e-06,1.1894263218820407e-07,0.005048775212369879,0.004249666486161666,0.4991523148184039
3,1.7,1.1,6,0.00020931015727157005,0.0007414701974977855,4.390638604054201e-05,1.3218219160250318e-06,0.13240981721417372,0.023617677818627263,0.49528906436583614
3,1.7,1.45,6,0.0006435472529462443,0.002743018933130187,0.0003400693772501378,1.7288585864773396e-05,1.8336237465732408,0.10187513848225287,0.479687634214214
3,1.7,1.9,6,0.00260659834700371,0.005989329284192992,0.0013352316749760764,0.00019934559519718754,9.046715416002163,0.25460477829308914,0.4493505347139837
3,1.7,2.8,6,0.010879512764759543,0.07101606796876458,0.00692747753600176,0.001515905201476643,1222.4567576006075,2.757640265455884,0.0839751088717186
3,1.7,6.283185307179586,6,0.011460701448039014,1.4894355043599081,0.21649483043484058,0.10225544335927708,546178.6341478719,65.06211765677642,1.94016066654244e-232
3,3.141592653589793,0.5,6,1.6032816317993343e-05,6.085280091963459e-06,5.7611504579067464e-08,7.54108015283403e-09,8.88816234023917e-06,0.00022916675222481853,0.4999542878467376
3,3.141592653589793,0.65,6,5.775718984662637e-05,2.965170045199916e-05,3.671567675252328e-07,5.995743892699646e-08,0.00021104681728356225,0.0011223127818940312,0.499776131001483
3,3.141592653589793,0.85,6,0.0002086357257673268,0.0001508293081126803,2.4648557227651706e-06,4.901662965791547e-07,0.005461391030995727,0.0057560456496403975,0.4988518365962616
3,3.141592653589793,1.1,6,0.0006826035983246983,0.0007293431408553861,1.5601816115424316e-05,3.581545956031916e-06,0.1277274387000802,0.02816995884636464,0.49438109197617486
3,3.141592653589793,1.45,6,0.0021782157865815896,0.004045697953402036,0.00011524538986191376,2.851114010460477e-05,3.9316239156374193,0.1591423033559778,0.468289170034462
3,3.141592653589793,1.9,6,0.005492099879364545,0.022480150040485345,0.0008311639461232975,0.0001981508996057719,121.46093835049994,0.9045683275930068,0.3255321414515231
3,3.141592653589793,2.8,6,0.011111385667969776,0.26462357739237086,0.012933404471756208,0.002513756724851641,16847.815112649092,11.021065408694504,1.7887466482905685e-08
3,3.141592653589793,6.283185307179586,6,0.011422024665475284,1.394875205916731,0.21512961728962005,0.10864634297943405,480902.78883821424,61.20164818655454,5.967219170740862e-206
3,4.8,0.5,6,8.700800004310395e-06,5.671984730309148e-06,1.6898134377838455e-07,4.370025726978419e-10,7.727991759930367e-06,0.00016850953016415174,0.4999663872119232
3,4.8,0.65,6,2.7412041100685007e-05,2.9959381128729778e-05,1.1043461302344147e-06,6.01749136301431e-09,0.00021570819220849343,0.0009128073960806302,0.49981792127424146
3,4.8,0.85,6,7.636404177347958e-05,0.00017454156753409972,7.783641601603175e-06,8.575770217029711e-08,0.007326084294774333,0.005549317056184601,0.49889307281979
3,4.8,1.1,6,0.00016976905011585104,0.0009429351820967964,5.374022202481908e-05,1.0773611488642139e-06,0.21408382315349772,0.03218540628994579,0.49358021740468455
3,4.8,1.45,6,0.000491416824276038,0.0031037808511938953,0.0004255465664584682,1.5848240673721026e-05,2.3555511886067864,0.12245605972352411,0.4755888035015596
3,4.8,1.9,6,0.0024151748274039413,0.005784134817754516,0.0014482883760394564,0.00020261204846440314,8.542753548555364,0.2547413552534454,0.4493235115274617
3,4.8,2.8,6,0.011330732270351872,0.08039713632639826,0.005505328881729059,0.0014598797067314469,1559.0734618415024,3.199041107208239,0.054852492694946776
3,4.8,6.283185307179586,6,0.011466431813585098,1.487781425521027,0.21435889271612854,0.10262919010434518,544794.2533616011,64.98850293178198,6.427629661257939e-232
4,1.7,0.5,6,4.720008913521555e-05,5.5332436575406985e-06,2.7771188393163525e-07,1.5227042822602937e-08,7.366593870485842e-06,0.00026768314618977085,0.49994660493777643
4,1.7,0.65,6,0.00018120529956860786,2.6282503367185157e-05,1.723702648603007e-06,1.24800328294245e-07,0.0001665016102053222,0.0012746065324365774,0.49974575279887823
4,1.7,0.85,6,0.0007258579968002635,0.0001279818333017898,1.1042845828117594e-05,1.063027169887148e-06,0.003960581790248305,0.00622862116863595,0.4987575718419849
4,1.7,1.1,6,0.0027633819732772124,0.0005785088525348374,6.469040132023662e-05,8.054400205523594e-06,0.08134133132323637,0.0282592896953728,0.49436327482290937
4,1.7,1.45,6,0.011184231462667728,0.0028869908657107794,0.0004147377111007356,6.239287523578579e-05,2.042547959660818,0.14115844245308007,0.47186632411126006
4,1.7,1.9,6,0.038498391414075434,0.014354012705218413,0.0024008514122944354,0.0003149031456637016,50.8562237367928,0.6966935516218453,0.36378988447247473
4,1.7,2.8,6,0.11415532821131966,0.18408192818682728,0.027650904567687096,0.0037027871650208754,8319.465465883444,8.905950916613351,4.234421879485243e-06
4,1.7,6.283185307179586,6,0.12275553853479508,1.4115523739313842,0.6108180173550443,0.15321900027122717,573373.1560130371,60.64142269929098,3.0574036251231528e-202
4,3.141592653589793,0.5,6,1.5110557597123194e-05,4.691741617914532e-06,4.5802471378985e-07,1.601228560288421e-08,5.333395785840905e-06,0.00014659117886601242,0.4999707592904344
4,3.141592653589793,0.65,6,6.0601427125099786e-05,2.1259525632181756e-05,2.520280841039572e-06,1.4199409364291951e-07,0.0001100014579069761,0.0006746847353898273,0.4998654198691083
4,3.141592653589793,0.85,6,0.00026059259071001907,9.742621116587085e-05,1.2846517096917686e-05,1.4304045850096563e-06,0.0023181469634244176,0.003216152624604691,0.49935847064540007
4,3.141592653589793,1.1,6,0.0011034537252520272,0.0004189622657105191,5.086307493065423e-05,1.4963749401465835e-05,0.04280168310644228,0.01491488201831814,0.497024939053428
4,3.141592653589793,1.45,6,0.00535918445942353,0.00212563076913378,0.00024195770917849073,0.00015197251916634343,1.1039868831122237,0.08507956392243692,0.48303419950974874
4,3.141592653589793,1.9,6,0.02468418263158159,0.012223114042275112,0.00209519947739984,0.0006900153979930454,37.024919757606504,0.5360423373698612,0.39434151220512115
4,3.141592653589793,2.8,6,0.11794023018346815,0.2036632000587599,0.034435538041524286,0.008842605499594416,10258.247282497243,9.09160468565245,2.73631881288873e-06
4,3.141592653589793,6.283185307179586,6,0.12403412383793859,1.351889206782373,0.6491982046544917,0.1488672766429926,545093.8085751336,58.45738884188053,4.188958522382069e-188
4,4.8,0.5,6,4.475341217327248e-05,5.099417208882722e-06,3.365375855452675e-07,1.0794282412895446e-08,6.268183183984008e-06,0.0002461627938205648,0.4999508976269656
4,4.8,0.65,6,0.0001707899547362048,2.4376593450015883e-05,2.0678193405756764e-06,9.016811358411868e-08,0.00014364055568191764,0.0011776855572238766,0.4997650857326782
4,4.8,0.85,6,0.0006774769001467888,0.00011992439597635967,1.3028117252969669e-05,7.92418861984073e-07,0.0034925329241051193,0.0057993348336298324,0.4988432016894041
4,4.8,1.1,6,0.0025468160412752345,0.0005499114044990851,7.44498343097194e-05,6.297599675853972e-06,0.0739163976932588,0.02659916760571839,0.494694390118191
4,4.8,1.45,6,0.010217818349556306,0.002796116009387603,0.0004594246861956287,5.3047972594282274e-05,1.927715968232633,0.1348005334994523,0.47313152841895084
4,4.8,1.9,6,0.03574486049622573,0.01408750043689281,0.0025422949796549575,0.0003108490534501843,49.20421426969554,0.6722249085953299,0.36839303352864405
4,4.8,2.8,6,0.11282308299555198,0.17865893886253958,0.02722429410182864,0.0026518171491198466,7840.130582165732,8.536119775687112,9.859019860768146e-06
4,4.8,6.283185307179586,6,0.12271056635216004,1.417712371535213,0.6049760854993642,0.15525225329396175,576001.8466999162,60.63463453413815,3.3891630699820014e-202
5,1.7,0.5,6,4.366142414365448e-05,8.808581073128598e-06,9.924969118731842e-07,2.595458214978324e-09,1.8858277770806524e-05,0.00028536608967892705,0.4999430777009103
5,1.7,0.65,6,0.00016626994813918864,4.298303007495877e-05,6.117042917761524e-06,2.698341565539098e-08,0.0004523903559809441,0.0014090715870503597,0.499718930907159
5,1.7,0.85,6,0.00066713118402892,0.00021809818522697608,3.911385451857161e-05,2.9097352009261387e-07,0.011783231203245538,0.007282400153270519,0.49854737454792986
5,1.7,1.1,6,0.002625229052449378,0.0010408048399903212,0.00023425511917485762,2.7778509971622468e-06,0.2731578941431361,0.03568322882405643,0.49288260326784855
5,1.7,1.45,6,0.011661886227504222,0.00557200659520391,0.0016811819015067038,2.9391007030346856e-05,8.129878539418515,0.1996926356953477,0.4602331677133662
5,1.7,1.9,6,0.038689050211047064,0.029401057235044874,0.012686544369972307,0.0002873286567963843,246.10875176320246,1.1618849079014402,0.28063961921164304
5,1.7,2.8,6,0.06547893857679207,0.15569591734791094,0.04284411413347428,0.008441905919017481,6275.544616856455,6.724477725973264,0.0003865660689927285
5,1.7,6.283185307179586,6,0.07013669735109428,1.1538632318606552,0.9060984011580357,0.28476433593337197,536041.2953857534,45.31301014930586,6.018061777480438e-114
5,3.141592653589793,0.5,6,0.00012245198699238144,2.4536999403755452e-05,5.426450572872463e-07,2.99712357517543e-08,0.0001445663284015359,0.00022404985831076495,0.4999553085193944
5,3.141592653589793,0.65,6,0.0004539017010225592,0.00011634349809698549,3.3711950545438304e-06,2.4455620383745534e-07,0.0032513362351862117,0.0010492950483538752,0.4997906959298999
5,3.141592653589793,0.85,6,0.0016888434436911908,0.0005652052773884199,2.1651487944165226e-05,2.087407087768384e-06,0.07678323594870409,0.005001760353035227,0.49900229419937825
5,3.141592653589793,1.1,6,0.005582833795780665,0.0025474084265381673,0.00012756440598951811,1.6262526740082176e-05,1.5613984413717819,0.022019389089200144,0.49560785608313046
5,3.141592653589793,1.45,6,0.01750692212321323,0.012618111415695807,0.0008274445772239241,0.00014248860603640508,38.381208775233674,0.10711661428789736,0.4786435374425871
5,3.141592653589793,1.9,6,0.04336290174605343,0.060457712952925444,0.004811283683430902,0.0010864095358779466,883.0713100465017,0.5330507548124135,0.3949173088252086
5,3.141592653589793,2.8,6,0.07294452577152796,0.4374622302126584,0.03927593202989292,0.011575534540153209,46331.9507278416,4.721640920545461,0.00911727810746502
5,3.141592653589793,6.283185307179586,6,0.06998491183014956,0.9623210363931144,0.8937840798902671,0.2903829464199073,434216.1633891638,46.0220029366815,1.808632283893478e-117
5,4.8,0.5,6,4.497482254226486e-05,3.3670817858878153e-06,2.6890947862351064e-06,8.490994882396182e-09,4.456450228610017e-06,0.00012476982605979706,0.49997511202054934
5,4.8,0.65,6,0.0001710940238848416,2.0436936416146314e-05,1.3357300862211847e-05,7.114504565925659e-08,0.00014306182032450588,0.0007688683053442966,0.49984663296624643
5,4.8,0.85,6,0.0006862579224280728,0.0001283041267347923,6.935026073620992e-05,6.307799414513518e-07,0.005105233316326195,0.004892709833952216,0.4990240465642074
5,4.8,1.1,6,0.0027091162226120873,0.0007374532371556788,0.00034769961502403564,5.143833400702095e-06,0.15954210199231356,0.028691798240971556,0.49427701059427337
5,4.8,1.45,6,0.012172853049804087,0.0047482540155767555,0.0021084565759096527,4.753007864858232e-05,6.478503464955308,0.19170738785518515,0.4618183860282814
5,4.8,1.9,6,0.03664039608318505,0.03131649731900834,0.012997157229203561,0.0003900377484648683,275.9522951561574,1.3244780924641906,0.2539090169552348
5,4.8,2.8,6,0.06687736197603152,0.15727182158761613,0.03505357289570715,0.00968456516261717,6253.672713751341,6.808535983230361,0.0003317081543461102
5,4.8,6.283185307179586,6,0.07013939754118005,1.1528469834735144,0.905799973465959,0.2846811294349972,535337.5451259117,45.32489312035642,5.258643480384092e-114
6,1.7,0.5,6,0.0001729503746537355,2.7450591812052885e-05,1.258223202952619e-06,1.768255508999592e-08,0.00018122842299195547,0.00016144103385331608,0.49996779717293705
6,1.7,0.65,6,0.0006764702218394604,0.00013051389774559546,7.820645175423363e-06,1.428183703875375e-07,0.00410281449427069,0.0007818020105082488,0.49984405306552426
6,1.7,0.85,6,0.0027546491552915765,0.0006370485938777547,5.023364607305838e-05,1.1966073031379239e-06,0.09800538288682933,0.003960874580485178,0.4992099203477047
6,1.7,1.1,6,0.010375879048803972,0.002892344982103218,0.0002953076799398742,9.027323387383622e-06,2.028707427335202,0.019339754435199717,0.4961423372511425
6,1.7,1.45,6,0.03709224644377653,0.014472532794100318,0.00189031721878426,7.409291483981945e-05,51.127918661753014,0.11299819308596376,0.4774721076157407
6,1.7,1.9,6,0.08170734732641352,0.06896010320553989,0.010398324102050896,0.0004918619045274866,1167.3270975319513,0.6858916398069652,0.36581961019681686
6,1.7,2.8,6,0.10139479578176358,0.4527570218277723,0.04424612326259369,0.010643048314724976,49694.379531732484,5.037670062315838,0.005887190392988813
6,1.7,6.283185307179586,6,0.09877519621620608,1.1070589238907842,0.8304927136851661,0.32411178394756684,484883.0536665712,40.54176850766443,1.1622132148566477e-91
6,3.141592653589793,0.5,6,6.120154105085649e-05,1.0888599067381545e-05,3.395366925550838e-07,1.6077891001713525e-09,2.8482450576182233e-05,0.0004351866450767859,0.4999131928243914
6,3.141592653589793,0.65,6,0.0002329145997604394,5.323462430660448e-05,2.1888308284282456e-06,1.9988090257877896e-08,0.000681291985196293,0.0021351024598262646,0.4995741087587887
6,3.141592653589793,0.85,6,0.0009283048086857385,0.00027072320141582554,1.5090194806783456e-05,2.878026217601552e-07,0.017644523662677457,0.010932490502793112,0.4978192945140339
6,3.141592653589793,1.1,6,0.0035775350813922577,0.001291718373590482,0.00010140481298486147,3.751772971381139e-06,0.40292000845635917,0.05283151172927198,0.48946286358627655
6,3.141592653589793,1.45,6,0.015161695490929383,0.006775355274951485,0.000883749896503423,5.7849363275018365e-05,11.20555188725137,0.2846646702401512,0.44340875339330044
6,3.141592653589793,1.9,6,0.054334723892693684,0.03186868965611114,0.008755537942427111,0.0008363436970349252,262.3133510012103,1.371534057053426,0.24643001554957505
6,3.141592653589793,2.8,6,0.08686663942454274,0.16399067897981673,0.042112115404650145,0.017622851231443505,6954.4651059939515,7.223012918968931,0.00015221175008045141
6,3.141592653589793,6.283185307179586,6,0.0976828644448115,1.3335118827491628,0.838038149152233,0.282344381685627,614467.2553769174,40.84397822774785,5.331644191520041e-93
6,4.8,0.5,6,0.00018176973317536395,2.785163243334174e-05,9.801035057557457e-07,8.189714966169616e-09,0.00018640178379729589,0.0001722567498000377,0.4999656397497526
6,4.8,0.65,6,0.000713657065030919,0.00013219147813455618,6.115341833315873e-06,6.845019272931607e-08,0.004202877355815848,0.0008182680287314021,0.4998367791478728
6,4.8,0.85,6,0.002933126954032602,0.0006433290584305008,3.9549318965154626e-05,6.067768848715621e-07,0.09970483061516884,0.0040134410466792616,0.4991994348755935
6,4.8,1.1,6,0.011320838092481779,0.0029076935106251527,0.0002351747607627041,4.9855007469935645e-06,2.0424032580117886,0.018683624216263853,0.4962732103803945
6,4.8,1.45,6,0.043106112701314155,0.014458340003452448,0.001538021138434596,4.73258258557925e-05,50.73872265875951,0.10256952197464622,0.47954930554752506
6,4.8,1.9,6,0.08889595233647063,0.06893368849202937,0.00876516214732762,0.0004022944427862661,1158.9223961769083,0.607918704954242,0.3805794294283461
6,4.8,2.8,6,0.10130370894475993,0.4725618260464227,0.0436821637339835,0.006897776934061039,54064.89364594658,5.300580011014428,0.004021135253678732
6,4.8,6.283185307179586,6,0.0989691673750069,1.1013213816898433,0.8299057322641376,0.31413334731101494,480079.69682518137,40.54296918846521,1.1481214065440795e-91
7,1.7,0.5,6,2.7581871615252398e-05,4.544096630549261e-06,1.5243867030107243e-07,8.992766466973173e-09,4.961311825397048e-06,0.0001010330289783627,0.4999798468265203
7,1.7,0.65,6,0.00010192429153465878,2.2373631561349687e-05,9.010581420759773e-07,7.558500789529596e-08,0.00012033528194684225,0.0005027027562637714,0.4998997253090819
7,1.7,0.85,6,0.0003837642682233696,0.00011590664000089528,5.3359528037914755e-06,6.728473562446941e-07,0.003231185834924696,0.0026536217802745968,0.4994706791931323
7,1.7,1.1,6,0.0013345890484744588,0.0005773464010747706,2.810013052235954e-05,5.453637084711524e-06,0.08019557431843566,0.013638847936038442,0.4972794645374004
7,1.7,1.45,6,0.00468083095425728,0.003374330166764046,0.00016296612158899748,4.572865946251827e-05,2.73954075393981,0.08442234757234073,0.4831651775536639
7,1.7,1.9,6,0.013118905353650765,0.020255618283235712,0.001051425189769208,0.00022456937079860936,98.7470396083524,0.5541245433016025,0.39086614551518745
7,1.7,2.8,6,0.02533783960007919,0.2752800764599222,0.01771525899018615,0.0020656913222852026,18263.33231460215,8.989056728614656,3.486215481646577e-06
7,1.7,6.283185307179586,6,0.023505869640189588,1.3540595213637145,0.3801379587014658,0.12230515338561371,478305.7453406705,59.68166293246252,5.772647973433953e-196
7,3.141592653589793,0.5,6,1.2232575550381882e-05,2.2901716260567778e-06,3.7308324461101904e-07,1.8170047884963683e-08,1.2922577603628414e-06,3.0419905134071817e-05,0.49999393210683835
7,3.141592653589793,0.65,6,4.1339382961119764e-05,1.2618039681356449e-05,2.4756092581581474e-06,1.4043599349680555e-07,3.9687189328232096e-05,0.00017537652888035616,0.4999650174438646
7,3.141592653589793,0.85,6,0.00013390028960609586,8.347499829388661e-05,1.7717904753373908e-05,1.1006222746815193e-06,0.0017479706060173265,0.001195846161932341,0.499761463216788
7,3.141592653589793,1.1,6,0.0004011853856465957,0.0006812580688708787,0.00012150386399584835,7.707580957411013e-06,0.11494443652123573,0.01048759351885672,0.4979080373500936
7,3.141592653589793,1.45,6,0.0006708277170148185,0.003160485913591255,0.0007532389659104709,6.330663763462215e-05,2.534411491234374,0.10628054691828866,0.47881007159385053
7,3.141592653589793,1.9,6,0.00218638110221809,0.00719503475585115,0.0014164115179080112,0.0006013699030920518,12.992734196715224,0.3029141765503293,0.43980757943479254
7,3.141592653589793,2.8,6,0.01915822645212041,0.052707004088443955,0.010555612795762673,0.0019422135381014461,694.3731443762161,2.0527923452354098,0.15235244069224407
7,3.141592653589793,6.283185307179586,6,0.02320195881334689,1.477496254897971,0.41572387239134057,0.11428065440898934,568531.581428575,63.18350544543307,2.3961929848835575e-219
7,4.8,0.5,6,3.081546733998242e-05,5.006064381176109e-06,1.4608867142892944e-07,7.2936127347884815e-09,6.019698164444815e-06,0.00010352757190146413,0.49997934923719983
7,4.8,0.65,6,0.00011331395897320607,2.453928088020538e-05,8.634271489094663e-07,6.114159196085572e-08,0.00014470213220480513,0.0005141938132038908,0.49989743317492596
7,4.8,0.85,6,0.00042377620292968895,0.00012617606947236344,5.0896175223290056e-06,5.44358452321067e-07,0.0038271842496342954,0.0027053448356452385,0.49946036194556237
7,4.8,1.1,6,0.001462639769938043,0.0006213228652121373,2.62366204103232e-05,4.475273048250632e-06,0.09282011787715955,0.013827640407656945,0.49724180677564095
7,4.8,1.45,6,0.005082968700623325,0.0035652988417681727,0.00013974673881103972,4.0179022992603294e-05,3.0557998406425044,0.0847673925099838,0.4830964125869109
7,4.8,1.9,6,0.013990164017316845,0.020913289717059323,0.0008025989720426031,0.0002099544670719159,105.13294386667836,0.5495502149528982,0.39174451179440223
7,4.8,2.8,6,0.025473408397912265,0.2757473214139311,0.014599641498147223,0.002836496647932231,18301.867322895836,8.810479834981349,5.2833431369379125e-06
7,4.8,6.283185307179586,6,0.023573642520841855,1.3553885868163018,0.37592226775723553,0.12413885509993366,478513.4947231576,59.694548660175386,4.761840837726126e-196
8,1.7,0.5,6,2.7310218418526796e-05,3.7689006043883304e-06,7.904785912397968e-08,1.0790261287341331e-09,3.410606758581166e-06,0.00017605247702518414,0.49996488261171795
8,1.7,0.65,6,9.521502844439596e-05,1.817865347907469e-05,4.958926260761952e-07,8.66355915387735e-09,7.937026244787079e-05,0.0008512373066392498,0.49983020272898976
8,1.7,0.85,6,0.0003145039660692771,9.066807280441073e-05,3.235978206810502e-06,7.039422258055028e-08,0.001975482224728187,0.004263235376838882,0.4991496082224388
8,1.7,1.1,6,0.0008837102398495865,0.0004232515512420607,1.9517744761917125e-05,4.79405902724611e-07,0.04308553147666119,0.020029546356436626,0.49600475033507163
8,1.7,1.45,6,0.002373140992516854,0.0022026912779234864,0.0001317225278306,2.6698102144335973e-06,1.1686096363355678,0.10535242629771048,0.47899494593173353
8,1.7,1.9,6,0.005672522687290517,0.011480040444926287,0.0008395375349761014,1.4126366794111499e-05,31.79912434656381,0.5564870476823154,0.39041271312207926
8,1.7,2.8,6,0.015195759365867022,0.1692065262454985,0.014442488834974848,0.0009587919712274584,6921.684789566649,8.288496808766348,1.7046501514565976e-05
8,1.7,6.283185307179586,6,0.017186471761945103,1.3553767422498104,0.3061805175004282,0.03808020058534204,463738.25385723816,63.34769110367513,1.7807779504552953e-220
8,3.141592653589793,0.5,6,1.2418045592741429e-05,3.0253010777082894e-06,3.8512712092372705e-08,1.818599300972636e-09,2.1969439552989755e-06,0.00014321472716720955,0.4999714327951028
8,3.141592653589793,0.65,6,4.644394561867263e-05,1.4757679809292847e-05,2.4369990713635e-07,1.4718812539495972e-08,5.228369271402975e-05,0.0007004738948594007,0.49986027567636815
8,3.141592653589793,0.85,6,0.00017930698406322263,7.508566715562835e-05,1.6142638148794014e-06,1.2572652612758068e-07,0.0013537149760870098,0.0035788528990137723,0.4992861225126013
8,3.141592653589793,1.1,6,0.0006546482817281753,0.0003618752845072326,9.977725049124985e-06,1.0106057574045225e-06,0.031453031486002404,0.017347468389275377,0.4965397240890561
8,3.141592653589793,1.45,6,0.002536359229391967,0.0019816912362206757,7.036414149445703e-05,9.886252740167973e-06,0.9437157614676779,0.0957412724573514,0.48090967072311
8,3.141592653589793,1.9,6,0.008116809310685105,0.010832499557837398,0.0004729280895825872,9.453339139045582e-05,28.218154610532345,0.5271283263932122,0.3960578879665559
8,3.141592653589793,2.8,6,0.01768897755608043,0.1545504749849651,0.007561483192794699,0.001828327072830482,5747.128350249237,7.500373306331216,8.835149512843812e-05
8,3.141592653589793,6.283185307179586,6,0.01737625440156833,1.3677954728637474,0.3146041321341434,0.03953995626394617,473136.8696841107,64.1644288071078,3.903138379792464e-226
8,4.8,0.5,6,2.2593941373985984e-05,3.805506492750234e-06,9.355624690467375e-08,3.3028280583180027e-10,3.477751811228594e-06,0.00018042723433892436,0.49996400997389195
8,4.8,0.65,6,7.720192644194263e-05,1.841873703256082e-05,5.850086051902343e-07,3.2889093663275185e-09,8.150210874232769e-05,0.0008750003645426775,0.4998254626851766
8,4.8,0.85,6,0.0002556621099250653,9.241879059432432e-05,3.7990436304594083e-06,3.3140794651035736e-08,0.0020533600045766335,0.0044050154870863304,0.499121327248602
8,4.8,1.1,6,0.0007466002407028063,0.0004354664112741816,2.277510295568169e-05,2.793783341534145e-07,0.04563594689157844,0.02086098157705297,0.4958389116702858
8,4.8,1.45,6,0.0021266035712196795,0.002297667645233031,0.00015254739558486015,2.1925222254697554e-06,1.272612509520992,0.11096198168913851,0.47787763686506135
8,4.8,1.9,6,0.005339385784200173,0.012094390851218592,0.000959538267644156,1.642250221165008e-05,35.326865627446175,0.5896156122155093,0.3840703514583799
8,4.8,2.8,6,0.015015038138187282,0.17561977421889552,0.015457229656245046,0.00086912203557508,7459.67674042907,8.597915806972118,8.580152965371802e-06
8,4.8,6.283185307179586,6,0.01716468279074054,1.3495998644580611,0.30728957773479887,0.038694153585675434,460162.53990032634,63.11365079233546,7.226759352120945e-219
9,1.7,0.5,6,0.00015997978009062893,3.634112944054974e-05,1.4124437785930196e-06,1.0760213196417387e-08,0.00031744147253391956,0.0006119521215109313,0.49987793321447865
9,1.7,0.65,6,0.0006365904729102313,0.00017127997404248066,8.94354605137998e-06,8.88431332461348e-08,0.007060037860096399,0.00290564208495776,0.4994204084641879
9,1.7,0.85,6,0.0026659206367526697,0.0008238490791238596,5.926726318865697e-05,7.75635651353219e-07,0.16373772366474443,0.014177578642805689,0.49717200590774485
9,1.7,1.1,6,0.010456135309550944,0.0036601061136040634,0.00036530822205758473,6.284502527930469e-06,3.2471679251800176,0.06468248679343332,0.4870999594600077
9,1.7,1.45,6,0.04282950812800857,0.0177837486629931,0.0025180993497522994,5.9040520271906866e-05,77.42544639042379,0.3320880918334839,0.43406114381475586
9,1.7,1.9,6,0.1381394118553706,0.08382166067576771,0.01515036507734242,0.0004906238381482542,1741.402817321006,1.7131021275177134,0.1958465202843302
9,1.7,2.8,6,0.17580012963016692,0.5249544252340255,0.0874554202618996,0.004697312421746515,67979.43932399014,11.784949662426413,1.9022702914207718e-09
9,1.7,6.283185307179586,6,0.1516252711427684,1.084997176874312,0.835621208878271,0.38758423787195145,486168.7727998059,45.80989200292487,2.0738496957294623e-116
9,3.141592653589793,0.5,6,0.00013388111211004727,4.7029599360350914e-05,6.435853260493103e-07,7.887134929507539e-09,0.0005309273952657414,0.0017162622177635193,0.4996576552605558
9,3.141592653589793,0.65,6,0.000520656111320544,0.0002199738597867134,4.17485180047286e-06,6.991951543464226e-08,0.011617423983782208,0.008063119841935857,0.49839164464844926
9,3.141592653589793,0.85,6,0.0021264812760844833,0.001043876089752373,2.8974506612746187e-05,6.680131812272106e-07,0.261724142167624,0.038559011090349114,0.49230906654822104
9,3.141592653589793,1.1,6,0.008245398206091395,0.0045367097167867895,0.00019459310517556044,5.964133419487376e-06,4.948712904445676,0.16967272101634326,0.4661957431111645
9,3.141592653589793,1.45,6,0.03174097404789488,0.021262307458794438,0.0016195855369394586,6.332351405869127e-05,109.13106855628843,0.8123963362514346,0.34229849998341
9,3.141592653589793,1.9,6,0.07458050357938877,0.0946761757138369,0.014414572047833918,0.0006728543175580251,2201.234608332521,3.7027172219202646,0.03205898963716856
9,3.141592653589793,2.8,6,0.12255933846506879,0.17408262577036562,0.1641516204302959,0.022733441254748743,13864.157864707253,6.831351718947209,0.0003181196605780393
9,3.141592653589793,6.283185307179586,6,0.14960657452366607,1.2704181218034178,0.802726747997283,0.3521420006505355,571760.741946955,46.02636303726675,1.7199737310257764e-117
9,4.8,0.5,6,0.0001324069001843201,3.5809139785744505e-05,1.8106080422256557e-06,2.307269607778902e-08,0.000308537598246448,0.0006132591567874163,0.499877672498674
9,4.8,0.65,6,0.0005254952699325062,0.00016890253162789353,1.1412253610950837e-05,1.8467596474318216e-07,0.006878001318721005,0.002927327243266432,0.49941608290553374
9,4.8,0.85,6,0.0021963394343174894,0.0008138014758748861,7.497321273297566e-05,1.5268012851203941e-06,0.16029507741259466,0.01441372896692211,0.4971249019366819
9,4.8,1.1,6,0.00868579705832712,0.0036287226483508986,0.0004548722106105451,1.1341616816319457e-05,3.2099197005389977,0.06668215047655444,0.4867012993254907
9,4.8,1.45,6,0.0372648125564677,0.017774492071278937,0.0030351480391642106,9.213568152021114e-05,78.03676343889823,0.34934216044070227,0.4306690465153899
9,4.8,1.9,6,0.1290869645312658,0.08439615373021941,0.0172909895070378,0.0006248940758994328,1781.2990980464192,1.819539000896503,0.18147204124165284
9,4.8,2.8,6,0.17601340019099834,0.514990683093015,0.08880740739475027,0.0076105009765337515,65558.41896141628,11.601744219188866,3.2985451258680678e-09
9,4.8,6.283185307179586,6,0.1517558495821435,1.0867599435105488,0.8359783851860915,0.38947062674235333,487582.65705899464,45.588405095278105,2.6171621104308554e-115
10,1.7,0.5,6,9.159223423816122e-05,1.0514564340883321e-05,2.6653324797553506e-07,6.996406955553787e-09,2.655051652813483e-05,0.0005029448087466555,0.49989967702659865
10,1.7,0.65,6,0.0003375213499351232,5.0490504856672966e-05,1.6343645220673351e-06,5.376355769332883e-08,0.0006124716284622826,0.0024183126240731115,0.49951761654105986
10,1.7,0.85,6,0.001259123017761692,0.0002502962101746486,1.0255293483018376e-05,4.104343895782444e-07,0.01506084775886468,0.012011876716063245,0.49760399166002595
10,1.7,1.1,6,0.004234830729261313,0.001156322797005746,5.805062687872012e-05,2.6038561586204065e-06,0.3217101758935437,0.05562712274300412,0.4889054248686289
10,1.7,1.45,6,0.011526339634213414,0.0057129914736817125,0.0003452689538105545,1.44369762231602e-05,7.8618457572258835,0.27555040199234043,0.44520904208052375
10,1.7,1.9,6,0.017568014746471607,0.022084160972219633,0.0015739981924548306,0.00016853167968662876,117.65184938011629,1.0660986161443162,0.29699972409463926
10,1.7,2.8,6,0.03921496580835887,0.1402700876887464,0.007618493974741101,0.004328099491328485,4740.593135006066,6.6823691977607425,0.00041710868953226935
10,1.7,6.283185307179586,6,0.04568345388871973,1.3765881762602068,0.517936434678597,0.18478773438268958,527375.9193996639,60.58831393587272,6.843063506506799e-202
10,3.141592653589793,0.5,6,6.358033063184498e-05,8.706942878153074e-06,4.549781048772943e-07,2.6481552735570817e-09,1.8244287929295512e-05,0.00020962342367424473,0.4999581861767435
10,3.141592653589793,0.65,6,0.0002346618982241597,4.203417719406845e-05,2.7809107550906262e-06,2.035280226030899e-08,0.00042590542349920394,0.0010169673180375936,0.4997971443782658
10,3.141592653589793,0.85,6,0.0008751696492882572,0.00021036231685772218,1.738673452451214e-05,1.5687849406151413e-07,0.01069311060048875,0.005132607475294469,0.49897619405848354
10,3.141592653589793,1.1,6,0.0029465346497192907,0.000990322379615173,9.84828279653449e-05,1.0688073631945929e-06,0.23770522207677358,0.02449635899849397,0.49511380550955003
10,3.141592653589793,1.45,6,0.009444858974750309,0.00522426266787011,0.0006040494672946686,9.7746716768804e-06,6.637894014251205,0.1326365046329522,0.47356222598318315
10,3.141592653589793,1.9,6,0.02280612083422239,0.0265459020129648,0.003387128128973644,0.00013764782366800724,171.88235941616966,0.7075972178040998,0.3617449080451279
10,3.141592653589793,2.8,6,0.04428906838835689,0.25263941187305206,0.03869702589788861,0.0037223580785459313,15681.117166696416,7.7858364005547465,4.952277812088581e-05
10,3.141592653589793,6.283185307179586,6,0.0455001293886806,1.3074848311340914,0.5205607683976754,0.17677620486513937,482819.9817232904,59.15706299752381,1.4112106393411586e-192
10,4.8,0.5,6,7.659059317442861e-05,1.0812444017086857e-05,2.0377571938061245e-07,6.278098268624489e-09,2.8068122299431436e-05,0.0005116280180782639,0.4998979449769884
10,4.8,0.65,6,0.00027538654029536506,5.183760792200226e-05,1.254212817288573e-06,4.720044828132838e-08,0.0006452910894596641,0.0024583309404850383,0.4995096340477888
10,4.8,0.85,6,0.000987197937549127,0.00025618547247452167,7.923822715417697e-06,3.441335780780642e-07,0.01576653640832132,0.012191363748347176,0.4975681898324567
10,4.8,1.1,6,0.003173670208233415,0.0011761196441859461,4.5382646511328305e-05,1.975731798803596e-06,0.33247701733454155,0.056229609839441815,0.488785293061453
10,4.8,1.45,6,0.009768086485733383,0.005694192371742597,0.00027589470405985154,1.1299008686138178e-05,7.8000173572169125,0.27389097916512684,0.4455369410209015
10,4.8,1.9,6,0.018538875945868755,0.02049052595745063,0.0012974920686079393,0.00030037421556386104,101.1924874441042,0.9907951891010468,0.31015974617901687
10,4.8,2.8,6,0.040401115583613284,0.12621959033909866,0.008685037425985757,0.004835467442856067,3847.2471854043793,6.029316938527941,0.0012863438704629002
10,4.8,6.283185307179586,6,0.045664576430585156,1.3753558543248867,0.5240552314168467,0.18296991561286932,527931.7443889162,60.27972721610492,7.282283146389118e-200
11,1.7,0.5,6,5.769524656134797e-07,2.8878404286732347e-06,1.3716347042522612e-08,2.3380071647910963e-09,2.001555827023993e-06,8.978298224647337e-05,0.4999820908861667
11,1.7,0.65,6,2.1861229202921483e-06,1.38577764105672e-05,7.908441421090013e-08,1.903116709446988e-08,4.6090700058039554e-05,0.00043589459297092517,0.4999130516092211
11,1.7,0.85,6,8.565290361779637e-06,6.926437956569735e-05,4.7126599091633265e-07,1.5159977611095868e-07,0.0011514718441793526,0.0022205212206574095,0.49955707019127393
11,1.7,1.1,6,3.157470971570115e-05,0.0003323208691528425,2.7593495263576748e-06,9.199483740951728e-07,0.02650694889343687,0.010944210311625263,0.4978169567853664
11,1.7,1.45,6,0.00012252839472165508,0.0019021005597013696,1.9314936666628325e-05,4.4166633884596926e-06,0.8684109870984447,0.06498296293721526,0.4870400546239472
11,1.7,1.9,6,0.00042148773433756635,0.011900018925548159,0.00014831621921628042,8.79048938244151e-06,33.99180609647773,0.42148220390689034,0.41654465003008134
11,1.7,2.8,6,0.001186401235860092,0.22844220301868925,0.004418960036395599,0.00014187390797272472,12529.292989449854,8.42302692710135,1.2683271612942612e-05
11,1.7,6.283185307179586,6,0.0012830306100277554,1.4641445802007376,0.19750979448052683,0.002447000907349429,523856.5100304899,59.01111302771119,1.22159532525551e-191
11,3.141592653589793,0.5,6,2.8311861931784634e-06,7.966282616850333e-07,8.044094567055969e-08,1.8476100938417188e-10,1.5386096812615737e-07,3.058521276598656e-05,0.4999938991327365
11,3.141592653589793,0.65,6,9.73563270541423e-06,3.874468544811797e-06,5.091887962671333e-07,1.5093305134377448e-09,3.6649876831340688e-06,0.00014984740322469337,0.4999701097676506
11,3.141592653589793,0.85,6,3.266492514849206e-05,1.9634728884815516e-05,3.3805342583307516e-06,1.2882834587853843e-08,9.526818149265208e-05,0.0007689418818939821,0.4998466182898493
11,3.141592653589793,1.1,6,9.644810456920771e-05,9.426751391023763e-05,2.1055449666778508e-05,1.0007989924696643e-07,0.002239129477313597,0.0037649659037744276,0.49924899840191667
11,3.141592653589793,1.45,6,0.0002696063200716157,0.0005150446172383804,0.0001521093323531582,8.727965134027638e-07,0.06921815244213769,0.021273388251729464,0.4957566530045037
11,3.141592653589793,1.9,6,0.0006132482222671157,0.002796459581560946,0.0010832407497337534,6.793184071670888e-06,2.1584742865290236,0.12137246774776167,0.4758045476252874
11,3.141592653589793,2.8,6,0.0012200102646124492,0.035478175833179214,0.019397768930422287,0.00010406722495061822,392.39645517968324,1.6928983123748749,0.1986511130687364
11,3.141592653589793,6.283185307179586,6,0.0012819670952066281,1.603432768708111,0.1872691214019615,0.0025872685430922194,625457.5347734725,63.44875645515228,3.5830109408463857e-221
11,4.8,0.5,6,5.748932490616769e-07,2.555758633710124e-06,7.583434286121183e-09,4.86896408527448e-09,1.567676018176962e-06,7.906015595495165e-05,0.49998422978055135
11,4.8,0.65,6,2.1753694891377734e-06,1.230751240207721e-05,5.679479334579995e-08,2.980861004527078e-08,3.635495417497641e-05,0.00038586042215771246,0.49992303198211135
11,4.8,0.85,6,8.516950147761896e-06,6.204204305842693e-05,4.4795419502225855e-07,1.721384115690846e-07,0.0009238668963497462,0.001986423072349515,0.49960376598998285
11,4.8,1.1,6,3.141104804005005e-05,0.0003027389055405252,2.9462245203656614e-06,8.693178632055587e-07,0.021998467411283213,0.009968279445856413,0.4980116241655214
11,4.8,1.45,6,0.00012190201913216466,0.0017852670946055362,1.7253050401156497e-05,4.395453938110683e-06,0.7649989408427422,0.06088894485202057,0.48785628870570646
11,4.8,1.9,6,0.0004168468654949658,0.011543305469480153,0.00010132831214126898,8.69753318271054e-06,31.981978616557264,0.4065472647323433,0.41946058180273604
11,4.8,2.8,6,0.0011843434386255625,0.228074921931187,0.0037340953965622654,0.00017139418598429755,12487.714285995518,8.342966536803436,1.513116405706238e-05
11,4.8,6.283185307179586,6,0.0012834119789706816,1.4622204014793156,0.1946243952128644,0.0024627216540904343,522233.57345093996,58.86668912547307,1.0284613676208423e-190
12,1.7,0.5,6,1.1738025528031447e-05,3.0148903807215378e-06,9.465836723869424e-08,9.8235939672856e-10,2.1836460430285293e-06,0.00014500451262323055,0.4999710757845581
12,1.7,0.65,6,3.666347600144594e-05,1.4582417209691813e-05,5.943541079005944e-07,8.157916835794834e-09,5.112005160832833e-05,0.0007020448594933848,0.49985996231428065
12,1.7,0.85,6,0.00010561040752513221,7.26795466668211e-05,3.874032450109053e-06,7.134295715475338e-08,0.0012713591330247983,0.0035045372513033027,0.49930094631634103
12,1.7,1.1,6,0.0002627681634078632,0.0003339238125103153,2.3088461204486633e-05,5.716735690972158e-07,0.02688924393909237,0.016137732540165817,0.4967810230194395
12,1.7,1.45,6,0.0006451784376335377,0.0016325470955069002,0.00014545958092678063,5.14787256952824e-06,0.6447348022376166,0.07911660758101227,0.4842226350772439
12,1.7,1.9,6,0.001563666365186372,0.007712969862154198,0.0007175680185415789,3.659291580915182e-05,14.40147527933281,0.37247933473755385,0.4261284090118502
12,1.7,2.8,6,0.00496016485126113,0.12325647193624169,0.007902551640185008,0.00027665506822314805,3661.1243363093035,5.742112007323597,0.002045515194272534
12,1.7,6.283185307179586,6,0.005652865998913221,1.4663667380416618,0.15506503523065887,0.04192155624773837,522248.1581914227,61.05547845641775,5.583793704975527e-205
12,3.141592653589793,0.5,6,5.4339379340405385e-06,3.3262193321195564e-06,1.5964070200390465e-08,2.946352601383967e-09,2.6553596586952523e-06,0.0001509020943286739,0.49996989938721415
12,3.141592653589793,0.65,6,1.977187181500254e-05,1.6376933333343063e-05,1.071226359171337e-07,2.2288578921156317e-08,6.437182018671342e-05,0.0007431353542306551,0.49985176594697905
12,3.141592653589793,0.85,6,7.279819511473591e-05,8.465540158857065e-05,7.718634514978148e-07,1.686480475020336e-07,0.0017201186960337249,0.003841610257006955,0.4992337100930315
12,3.141592653589793,1.1,6,0.0002467921208474216,0.0004180735733288057,5.284383425039357e-06,1.1021334589839281e-06,0.04195551650934252,0.01896017632924444,0.49621804865791747
12,3.141592653589793,1.45,6,0.000851520801038407,0.002376890576882463,4.2045061315550525e-05,7.222367800938527e-06,1.3563429034200785,0.10748909421282501,0.47856934530437584
12,3.141592653589793,1.9,6,0.0024782918273190645,0.013437399062449663,0.0003122546793930958,3.386122594979584e-05,43.3589623514277,0.6028157153379619,0.3815517516017659
12,3.141592653589793,2.8,6,0.005729693761977931,0.18473507456883337,0.004900772839841436,0.00010283376596394216,8196.258222039258,8.055178921468846,2.8175814293335377e-05
12,3.141592653589793,6.283185307179586,6,0.005684894070559727,1.4307240342393108,0.1624900284034331,0.04202764624196455,498033.7426870072,59.85789169331363,4.13499304137886e-197
12,4.8,0.5,6,9.073774318056938e-06,3.0840400038619687e-06,1.0211200389384796e-07,3.0534751362224294e-10,2.2852151279993406e-06,0.0001491942038489919,0.4999702400620745
12,4.8,0.65,6,2.917913700392006e-05,1.498221003093785e-05,6.385397841977314e-07,3.0683070823488087e-09,5.396984637159513e-05,0.0007249820016432943,0.49985538701667426
12,4.8,0.85,6,8.921677688254311e-05,7.534047646541567e-05,4.137113662015905e-06,3.233718869299219e-08,0.001366392995803695,0.003647042060359243,0.4992725207650327
12,4.8,1.1,6,0.0002390878267505684,0.00035224005592287617,2.4502210895164085e-05,3.0486887981436803e-07,0.029921641987280617,0.017055972740341575,0.49659786690786967
12,4.8,1.45,6,0.0006312905721790429,0.001782494217678372,0.00015469892383671488,3.204285522435137e-06,0.7682946385293067,0.08623114809283719,0.48280470227501354
12,4.8,1.9,6,0.001591007387195415,0.008689467115209428,0.000788693039567953,2.696544600498872e-05,18.271104622139337,0.41682990178381885,0.41745249175568766
12,4.8,2.8,6,0.005026802941681133,0.1337214051566013,0.008389889399906975,0.00022459593858086205,4308.445172288212,6.168034227336204,0.001021129236258939
12,4.8,6.283185307179586,6,0.005652339894815593,1.4596248038620399,0.15588801193378626,0.04206849296403041,517578.0956194155,60.814689543058904,2.1962788610794698e-203
13,1.7,0.5,6,1.115591745842871e-06,1.3784921607386876e-06,3.6928074470617376e-09,3.035706262014045e-10,4.5606104788799563e-07,5.836971971120566e-05,0.4999883569254577
13,1.7,0.65,6,4.089765839460723e-06,6.748043215392664e-06,2.3269832832147447e-08,2.4487734849455985e-09,1.092879233242046e-05,0.00028592771210038696,0.49994296567344665
13,1.7,0.85,6,1.5245035685943394e-05,3.459350209539996e-05,1.5342840720188616e-07,2.0535767990746292e-08,0.00028721624381240274,0.0014674828588391268,0.49970727954718797
13,1.7,1.1,6,5.2643763473875474e-05,0.00016934204915004054,9.472600406873628e-07,1.5651071186063495e-07,0.006882636337805365,0.007196510243232346,0.49856450699397686
13,1.7,1.45,6,0.00018714809821537585,0.0009609611682812737,6.778239399518105e-06,1.3484736953176095e-06,0.22163859116524184,0.04096251423322396,0.4918297317976659
13,1.7,1.9,6,0.0005716489835174539,0.005598576949772946,4.817107195640258e-05,1.076207878581518e-05,7.523160032890119,0.2397336065640453,0.4522943309851493
13,1.7,2.8,6,0.0017723376467002395,0.08678688392943147,0.000908302734740049,0.00020937029648392233,1807.879697270303,3.7521029526450755,0.030324105888523762
13,1.7,6.283185307179586,6,0.001955368710314857,0.5771106734183027,0.046007261644237275,0.007019415870451325,80453.44072715771,25.498913630317183,1.569624722246533e-37
13,3.141592653589793,0.5,6,1.283631835441446e-06,8.940198982001782e-07,1.18478514841051e-08,2.676875924883167e-11,1.918588681630111e-07,3.984557507496751e-05,0.49999205195770835
13,3.141592653589793,0.65,6,4.638532286208793e-06,4.392609090751164e-06,7.430536103010338e-08,2.1032157113917243e-10,4.632128629215059e-06,0.0001957854049064081,0.49996094646211103
13,3.141592653589793,0.85,6,1.6917941711931167e-05,2.2663381892949494e-05,4.856701032216564e-07,1.6804607626644508e-09,0.00012332754170370786,0.0010102274410631715,0.499798488789038
13,3.141592653589793,1.1,6,5.6822469285126756e-05,0.00011210009889576265,2.953008687644973e-06,1.1742080568985382e-08,0.0030180366169501264,0.004997392560593898,0.49900316544519446
13,3.141592653589793,1.45,6,0.00019563309548864923,0.0006481675369792846,2.0500303374561936e-05,8.339495804314711e-08,0.10092994209287047,0.02889722178044612,0.49423603877320743
13,3.141592653589793,1.9,6,0.0005851578742448433,0.003892356629215036,0.00013819773456751094,4.0747306177016473e-07,3.64068933812835,0.1735090297072969,0.4654333215669491
13,3.141592653589793,2.8,6,0.0018355429594505476,0.06485472012699903,0.0023103531730473015,8.89665869094731e-06,1010.7534080846684,2.8870762333727304,0.07443447154906763
13,3.141592653589793,6.283185307179586,6,0.0019610356912303853,0.5915805148783077,0.04912314677224762,0.007415115704933878,84584.53753761812,26.100532315238578,3.16628919583863e-39
13,4.8,0.5,6,1.1011803872118483e-06,1.3331639768679807e-06,2.915541510892229e-09,3.719956059314514e-10,4.265603587155557e-07,5.646660438157261e-05,0.49998873654204223
13,4.8,0.65,6,4.037069489277392e-06,6.527217316845263e-06,1.8344715009539412e-08,3.0034734595010818e-09,1.0225178748179106e-05,0.0002766437550424877,0.49994481755492826
13,4.8,0.85,6,1.5049504206203269e-05,3.34707626854772e-05,1.206879362790228e-07,2.5222079779166247e-08,0.00026887371755491315,0.0014201722690928426,0.4997167166420089
13,4.8,1.1,6,5.197271979151003e-05,0.00016391759273245459,7.4322170039247e-07,1.9253117776983664e-07,0.0064486959969487665,0.006967114123053717,0.49861026461274566
13,4.8,1.45,6,0.00018477272443510507,0.0009308784824615434,5.310314109159769e-06,1.660242273354887e-06,0.20797576918806,0.03968270174902102,0.492084965570028
13,4.8,1.9,6,0.0005643386199086712,0.005429486557903394,3.791186639298282e-05,1.3212141939262955e-05,7.075424676662801,0.23247910302569727,0.4537313458092376
13,4.8,2.8,6,0.0017527345894800593,0.08437406425291268,0.000733925279333615,0.0002540672695133575,1708.7006196114523,3.6471348324261603,0.03410874818590484
13,4.8,6.283185307179586,6,0.001951986873894148,0.5785505247407172,0.04600647045707506,0.007015457892470494,80852.7651962683,25.569860685270022,9.952052981184524e-38
14,1.7,0.5,6,3.382753277800729e-05,1.7825189418332818e-05,2.437445136205593e-06,5.556445926985472e-08,7.768358496014172e-05,0.000696149402811023,0.4998611382876752
14,1.7,0.65,6,0.0001401802099658171,8.299062943672203e-05,1.4813221067510565e-05,4.401667318901001e-07,0.0017056967614680273,0.003133577320053972,0.4993749420147966
14,1.7,0.85,6,0.000638045026552162,0.00039547389992561935,9.093810428018184e-05,3.5685261991132145e-06,0.039523698890804586,0.014163871470461878,0.49717474002441076
14,1.7,1.1,6,0.002944667345792632,0.0017644153878302224,0.0004928684293288083,2.5569541606561932e-05,0.8056163402157818,0.05928200091862421,0.4881766830145884
14,1.7,1.45,6,0.01410766798337059,0.00880326546655198,0.0027238062331687496,0.00019204843775534982,20.388836609491165,0.28286278617968047,0.4437645777105423
14,1.7,1.9,6,0.050343603139274315,0.04228095727401545,0.012029790944847504,0.001114785651644422,464.0731116559121,1.4253481901772025,0.23802372499087282
14,1.7,2.8,6,0.08053693970354703,0.28256624148697773,0.03827692073015727,0.010052636432205213,19538.366157095483,11.598623269100488,3.3293843701442555e-09
14,1.7,6.283185307179586,6,0.08276553096003281,0.9866422279204844,0.9508017067763644,0.224293434228773,462670.6358790916,46.48156293040038,8.81592382110258e-120
14,3.141592653589793,0.5,6,2.3277660625188675e-05,6.775661742034609e-06,4.1162080212982766e-06,6.085924387415895e-08,1.5085551447512806e-05,0.0001953211425229525,0.4999610390690576
14,3.141592653589793,0.65,6,8.153699628714855e-05,4.589584072252541e-05,1.9664208397385947e-05,5.436572600750118e-07,0.0005984171641775227,0.0012258134040764527,0.4997554856179244
14,3.141592653589793,0.85,6,0.0002650679937306963,0.00041202310990613196,8.50022398543438e-05,5.303182007888596e-06,0.042483971427932324,0.00982387042007635,0.4980404292459222
14,3.141592653589793,1.1,6,0.0005749556775273372,0.005529207057669936,0.0003085301565143266,4.823186486850258e-05,7.360715485645074,0.11869900293476872,0.476336867050628
14,3.141592653589793,1.45,6,0.0036530468072613538,0.03590206661207255,0.0012120088927737474,0.00042793536461264596,309.7465155000344,0.7468373319798527,0.354418434573431
14,3.141592653589793,1.9,6,0.029373817424676013,0.08246695891857259,0.00720402588472427,0.001581208346257483,1645.2474052943014,2.074688285960707,0.1497877500527352
14,3.141592653589793,2.8,6,0.07367968305623179,0.23960896274860044,0.08634345754098614,0.03298553424309369,15829.366358134697,10.860093591594024,2.8169638483536458e-08
14,3.141592653589793,6.283185307179586,6,0.08185940560534337,1.0727437465651877,0.919749473729477,0.22439430350903306,491297.0504802408,50.56517449145238,2.4825255064119274e-141
14,4.8,0.5,6,2.1741525951340196e-05,2.3032808144277185e-05,2.2309649357683955e-06,7.074211253614408e-08,0.0001285181904005269,0.0006983467257841722,0.499860699985183
14,4.8,0.65,6,9.267868508577387e-05,0.00010566588660382551,1.333384667522443e-05,5.615944243955544e-07,0.00272241274733482,0.0030307727752285785,0.49939544853021745
14,4.8,0.85,6,0.0004401457892564218,0.0004926742364397016,7.993382754178217e-05,4.568593333558592e-06,0.05979316609967276,0.01306097710688214,0.4973947305223111
14,4.8,1.1,6,0.0021548025612932145,0.0021287229332595803,0.00042238905042592923,3.287939710316137e-05,1.1306291739021257,0.05233918643976445,0.48956103433405995
14,4.8,1.45,6,0.011642040902082349,0.010049108098806417,0.002294848543220323,0.0002475251137269732,25.514921303938248,0.24710183541021644,0.4508354283057797
14,4.8,1.9,6,0.04872387245378019,0.04506021215159616,0.010212195507603244,0.001406867626470349,512.8058238601864,1.3160259877847844,0.2552648908266648
14,4.8,2.8,6,0.0811524647277769,0.2975475974313009,0.042319950566351495,0.0075732784594660105,21691.897319928612,12.377585246652055,3.0313389194467616e-10
14,4.8,6.283185307179586,6,0.08280058642380546,0.9775193909918525,0.9630425161573992,0.22556877848417145,464130.3171644875,47.26937696925564,8.481313901466008e-124
15,1.7,0.5,6,1.430575165794698e-05,5.3827555547139605e-06,3.1709443191748054e-07,6.556957152726669e-09,6.977915816218599e-06,6.654259089464615e-05,0.4999867266735248
15,1.7,0.65,6,4.585121018871784e-05,3.2396508529589104e-05,1.6605052011793026e-06,5.866516983011465e-08,0.0002525506761679282,0.00041289279762379713,0.4999176398034624
15,1.7,0.85,6,0.00012649617232590022,0.0002498315338860073,8.078354072034233e-06,5.63833387202888e-07,0.014995529528744852,0.0032057238944389293,0.49936055087341613
15,1.7,1.1,6,0.0002024389292342601,0.0030269093211904223,3.191014152101346e-05,4.902853635675143e-06,2.1991733601156307,0.03812000003379248,0.4923966204954424
15,1.7,1.45,6,0.0017401812166199472,0.008469854573819264,0.00012860425113327435,3.6437774209347426e-05,17.221512783947034,0.10852543403203943,0.4783629266397716
15,1.7,1.9,6,0.01855708216031536,0.01667476261703201,0.0008817097361978295,0.00012289031953649726,66.92165338173842,0.27704213406014483,0.44491431051478164
15,1.7,2.8,6,0.12481003415490309,0.0820825238516929,0.014336661279175258,0.006522793139159564,1676.5505781201127,3.148011637969031,0.05774305208623939
15,1.7,6.283185307179586,6,0.13349662807460785,1.4797850629892817,0.45939520835725267,0.20629265499636146,586407.4679071786,63.66116030958426,1.2221646455454867e-222
15,3.141592653589793,0.5,6,0.0001300119040092497,1.596392152978323e-05,7.871533473090347e-07,4.8198901952659445e-09,6.13119418158235e-05,0.0005026136836006908,0.499899743076507
15,3.141592653589793,0.65,6,0.00048356991476625167,8.118288880936917e-05,4.955480457524395e-06,3.860101692039649e-08,0.0015876527308890747,0.002567438104534331,0.49948787033455316
15,3.141592653589793,0.85,6,0.0017569264934440346,0.0004519163378217728,3.252225623085632e-05,3.221365455837284e-07,0.049268682555010115,0.014384069243666153,0.49713081804217374
15,3.141592653589793,1.1,6,0.004754952808264321,0.0026548194325375957,0.00019809045407760188,2.4879082576023414e-06,1.7009549368952186,0.08512996059732159,0.4830241559246504
15,3.141592653589793,1.45,6,0.00672659323036535,0.022200540042627788,0.00136932010286367,2.3330379365704766e-05,118.73749440840665,0.7169393550396197,0.35999592801065217
15,3.141592653589793,1.9,6,0.013771939327475427,0.04615446963704054,0.007311282977535946,0.00023499229129363676,524.0988354314572,1.4787155125767817,0.2298448933205947
15,3.141592653589793,2.8,6,0.1256281367323538,0.16953806603618488,0.055208507948457955,0.005906761233266835,7638.2460032283725,4.603419509318819,0.010675772864156337
15,3.141592653589793,6.283185307179586,6,0.13257101379194056,1.3924132760308614,0.3907915108834513,0.20490384622759594,512044.39738666295,62.05065690483457,1.2277376670129435e-211
15,4.8,0.5,6,1.4278820465469959e-05,3.657286069866833e-06,4.533003617067921e-07,6.6058053906445605e-09,3.2595039003432847e-06,6.754467101128842e-05,0.49998652678746147
15,4.8,0.65,6,4.5850066030729824e-05,2.479363904377309e-05,2.060690383670566e-06,6.023324536572046e-08,0.00014855390638418613,0.0004047456010138435,0.4999192649340256
15,4.8,0.85,6,0.0001270167000150754,0.000213121042709388,8.591365556981005e-06,6.038851771099394e-07,0.010918741220394624,0.0030607562713504195,0.4993894676949942
15,4.8,1.1,6,0.00020137524533899294,0.002829898949166978,2.867086046207521e-05,5.741064920152951e-06,1.9222039297349802,0.03662744571805403,0.4926942900222511
15,4.8,1.45,6,0.001714199266033531,0.008413322256103736,0.00010722131401315491,4.389658414710929e-05,16.991379529278948,0.10731068363729222,0.47860488179033456
15,4.8,1.9,6,0.018635779808961018,0.0165785528648106,0.0009811024958099126,0.00010410912206099838,66.19723581789611,0.2779140375655799,0.44474205674824563
15,4.8,2.8,6,0.12697278897730074,0.0815492258464712,0.01608307121869556,0.005524415996951261,1665.4705411420248,3.163482609496132,0.05685431961849481
15,4.8,6.283185307179586,6,0.13312350612943216,1.4803047523669253,0.45895456728240863,0.20623810188654867,586674.146251021,63.6844836978645,8.428144240744358e-223
16,1.7,0.5,6,4.866506260580236e-05,7.72259101142337e-06,4.6636161148018554e-07,2.0915020218679256e-08,1.4365522204908034e-05,0.0002905322625241242,0.499942047198533
16,1.7,0.65,6,0.0001800420512608846,3.775507558344124e-05,2.7885339570482655e-06,1.5851952811592215e-07,0.00034397922777162394,0.0014474365135376845,0.4997112782134804
16,1.7,0.85,6,0.0006759428907017975,0.00019354809494446124,1.676509185592902e-05,1.177311251790001e-06,0.009058396661604363,0.00763544504156765,0.4984769527713564
16,1.7,1.1,6,0.002304201943742893,0.0009502603710348931,8.891692269598907e-05,7.037812860894026e-06,0.21862812545063087,0.038904483440455086,0.49224016770574436
16,1.7,1.45,6,0.007512245527315555,0.005381439379181673,0.0004804583248979598,3.0459709823688733e-05,7.005997869046446,0.23088148115957807,0.45404789424300246
16,1.7,1.9,6,0.019230162263839227,0.028328298690351455,0.002113892154316873,0.0003032107604197446,193.6927160388203,1.271609363179594,0.2624518678481376
16,1.7,2.8,6,0.052154962214511005,0.21302367451554918,0.020124566196626156,0.005829578799296485,10996.336333844696,10.186220195592266,1.761185056861092e-07
16,1.7,6.283185307179586,6,0.0508971250310052,1.340526341182879,0.594568133332489,0.14861747916737184,521426.2300064882,60.19077597356983,2.7838446785963898e-199
16,3.141592653589793,0.5,6,5.106812558845805e-05,4.792348470631934e-06,7.652104811404627e-07,2.1477226312447012e-08,5.652626931759726e-06,0.00017102729209030239,0.4999658849910829
16,3.141592653589793,0.65,6,0.0002063874073845821,2.427155626055398e-05,4.603154226363499e-06,1.6593449936529004e-07,0.00014647800153576117,0.0008909051096009042,0.49982229014785434
16,3.141592653589793,0.85,6,0.0009028417923183547,0.0001314110800323847,2.8089884307627967e-05,1.2957358692398492e-06,0.004334302196912778,0.005022409649618425,0.4989981752735784
16,3.141592653589793,1.1,6,0.0038588573932929033,0.0006941028403588797,0.00015420582742671813,8.879981176827538e-06,0.1213528906253578,0.027869372237396637,0.49444104444585174
16,3.141592653589793,1.45,6,0.014011492970023867,0.004326892296680635,0.0009104764382017645,6.478927909246509e-05,4.693238866147226,0.18433823243500663,0.4632818376295499
16,3.141592653589793,1.9,6,0.024304666563066412,0.025048971029103802,0.004855265064960866,0.000413879431166113,156.28700271634884,1.1316549767775783,0.28575552907222423
16,3.141592653589793,2.8,6,0.04668323065741224,0.21747826838115472,0.03815639747893317,0.00427834744672553,11705.04291444259,10.616742079727125,5.5304650942413806e-08
16,3.141592653589793,6.283185307179586,6,0.05041011343367499,1.3340482197316594,0.6100455079587227,0.13459193804754646,520789.2393929328,60.407895319513784,1.051047354110609e-200
16,4.8,0.5,6,4.494146085549696e-05,7.457535589963936e-06,3.681567125145939e-07,2.6051300499674214e-08,1.3380253226593447e-05,0.0002492171732784448,0.4999502883664172
16,4.8,0.65,6,0.00016872273832579577,3.6326686753552617e-05,2.1966872311465926e-06,1.9544260985938247e-07,0.00031787803274303187,0.0012543431323754897,0.49974979476158493
16,4.8,0.85,6,0.000649038464599718,0.00018531254915980216,1.315974380897273e-05,1.4172504324478769e-06,0.008283822799682438,0.006720494063494017,0.4986594579091781
16,4.8,1.1,6,0.0022939895903144364,0.0009055193723677395,6.946324784529684e-05,7.948512386509722e-06,0.19796487729207374,0.034954358457214646,0.4930279692019139
16,4.8,1.45,6,0.00790339709598417,0.005124784998456193,0.00037508856278944047,2.630030689132649e-05,6.337153059955121,0.21341952141909928,0.4575096194493681
16,4.8,1.9,6,0.02142485970709237,0.027511154873039328,0.0017100800057055238,0.0005470785728477102,182.42095464939322,1.2266432470844255,0.26983184914875413
16,4.8,2.8,6,0.05411643360478532,0.22176463165946134,0.025181943276674956,0.005889065911081907,11963.607172692315,10.664950978426571,4.8441424986534965e-08
16,4.8,6.283185307179586,6,0.05095018786484398,1.335868034065784,0.5997526858884973,0.14906760766331015,519952.2816776907,60.27749373283764,7.531838890395697e-200
17,1.7,0.5,6,6.789652915481799e-05,1.3892566237606369e-05,3.363252070985341e-06,1.954699198411459e-08,4.903565837859917e-05,0.0004017192391144515,0.49991986860587206
17,1.7,0.65,6,0.00026231375232175103,6.402701299972559e-05,2.1056410787295492e-05,2.0932629762690054e-07,0.0010902899151382182,0.0018664798849638805,0.4996276911832275
17,1.7,0.85,6,0.0010463192674902385,0.00029644198050141237,0.00013736811150684119,2.4276221189750216e-06,0.025620897410809976,0.008867711717679019,0.4982311532283546
17,1.7,1.1,6,0.0038404556401197385,0.0012752032234314935,0.0008119287366848429,2.6488306932650595e-05,0.54865755957813,0.04048696953017947,0.4919245695784252
17,1.7,1.45,6,0.01359417695518105,0.008388854693552139,0.0037714823537225214,0.0003659490934973324,20.33541142872087,0.25113573208730317,0.450037000378472
17,1.7,1.9,6,0.02753871032692582,0.11148557381493387,0.009117371085296023,0.005250727502315872,3009.535143277353,2.8908810379606753,0.07416709454365654
17,1.7,2.8,6,0.11867203812585378,0.44379961397965995,0.17237175353366727,0.04229430336410747,54830.14245163719,17.21267376170585,3.7716181986624445e-18
17,1.7,6.283185307179586,6,0.13783100744835264,1.2723939841485965,0.7652400239231386,0.32345744067301124,554208.8306491582,50.52300737817009,4.233091872445449e-141
17,3.141592653589793,0.5,6,5.5276363310416796e-05,1.7596882752365328e-05,2.7661176421415078e-06,8.795993873215393e-08,7.615426232675533e-05,0.0008289119553031931,0.4998346559918833
17,3.141592653589793,0.65,6,0.00021505462336837363,8.261544244705876e-05,1.7206854848623892e-05,7.538800275153577e-07,0.0017092693247041863,0.003922629325200274,0.49921754915756705
17,3.141592653589793,0.85,6,0.0008724299649461283,0.00040033887490437966,0.00010971124598551025,6.9896652765758376e-06,0.041365590642258296,0.019114370485360146,0.49618729276713414
17,3.141592653589793,1.1,6,0.0033123381324021975,0.0019139865716886195,0.000609169724804028,6.182640201368051e-05,0.9691811650099506,0.08852836923548163,0.4823469101062203
17,3.141592653589793,1.45,6,0.012455359749315302,0.013565187247985,0.0029290071967460864,0.0006662899328738469,46.32895932147222,0.5106030227299477,0.39924511635723503
17,3.141592653589793,1.9,6,0.028247201045497494,0.1591398808804116,0.008246695049623227,0.006521966084098808,6104.650969794048,4.211483148420105,0.017613403203357032
17,3.141592653589793,2.8,6,0.12893713950433214,0.43440292896172517,0.1361615457968917,0.04247278875556251,50171.95416695983,15.816663209013074,1.30430598136642e-15
17,3.141592653589793,6.283185307179586,6,0.13925491399870804,1.28429283925567,0.7970887444052538,0.31384009310729344,571981.0001910069,52.599638635103894,9.634303321916676e-153
17,4.8,0.5,6,6.231121244633718e-05,1.501360908162602e-05,3.0565445634303273e-06,6.547557105155375e-08,5.634125024988558e-05,0.0006574903055621184,0.4998688496614409
17,4.8,0.65,6,0.00024194919162730014,6.855558491177948e-05,1.936015358624084e-05,5.755602430966047e-07,0.0012180036093773934,0.0030632190056547803,0.4993889764511502
17,4.8,0.85,6,0.0009724857986906245,0.00031228400936988315,0.00012903594997571254,5.55014526830051e-06,0.02740857192162314,0.01452294286963762,0.4971031174850165
17,4.8,1.1,6,0.0036008191715839336,0.0013186276162748041,0.0007867333709503719,5.194173240298152e-05,0.5665022714242873,0.06445711338896708,0.48714489152716217
17,4.8,1.45,6,0.012784121150091745,0.009323624151635906,0.0035649676470423707,0.0006167154194496886,24.004631892963406,0.353773969379977,0.4297985810624479
17,4.8,1.9,6,0.026519360084035357,0.13826402575840044,0.008821782288608585,0.0066284572010833894,4617.288265568117,3.431974895044651,0.043082169946858484
17,4.8,2.8,6,0.12145819685908198,0.46031091885855385,0.15834509966632787,0.038291941094779666,57222.14048677236,17.703567884466135,4.3065659838011947e-19
17,4.8,6.283185307179586,6,0.13771686942206432,1.2705656712950093,0.7800805401769864,0.32150230115490397,558294.3609321731,51.18785561970822,8.912489738304533e-145
18,1.7,0.5,6,2.366880793120218e-05,6.174563364039308e-06,1.2804240117083035e-07,3.1329464055738644e-09,9.153992978012925e-06,0.0002734672658150115,0.4999454511728503
18,1.7,0.65,6,8.735878915038959e-05,3.040616371602661e-05,7.683803009767539e-07,2.8067817072676888e-08,0.00022203023712362338,0.0013485176867842153,0.4997310096598179
18,1.7,0.85,6,0.000321475979759626,0.00015720917646632704,4.696214974959787e-06,2.738059951332597e-07,0.005936845096808342,0.006987975215027826,0.4986061034522677
18,1.7,1.1,6,0.0010416577539421588,0.0007761225345824293,2.6404536741408995e-05,2.4887121318845616e-06,0.1447366996644619,0.034618564408532726,0.49309494029263523
18,1.7,1.45,6,0.0031266562480467682,0.004384317607591055,0.00017697882271169887,2.4649515382325125e-05,4.621000796767189,0.1967860076659521,0.46081011492865404
18,1.7,1.9,6,0.007402692297076676,0.02358522425946832,0.0013649045731169763,0.0001779889586296569,133.95778750380543,1.0702308313405038,0.296285025374291
18,1.7,2.8,6,0.01671555002538138,0.22062264936988527,0.025266237829027316,0.001537767760525167,11835.624220489346,10.265525166404894,1.4275998899375822e-07
18,1.7,6.283185307179586,6,0.017056192849389754,1.3260951765375002,0.5315323907064327,0.02335285802787252,489984.1093402054,61.74126496478457,1.4807060877873747e-209
18,3.141592653589793,0.5,6,3.03055050931782e-05,5.4701616657464934e-06,2.3784291680794238e-07,5.445197516225104e-09,7.195024212636996e-06,0.0001775282285428041,0.4999645882418813
18,3.141592653589793,0.65,6,0.00010586237218682659,2.7265965180258945e-05,1.5298432764733932e-06,4.3135568594184505e-08,0.0001789860332013461,0.000887421271544212,0.49982298507293516
18,3.141592653589793,0.85,6,0.00035543035490420753,0.00014393004862396066,1.0483045441792505e-05,3.4976526786479494e-07,0.004998210113849514,0.004699663944076007,0.499062553537233
18,3.141592653589793,1.1,6,0.0010047543975099922,0.0007323464410542205,6.905140610723986e-05,2.5206727393966306e-06,0.12986538244829496,0.023935218960988294,0.49522572854795505
18,3.141592653589793,1.45,6,0.002465172040342116,0.004234861926036963,0.0005481404046781083,1.9904910354141393e-05,4.376378313910651,0.13710825949281233,0.4726722660386074
18,3.141592653589793,1.9,6,0.005185957631998297,0.019873839980475042,0.004081817936212897,0.0001534486842819609,98.79703193583009,0.6342623906534622,0.37557202759148756
18,3.141592653589793,2.8,6,0.016125222182276213,0.16842744684066452,0.03181619416872317,0.0026350603576935036,7052.884464896509,6.676225323547071,0.00042174770700871
18,3.141592653589793,6.283185307179586,6,0.01708081399888682,1.2703674460971868,0.6081004537911904,0.023215840064381772,476198.0604562645,60.69285898184496,1.4001746887095461e-202
18,4.8,0.5,6,2.2386498649994616e-05,5.988274781427115e-06,9.87794193596342e-08,7.627642213578625e-09,8.608620098997774e-06,0.0002618855622831463,0.49994776138843855
18,4.8,0.65,6,8.3108142564479e-05,2.9547880851281354e-05,5.98091640128527e-07,6.40322242137055e-08,0.0002096253783689397,0.0012942718567603348,0.49974183013502194
18,4.8,0.85,6,0.0003087544275791585,0.00015328135806413068,3.7186767287111387e-06,5.678552191724413e-07,0.0056422381790752416,0.006730250739253591,0.49865751174494305
18,4.8,1.1,6,0.0010162864101327489,0.0007605747529669423,2.155546415013714e-05,4.558071681859608e-06,0.13895024853669843,0.03350554794757331,0.4933169227563027
18,4.8,1.45,6,0.0031441668866895945,0.00433411909555608,0.00015206496186559503,3.8248924976359453e-05,4.514202016164694,0.1919530180605323,0.4617696147486765
18,4.8,1.9,6,0.007765365581130624,0.023680660807246852,0.001216191221812164,0.00023745250816734916,134.95420825188597,1.0585503555119533,0.29830728611864643
18,4.8,2.8,6,0.017113995350176044,0.22415718444435045,0.023341072778073485,0.001754000434515535,12190.638128153796,10.275776497888229,1.3892150823962932e-07
18,4.8,6.283185307179586,6,0.017068216634332452,1.3232930143658106,0.5328274880949594,0.023224800364373285,488531.7420698166,61.422741654864055,2.0063883343814633e-207
19,1.7,0.5,6,7.5778254521373e-07,5.117417511306556e-06,1.2240555111595543e-07,1.6617531970174561e-09,6.28870748769472e-06,0.00024596949254873494,0.49995093618499037
19,1.7,0.65,6,3.870470643191213e-06,1.7059115570117557e-05,5.684564903136345e-07,1.2742977912493552e-08,6.992081500787832e-05,0.0008178546961022025,0.4998368615957967
19,1.7,0.85,6,2.1481253505045643e-05,5.527339986204252e-05,2.120374708823995e-06,8.849785229551681e-08,0.0007343166127403816,0.00265811241436332,0.4994697834420202
19,1.7,1.1,6,0.00011332542609772353,0.00017034191390336297,9.11292469865233e-06,2.314299573789229e-07,0.006983871981275808,0.008279704841902404,0.4983484425521643
19,1.7,1.45,6,0.0006454068468797828,0.0006520660187313873,8.11643468691726e-05,4.962521294476914e-06,0.10363256894507987,0.03091421623705728,0.49383375158202447
19,1.7,1.9,6,0.003074737522092894,0.0034086737636507274,0.00030611570624408137,7.890814686731357e-05,2.8125576355805184,0.14058075012188673,0.4719812715742438
19,1.7,2.8,6,0.0148035911800114,0.056699707634443104,0.010358781587030722,0.0012636652197940683,797.7019323808438,2.0687594046061335,0.15047934481751074
19,1.7,6.283185307179586,6,0.017294111798074267,1.4271155989157238,0.21046953722649664,0.11813802216488306,502779.1082519883,63.84040330702998,7.002500868348883e-224
19,3.141592653589793,0.5,6,1.8813036373325312e-05,4.565250804900825e-06,8.229293407222022e-08,1.0584412556561567e-09,5.003589158146496e-06,0.00018214706378559659,0.4999636669175527
19,3.141592653589793,0.65,6,6.798270319659206e-05,2.2327776700643476e-05,5.121502988034387e-07,8.050339815025041e-09,0.00011971007403127997,0.0008925668158395431,0.4998219586854492
19,3.141592653589793,0.85,6,0.0002474683397710868,0.00011426854171687733,3.308512718035556e-06,6.115112533537814e-08,0.003136379909272144,0.004583113690600242,0.4990858018865777
19,3.141592653589793,1.1,6,0.0008250569479298397,0.000557554679339425,1.9809170429385797e-05,4.1228266369629566e-07,0.07470235047921223,0.02248026414904667,0.4955159304983573
19,3.141592653589793,1.45,6,0.002776013394059414,0.003137659624339191,0.0001346109076733211,3.6897819169555483e-06,2.36712999099926,0.12766487144189667,0.4745518254721126
19,3.141592653589793,1.9,6,0.007672032658446625,0.017844173591593956,0.0008773816280209318,4.5619306002381506e-05,76.6047385942099,0.7360102879053981,0.3564346993109925
19,3.141592653589793,2.8,6,0.017121195846815332,0.24056441945326884,0.012394202666939316,0.0015427040983823745,13926.536664617426,10.19837962837391,1.7055517849986542e-07
19,3.141592653589793,6.283185307179586,6,0.017448990615494837,1.2959150425120278,0.21897888817385844,0.11366995193740728,417664.418123583,58.5775378294223,7.208675941243438e-189
19,4.8,0.5,6,1.4026867910064118e-06,3.423573922076027e-06,1.295742641105358e-07,1.513310197852212e-09,2.8170360431871768e-06,0.00016588434728378082,0.4999669108601438
19,4.8,0.65,6,5.959626972991262e-06,1.3861708906483171e-05,6.663101134780305e-07,1.0942053396738872e-08,4.622185504894333e-05,0.0006702423305869941,0.4998663060006095
19,4.8,0.85,6,2.7935595614773715e-05,5.3378691700564233e-05,3.0790061564495737e-06,6.97890966080791e-08,0.0006861047705024028,0.002582375309231618,0.49948489079577013
19,4.8,1.1,6,0.0001313863067659376,0.00018168396507654293,1.1789386466611329e-05,1.8138258609490608e-07,0.007955540567720671,0.008836379025764361,0.49823740313491915
19,4.8,1.45,6,0.0007051485436349747,0.0006940987758115152,6.711026423047386e-05,4.66912198589596e-06,0.11671168772357933,0.03296724835196666,0.49342428316449144
19,4.8,1.9,6,0.003308927062775003,0.0033417579115529463,0.0003437775621334289,6.87688750303623e-05,2.7096619463582527,0.13648530317889768,0.4727962375145584
19,4.8,2.8,6,0.015272823446900757,0.05147355413185931,0.011932569582996233,0.0012101775422323627,670.4106051605331,1.7216883508060203,0.19466193557232303
19,4.8,6.283185307179586,6,0.017318320615060997,1.4258957480540517,0.20849862798186866,0.11909806391195954,501800.3306439654,63.8285651643979,8.4602004969316295e-224
20,1.7,0.5,6,5.351370367930299e-05,1.2379911217201103e-05,4.547801903988042e-07,6.040793536061982e-09,3.683257518205138e-05,0.00039786357144865677,0.4999206377002823
20,1.7,0.65,6,0.0001953979607176021,5.898463270095717e-05,2.830980358771077e-06,5.048647125572314e-08,0.0008369289344501647,0.0019298340666051837,0.49961505385807103
20,1.7,0.85,6,0.0007175413472248688,0.00028749505859386687,1.8221290379855585e-05,4.4884252430970154e-07,0.0199165501436663,0.009683536738240434,0.49806842143256014
20,1.7,1.1,6,0.0023853022920559013,0.0012843811406313894,0.00010721475733078023,3.727696236435737e-06,0.39867451543639626,0.04510397817731818,0.491003820616307
20,1.7,1.45,6,0.007848482723850995,0.005999714052634068,0.000677797643948992,3.647735149092661e-05,8.749754149605433,0.22347836922291137,0.4555151045195671
20,1.7,1.9,6,0.023015943325291072,0.024204046636014817,0.0033721925181024854,0.00032855671570121767,143.35572130871014,0.952674744437596,0.31691702224714136
20,1.7,2.8,6,0.10234561686924049,0.19610844737084074,0.011303497298743415,0.0058840237193844465,9269.019339963548,8.105683199125396,2.5299631696979345e-05
20,1.7,6.283185307179586,6,0.1233570008304186,1.3446729008956426,0.22648085034810742,0.1373249439844333,450791.26229227975,55.13094288910815,1.4438141446522061e-167
20,3.141592653589793,0.5,6,8.205852132575282e-05,5.655838237690251e-06,2.938314018136068e-07,7.06074995824632e-09,7.697974300272213e-06,0.00023152790674636967,0.49995381686455614
20,3.141592653589793,0.65,6,0.00029686441241573837,2.747200230445383e-05,1.7988336279794879e-06,5.6537243785186406e-08,0.00018190797827928032,0.001122946874900547,0.49977600451824794
20,3.141592653589793,0.85,6,0.0010847230171984758,0.00013859527990310366,1.1250515906383429e-05,4.682722037946041e-07,0.0046405067996247076,0.0056491150147034925,0.4988731660852293
20,3.141592653589793,1.1,6,0.0036607825781991357,0.0006565971621861157,6.32924862123045e-05,3.5105840989003596e-06,0.10443314313660254,0.02662454384057713,0.49468932873976235
20,3.141592653589793,1.45,6,0.012909357200922731,0.0034368030516529233,0.00037361738350671626,3.0281235268858378e-05,2.868509308396478,0.13794482276039333,0.47250578985853686
20,3.141592653589793,1.9,6,0.04251635099910561,0.016571560242432868,0.0018624820829504316,0.0002814320910020244,66.7595165759373,0.6544035813570226,0.37175763330185296
20,3.141592653589793,2.8,6,0.12305264872137109,0.13938140525502415,0.024811957397127406,0.0038895632626174703,4813.90513514785,5.370527309632473,0.0036236305557896006
20,3.141592653589793,6.283185307179586,6,0.12443188989471297,1.4014946987959198,0.23179045732596865,0.14107033030775334,489075.6107888607,58.206846444678526,1.6245553872919196e-186
20,4.8,0.5,6,5.2304898733330906e-05,1.229412082603207e-05,3.114635533203849e-07,1.0506095866413326e-08,3.629820643396146e-05,0.0003759191081672418,0.4999250149873122
20,4.8,0.65,6,0.0001925591517444557,5.84336952137172e-05,1.950881885278158e-06,8.65679084012804e-08,0.0008203944409110403,0.0018247025096008076,0.4996360245603774
20,4.8,0.85,6,0.0007153536737200445,0.0002838077205405319,1.2696676986706952e-05,7.518891004857865e-07,0.019370062363712845,0.00917195472436335,0.4981704661461427
20,4.8,1.1,6,0.0024101388819864887,0.0012632743169611934,7.614448431889209e-05,6.031386560232608e-06,0.3844071264023517,0.042911074174491075,0.49144113577690934
20,4.8,1.45,6,0.008029769641097107,0.005900583745841407,0.0005005798267201968,5.580691076042467e-05,8.416939947814958,0.21552428218726008,0.4570921874912819
20,4.8,1.9,6,0.023533665718325398,0.024096270000304527,0.002708270644765063,0.00046420901142650876,141.16330747659882,0.9475329971120392,0.31783321351411975
20,4.8,2.8,6,0.10203627938338361,0.19701484113099643,0.008415173294838036,0.006846769649963446,9343.80984530246,8.20837112139459,2.0287085369978912e-05
20,4.8,6.283185307179586,6,0.12331779377984489,1.3462514182247447,0.22170019960428644,0.13795152382703527,451337.87580070033,55.23690173971008,3.340605502008186e-168
21,1.7,0.5,6,6.622138411030438e-05,1.579694215924953e-05,1.5187612039220952e-07,1.510887093297901e-08,5.989600229198434e-05,0.0005107754555580924,0.4998981150386008
21,1.7,0.65,6,0.0002529815828691453,7.305801593588384e-05,1.0192213578368954e-06,1.2512443930032044e-07,0.001281246758589465,0.0023492984691845095,0.49953138286344634
21,1.7,0.85,6,0.0010095198518661024,0.0003389359571665728,7.492946035748661e-06,1.0742929408686285e-06,0.02758437153744919,0.010772193412728445,0.4978512686866349
21,1.7,1.1,6,0.0038913521152979897,0.0014069156490767736,5.448089030842188e-05,8.222031708504744e-06,0.47578737907951996,0.043568576154574164,0.49131001375599764
21,1.7,1.45,6,0.017108975513398402,0.005869858305855565,0.0004913308976004657,6.8411452591542e-05,8.328317450064992,0.1681398229627594,0.46650042354556215
21,1.7,1.9,6,0.07572789609543616,0.020705411073422487,0.004116753649346527,0.0004991698322019223,107.01861092404678,0.4516633271699785,0.4106661745933207
21,1.7,2.8,6,0.2882352254236444,0.13852805352393174,0.03123172938122089,0.007408565316994245,4852.879049598549,2.3606218429665797,0.11893828798123024
21,1.7,6.283185307179586,6,0.29145341256279833,1.3578740895700603,0.7618118473680476,0.3840003438556166,617192.5435193445,49.48484343548456,1.870464271704091e-135
21,3.141592653589793,0.5,6,8.959662062165753e-05,3.667473008215137e-05,1.239652397291942e-06,2.1269661762639414e-08,0.0003231775240951876,0.0014314662856275888,0.4997144638122258
21,3.141592653589793,0.65,6,0.0003270922106741048,0.00016455818631005688,7.969339613048332e-06,1.6930156936408185e-07,0.00651430457245077,0.006342174794975671,0.49873492128252306
21,3.141592653589793,0.85,6,0.0011973777589869025,0.0007129163307012366,5.428538323932134e-05,1.3848090552329211e-06,0.12268764362641786,0.02670145495400842,0.4946739885555305
21,3.141592653589793,1.1,6,0.003913147745849137,0.00257197303915399,0.00034864061660944715,1.008870086218483e-05,1.616807370136779,0.08990252518265814,0.4820730782356165
21,3.141592653589793,1.45,6,0.012625532611022432,0.008298182622961716,0.002436019022179962,7.942165363105828e-05,17.952079516682854,0.236531156962964,0.4529286151720281
21,3.141592653589793,1.9,6,0.04152624280023103,0.02527884399727383,0.010737119017406874,0.000585107447105798,181.11552704571028,0.498284183352235,0.4016254356486964
21,3.141592653589793,2.8,6,0.25472318039204944,0.25465403355228566,0.029379904107109635,0.012620852164103137,15809.073954993535,1.388996886705925,0.24368483834535698
21,3.141592653589793,6.283185307179586,6,0.2892113222314909,1.2380381200860853,0.7041468105364329,0.39936026130202384,525131.9366117135,48.70745165592692,2.6468333187096617e-131
21,4.8,0.5,6,7.601478373998881e-05,1.4582741740841124e-05,1.3597985270445993e-07,1.1534219218631331e-08,5.1041995257269876e-05,0.000482816852826979,0.49990369197279394
21,4.8,0.65,6,0.0002888960518287015,6.759369992314012e-05,8.801833455292192e-07,1.0301368622957639e-07,0.0010967264649217943,0.0022308491548228226,0.49955501006774566
21,4.8,0.85,6,0.0011431379593034258,0.0003148063051904835,6.124133755814423e-06,9.850098269388932e-07,0.023793956411112507,0.010316024104940369,0.4979422600338458
21,4.8,1.1,6,0.004357878541635035,0.0013147306762363255,4.173854668592715e-05,8.550365811248041e-06,0.4152796718572284,0.042366923947285515,0.4915496533782657
21,4.8,1.45,6,0.018929101137013522,0.00553320735852099,0.0003577759438771742,8.094085958476672e-05,7.380225293078003,0.16901723301204571,0.4663260261843998
21,4.8,1.9,6,0.08284889974943363,0.019443121356024665,0.0030745839952701875,0.0006415133992433882,93.0958978201159,0.48426724883692746,0.4043383123664053
21,4.8,2.8,6,0.288665599810888,0.12239783114037278,0.02874217682317246,0.008609800692566897,3811.552911448187,1.8492862368617036,0.177575788191441
21,4.8,6.283185307179586,6,0.2909513322484187,1.3571242709337028,0.7765808473610953,0.3846016842568141,622267.8131468615,49.133113312734984,1.4390593599299795e-133
22,1.7,0.5,6,1.0246740227047064e-05,4.3758387505319706e-05,1.9811780602968023e-06,1.7321885079095743e-07,0.0004605003716022216,0.00141896708140266,0.49971695704211105
22,1.7,0.65,6,3.6969384649672e-05,0.00024276910160364246,1.1728334767087285e-05,1.394966551392836e-06,0.014178320750766731,0.007102008789475447,0.4985833571862726
22,1.7,0.85,6,0.0001368610221120121,0.0015228402200226257,6.821247540722619e-05,1.1643367959393962e-05,0.5577194029289227,0.03718520387105529,0.49258305230877725
22,1.7,1.1,6,0.0005986535120296615,0.008010299021522543,0.00033668820773811157,8.764869002400126e-05,15.428623597511482,0.15159472657382084,0.4697901569421634
22,1.7,1.45,6,0.005488895482412778,0.028715384650633193,0.0015977304480833494,0.0007226266812728665,198.6355794093697,0.4349634860126444,0.4139164667436226
22,1.7,1.9,6,0.04383732232856101,0.08771766265612528,0.006851029586635274,0.004020432704765025,1861.7973185722299,1.599929999646833,0.21186553798084767
22,1.7,2.8,6,0.08544749276183619,0.3277542393601511,0.08742827347287385,0.02850070955910473,27810.9203679291,13.39757934490031,1.0507640305750077e-11
22,1.7,6.283185307179586,6,0.08733059893507054,1.0768115429554705,1.0110210602572218,0.262533804191531,540146.5636005732,50.84835366928998,6.814851139264615e-143
22,3.141592653589793,0.5,6,1.0230002663755491e-05,9.652761144931062e-05,2.367613010173747e-06,1.329615723138627e-07,0.0022375687301411373,0.0033919802029786623,0.49932339816573457
22,3.141592653589793,0.65,6,4.642992525644181e-05,0.00041809019602497764,1.4261220224701002e-05,1.0638798378449233e-06,0.04200094230115464,0.013266826955794024,0.49735367030767313
22,3.141592653589793,0.85,6,0.0002549772306557632,0.0017353075132067188,8.507976302842467e-05,8.77322457578171e-06,0.7244658482251479,0.045577333279065844,0.4909094241950049
22,3.141592653589793,1.1,6,0.0015832108355389321,0.006393276035839354,0.00043558067222561163,6.449070279365696e-05,9.856288330368262,0.12576381614234153,0.4749302707987207
22,3.141592653589793,1.45,6,0.013526467344914085,0.025040651027081053,0.0022460450740642316,0.000500029650479863,151.75894847667422,0.36312413994917075,0.42796320889859024
22,3.141592653589793,1.9,6,0.05277189955960809,0.08731969012382049,0.010494991976179492,0.0027588778035502765,1858.1962911924065,1.42113252473298,0.23867652791872557
22,3.141592653589793,2.8,6,0.08170738657640013,0.27121545908866135,0.08792923768346264,0.020125029081196927,19606.654292108935,10.566135872473946,6.351912707006389e-08
22,3.141592653589793,6.283185307179586,6,0.08741265682465729,1.0994072027195494,1.00745544669153,0.24948697162770486,548617.5416332843,50.84126991097633,7.4579919672430795e-143
22,4.8,0.5,6,1.6702492134464938e-05,1.994459828965685e-05,2.3961267763417053e-06,1.5208427645853514e-07,9.685237298189534e-05,0.0007352423201008715,0.49985334037938906
22,4.8,0.65,6,6.0356598309959203e-05,0.00010928502399818912,1.4148935183032997e-05,1.2412461118855714e-06,0.002914787886962091,0.0036222977114082774,0.49927745654038075
22,4.8,0.85,6,0.00021165075938902946,0.0007225315334630122,8.047793464661304e-05,1.0585829860183031e-05,0.12687373790573403,0.01948666191666677,0.49611303482875957
22,4.8,1.1,6,0.0006184370328505905,0.005772002077928367,0.00037589570127727643,8.235032459394543e-05,8.031380914034123,0.11373798057170822,0.47732477824410596
22,4.8,1.45,6,0.0032906810928314567,0.03654423730988818,0.0015984254654709395,0.0007279485236333408,321.25587685995583,0.5358097728825293,0.39438626615673666
22,4.8,1.9,6,0.03510424016136599,0.09194510712033183,0.0060006883194736495,0.0044585799528349115,2042.3495805294197,1.6314363755829797,0.207330667107471
22,4.8,2.8,6,0.0841297570314633,0.3349815340470712,0.10292703147283738,0.028138891385269586,29663.615800495576,14.178506405573614,6.74188139297839e-13
22,4.8,6.283185307179586,6,0.08720617850679314,1.0588217324166849,1.0193106791203572,0.26377552118694697,535122.0593241885,50.47155015856133,8.113756006689724e-141
23,1.7,0.5,6,4.849409228217408e-05,1.0065231262031997e-05,3.0637277180680493e-06,9.577912691237886e-08,2.656907556715123e-05,0.00036914903776681614,0.49992636542095076
23,1.7,0.65,6,0.00017879715665005587,4.803787663447723e-05,2.0113261620197164e-05,7.996948713171383e-07,0.0006510768951453505,0.0017581093993418032,0.4996493079586812
23,1.7,0.85,6,0.0006499162680938506,0.0002648038828099858,0.00012931885263916854,7.059011831652749e-06,0.02085462999532682,0.008876113768615548,0.49822947727816375
23,1.7,1.1,6,0.0019484750349614002,0.0020026662695209877,0.000596497708886545,5.742821313236307e-05,1.0487471288274197,0.048124130890840826,0.4904015509720971
23,1.7,1.45,6,0.004024246977462868,0.03201736204057425,0.002323208284601207,0.0005353028945834009,247.39087631035062,0.5159660137382962,0.3982100109904669
23,1.7,1.9,6,0.04121459971044221,0.08486852133778353,0.007672738141224375,0.0039078559036454024,1746.4339589782257,1.546160012701315,0.2197375164464367
23,1.7,2.8,6,0.1662046836982453,0.33623159002670117,0.11117661809891553,0.022001331057804063,30215.035466906607,14.141222937676801,7.712623438827414e-13
23,1.7,6.283185307179586,6,0.1637406899466615,1.0307577213209946,0.973208670279908,0.3657563931338839,514409.84042139445,50.4898502345533,6.438202229197249e-141
23,3.141592653589793,0.5,6,5.529838063914519e-05,1.2083974992984466e-05,2.8008169129687608e-06,3.089325730005338e-08,3.692831553705417e-05,0.0003924272421496068,0.4999217220910649
23,3.141592653589793,0.65,6,0.00020445542623725643,5.482877891523025e-05,1.8168668224130715e-05,2.8438646454422714e-07,0.0008007303307283882,0.001789257192548918,0.49964309487529873
23,3.141592653589793,0.85,6,0.0007613367286602359,0.0002465111229390457,0.0001259633660598754,2.940075271787411e-06,0.01839435536745774,0.008194968446461842,0.49836534487421685
23,3.141592653589793,1.1,6,0.002522943917530797,0.0011268012985948734,0.0007304855602264718,3.077560465252041e-05,0.4330169899334888,0.035501286484037144,0.49291888976738835
23,3.141592653589793,1.45,6,0.006896305382673621,0.012464493743563867,0.0021373034553294782,0.0004861767206196531,38.44032915532286,0.24090328353201326,0.4520626924666284
23,3.141592653589793,1.9,6,0.017378185417785866,0.12757675512362096,0.00886794440519926,0.002789202862171395,3926.9396492285746,1.9478272209820706,0.1650497176201599
23,3.141592653589793,2.8,6,0.1437913880259831,0.25470681685996155,0.1216026043375342,0.02876692155285141,19317.67001093587,11.847899962477925,1.5714954520622434e-09
23,3.141592653589793,6.283185307179586,6,0.16417386015995736,1.0884170118742926,0.9745051964002676,0.33043839520055096,538440.3606170889,51.78218887577049,4.194962206830975e-148
23,4.8,0.5,6,4.1404439668072104e-05,1.6152082705641107e-05,2.4030467100927225e-06,1.3770344097407964e-07,6.400400915001937e-05,0.0006011224011823641,0.4998800934310413
23,4.8,0.65,6,0.00015065817331208348,8.494540476820555e-05,1.4587542173008296e-05,1.121177383939248e-06,0.001783146051986359,0.002922024463988615,0.49941714065583154
23,4.8,0.85,6,0.0005351482745549857,0.0005265258462891799,8.620733482020717e-05,9.521667835416147e-06,0.06834044005097001,0.015278917952949667,0.4969523264593027
23,4.8,1.1,6,0.0015625982926491147,0.003959437946792502,0.0004163721315966385,7.357118578611772e-05,3.805422558203694,0.08579971837721952,0.48289068049995687
23,4.8,1.45,6,0.005279941144372428,0.034429044913372016,0.001818038444448834,0.0006415122955693626,285.3782245098836,0.5411496842475917,0.39335902367183395
23,4.8,1.9,6,0.052872709774770384,0.08398020289397928,0.006069852756032097,0.004590382776825993,1706.541409111588,1.5157099589120009,0.2242689022352637
23,4.8,2.8,6,0.16630841403252605,0.3471754792111756,0.09164976706550665,0.02138319278486979,31053.056184563033,14.13679807972635,7.836565770462598e-13
23,4.8,6.283185307179586,6,0.16393217848424618,1.04694241466381,0.9710835709658104,0.36390835694164175,521165.0432817035,51.1700470401885,1.1197120562301115e-144
