circuit,center,jet_rank,jet_condition_inverse
0,1.7,6,3.73685456582856e-05
0,3.141592653589793,6,0.00011316573680023605
0,4.8,6,2.9583253546856702e-05
1,1.7,6,0.0005875963354238852
1,3.141592653589793,6,0.00034590960557044366
1,4.8,6,0.00069529366998415
2,1.7,6,0.00019039014707786657
2,3.141592653589793,6,0.0002794087412425823
2,4.8,6,0.0002011191745750236
3,1.7,6,0.0010257827246581315
3,3.141592653589793,6,0.0005131518865062161
3,4.8,6,0.0007989894975419323
4,1.7,6,0.0002415939271680647
4,3.141592653589793,6,0.000435893717610556
4,4.8,6,0.00023946383959293362
5,1.7,6,0.00016199882932019602
5,3.141592653589793,6,0.00011637888496252026
5,4.8,6,0.00023035302778482255
6,1.7,6,0.00016297073193656194
6,3.141592653589793,6,0.00022098091783799648
6,4.8,6,0.00014298674713839683
7,1.7,6,0.0003673572241966555
7,3.141592653589793,6,0.0012860418048987548
7,4.8,6,0.00032068160381976325
8,1.7,6,0.001097429608162837
8,3.141592653589793,6,0.0010508389691566008
8,4.8,6,0.0012474910707292652
9,1.7,6,0.00015786193867268008
9,3.141592653589793,6,0.00011313588153001498
9,4.8,6,0.00015114070298026454
10,1.7,6,0.00045436922282576553
10,3.141592653589793,6,0.0004892998061774536
10,4.8,6,0.0005120636614425528
11,1.7,6,6.505188587541637e-05
11,3.141592653589793,6,2.3665522939847883e-05
11,4.8,6,4.299786952973174e-05
12,1.7,6,0.0019436307874252069
12,3.141592653589793,6,0.003131855497892654
12,4.8,6,0.0019899359223884325
13,1.7,6,0.0009987750983418433
13,3.141592653589793,6,0.0002817047928489241
13,4.8,6,0.0009115423678142289
14,1.7,6,6.376045755162346e-05
14,3.141592653589793,6,6.559913581471477e-05
14,4.8,6,5.440675125144208e-05
15,1.7,6,6.587572695610964e-05
15,3.141592653589793,6,0.0003986614320146433
15,4.8,6,6.649569283508636e-05
16,1.7,6,0.0006355029661543905
16,3.141592653589793,6,0.00024933333123807795
16,4.8,6,0.000572521214480637
17,1.7,6,0.00010880621534017053
17,3.141592653589793,6,7.818809503636119e-05
17,4.8,6,0.00010771319721928825
18,1.7,6,0.0001563654704398972
18,3.141592653589793,6,0.00016086426917697008
18,4.8,6,0.00023631375975363827
19,1.7,6,0.000142697030634232
19,3.141592653589793,6,0.0007327188615596401
19,4.8,6,0.0005181210154089482
20,1.7,6,0.0006467545436591676
20,3.141592653589793,6,0.0002663264584125194
20,4.8,6,0.0007278572794928897
21,1.7,6,0.00016184253396502222
21,3.141592653589793,6,0.00038327416612318456
21,4.8,6,0.0001670265202274174
22,1.7,6,3.550367491607691e-05
22,3.141592653589793,6,2.5864234640841592e-05
22,4.8,6,5.77626588352455e-05
23,1.7,6,0.00010715212829755976
23,3.141592653589793,6,0.00010525741785242783
23,4.8,6,0.0001010536350365967
