circuit,center,slope_sv1,slope_sv2,slope_sv3
0,1.7,6.216515281602042,6.089548221066749,9.141304050694265
0,3.141592653589793,6.032790553101187,7.8039935454140705,10.570766489829587
0,4.8,6.184271213132014,5.928549206012796,8.860523291901588
1,1.7,6.0136534090402565,7.543708413423618,7.812088939059206
1,3.141592653589793,6.0770155205849505,7.290167787022963,7.660547860406416
1,4.8,6.170808754218894,7.486268142853133,7.566327021265811
2,1.7,5.671428310191078,6.846299693040173,6.8901045580000515
2,3.141592653589793,6.229987652543877,7.054777863152686,7.9444715072793235
2,4.8,5.7640456549058765,6.783814432438162,7.08685967071791
3,1.7,5.458948658299196,7.033702111287629,9.261606450497034
3,3.141592653589793,6.145697357982596,7.171390276192587,7.639850781578475
3,4.8,5.373286655654412,6.965076405039078,9.784655199904595
4,1.7,5.8791243028194495,6.802603888210903,7.530130798245083
4,3.141592653589793,5.846839096766556,6.126868006389555,8.201466205661514
4,4.8,5.928284277914166,6.701963800990889,7.765383524318042
5,1.7,6.07324349097946,7.058394105101234,8.70483607312563
5,3.141592653589793,5.8470179540033085,6.823176467744775,7.884576716949081
5,4.8,6.8290937731990375,6.340794593453176,8.060390299109025
6,1.7,5.8652880652980315,6.7801254283498675,7.70151694261562
6,3.141592653589793,5.9964939258445735,7.571087801826177,9.88130481106616
6,4.8,5.852417351553753,6.836520173774139,8.108340493811312
7,1.7,6.28194078780437,6.579170166439043,7.699441331131341
7,3.141592653589793,6.303963909078456,6.449453192354935,7.743181437442952
7,4.8,6.233896018420863,6.418742064260015,7.804071614954466
8,1.7,6.000197699247119,6.948066381902456,7.117785717040447
8,3.141592653589793,6.123401438666683,7.055426202049995,8.127755905986316
8,4.8,6.033317303511184,6.922749623585929,8.10379153898496
9,1.7,5.796072735503731,6.97416545716805,8.054239330420375
9,3.141592653589793,5.697663928804169,7.482160076056721,8.500115026860401
9,4.8,5.812380947290932,6.891723002703341,7.673149548871003
10,1.7,5.77690206562446,6.552156973743345,7.395550698018344
10,3.141592653589793,6.009692015669523,6.686005145399616,8.004158488319396
10,4.8,5.711360803011958,6.606850190261203,7.718718583575237
11,1.7,6.205919608548574,6.928856393157306,6.342793667845114
11,3.141592653589793,6.109133313392468,7.116825604360135,7.889515612452144
11,4.8,6.274738836933842,7.121310593259073,5.781298889193797
12,1.7,5.879115867342284,6.738823349297189,7.927495207849032
12,3.141592653589793,6.215720324730242,7.414405041226256,7.060461768290921
12,4.8,5.952367989599086,6.745081831660592,8.568625023134317
13,1.7,6.2116773258993305,7.090756586419971,7.852419195075617
13,3.141592653589793,6.261551426414288,7.011576962881034,7.282969344626938
13,4.8,6.213681362909564,7.086808105299963,7.854780219998234
14,1.7,5.818602662685182,6.406638573337315,7.464906205582437
14,3.141592653589793,7.446798411283451,5.459814952281352,7.816079522508257
14,4.8,5.676680723168181,6.3425009051288885,7.463836566528295
15,1.7,6.34824567977166,5.789900068734376,7.559434853745493
15,3.141592653589793,6.256117328635305,6.889478575383224,8.055463671049678
15,4.8,6.6450266499420945,5.511860520262543,7.526085858276237
16,1.7,6.157421451848168,6.337912064310827,7.008550250677644
16,3.141592653589793,6.426965776091652,6.566870872731953,7.403387355671967
16,4.8,6.156731742885769,6.347748669477739,7.087358701863237
17,1.7,6.539851208445952,6.083486210393704,9.347466662487902
17,3.141592653589793,6.687081017046532,6.11225591244884,8.416166356597124
17,4.8,6.624333220105858,6.129058998754949,8.651171850769744
18,1.7,6.183398039407127,6.897812044240037,8.272761816230714
18,3.141592653589793,6.18315401521774,7.311314989336072,7.666571670154623
18,4.8,6.208063058988596,7.010154787569422,7.813157012786425
19,1.7,4.773278431422889,5.940592648654274,7.792653065260058
19,3.141592653589793,6.186448443680841,6.9461226808160115,7.8873156685791095
19,4.8,5.073700691498868,5.846511945543821,7.798699128895447
20,1.7,5.700803728942894,6.718708848964794,8.17845930367344
20,3.141592653589793,5.990921837999562,6.584241947788648,7.905088268118013
20,4.8,5.6994746800465395,6.828618551640043,8.026560131732296
21,1.7,5.402581839780741,7.662267627876457,7.812232221064328
21,3.141592653589793,4.89293694012728,6.889265264866338,7.659879098459764
21,4.8,5.418364748071167,7.503765051498968,8.22103470094201
22,1.7,5.776629501742117,6.1095685700402464,7.6033317877900135
22,3.141592653589793,5.0973933896135595,6.293435007444417,7.509371863628822
22,4.8,6.601482077041838,5.870078922782062,7.772186387146133
23,1.7,7.145361878048391,5.8745172826249075,7.996969408127368
23,3.141592653589793,6.871399859435548,6.029280496114452,8.75036488855667
23,4.8,6.72282056493698,5.909250591178574,7.832823021152187
