run,trial,relative_error,theta_gradient_evaluations,incremental_direct_evaluations,incremental_tomography_evaluations
discovery,0,8.751432594775755e-16,2304,0,640
discovery,1,8.445674094575901e-16,2304,0,640
discovery,2,1.2481493729808998e-15,2304,0,640
discovery,3,1.5614388940773842e-15,2304,0,640
discovery,4,6.226474767585967e-16,2304,0,640
discovery,5,1.294070722239617e-15,2304,0,640
discovery,6,1.8532655418040463e-15,2304,0,640
discovery,7,1.584059684630974e-15,2304,0,640
discovery,8,5.855738006437982e-16,2304,0,640
discovery,9,7.383790477884718e-16,2304,0,640
discovery,10,7.149017111894571e-16,2304,0,640
discovery,11,8.908044786558411e-16,2304,0,640
independent_revised,0,8.751432594775755e-16,2304,0,640
independent_revised,1,8.445674094575901e-16,2304,0,640
independent_revised,2,1.2481493729808998e-15,2304,0,640
independent_revised,3,1.5614388940773842e-15,2304,0,640
independent_revised,4,6.226474767585967e-16,2304,0,640
independent_revised,5,1.294070722239617e-15,2304,0,640
independent_revised,6,1.8532655418040463e-15,2304,0,640
independent_revised,7,1.584059684630974e-15,2304,0,640
independent_revised,8,5.855738006437982e-16,2304,0,640
independent_revised,9,7.383790477884718e-16,2304,0,640
independent_revised,10,7.149017111894571e-16,2304,0,640
independent_revised,11,8.908044786558411e-16,2304,0,640
independent_regularized,0,8.751432594775755e-16,2304,0,640
independent_regularized,1,8.445674094575901e-16,2304,0,640
independent_regularized,2,1.2481493729808998e-15,2304,0,640
independent_regularized,3,1.5614388940773842e-15,2304,0,640
independent_regularized,4,6.226474767585967e-16,2304,0,640
independent_regularized,5,1.294070722239617e-15,2304,0,640
independent_regularized,6,1.8532655418040463e-15,2304,0,640
independent_regularized,7,1.584059684630974e-15,2304,0,640
independent_regularized,8,5.855738006437982e-16,2304,0,640
independent_regularized,9,7.383790477884718e-16,2304,0,640
independent_regularized,10,7.149017111894571e-16,2304,0,640
independent_regularized,11,8.908044786558411e-16,2304,0,640
