run,case,replicate,alpha_penalty,validation_mse
independent_regularized,parameter,0,0.0,7.307068049307212e-05
independent_regularized,parameter,0,0.002,7.308600563543176e-05
independent_regularized,parameter,0,0.01,7.315221623231898e-05
independent_regularized,parameter,0,0.05,7.353515418783944e-05
independent_regularized,parameter,1,0.0,3.541714953837588e-05
independent_regularized,parameter,1,0.002,3.506805058406015e-05
independent_regularized,parameter,1,0.01,3.3855333162168975e-05
independent_regularized,parameter,1,0.05,3.060496069612396e-05
independent_regularized,parameter,2,0.0,2.4307763415816277e-05
independent_regularized,parameter,2,0.002,2.4032322244970267e-05
independent_regularized,parameter,2,0.01,2.3041706298816347e-05
independent_regularized,parameter,2,0.05,1.9815082499241412e-05
independent_regularized,parameter,3,0.0,1.61548948275298e-05
independent_regularized,parameter,3,0.002,1.6122801226947276e-05
independent_regularized,parameter,3,0.01,1.6002796698279722e-05
independent_regularized,parameter,3,0.05,1.5566322239791606e-05
independent_regularized,parameter,4,0.0,3.7704905943731224e-05
independent_regularized,parameter,4,0.002,3.768148518590976e-05
independent_regularized,parameter,4,0.01,3.764447556914459e-05
independent_regularized,parameter,4,0.05,3.784294340979659e-05
independent_regularized,parameter,5,0.0,2.1613121508885718e-05
independent_regularized,parameter,5,0.002,2.1579257109718974e-05
independent_regularized,parameter,5,0.01,2.1443698930409237e-05
independent_regularized,parameter,5,0.05,2.0801184206225736e-05
independent_regularized,parameter,6,0.0,1.1049470857773833e-05
independent_regularized,parameter,6,0.002,1.1044431239638167e-05
independent_regularized,parameter,6,0.01,1.1023090989705988e-05
independent_regularized,parameter,6,0.05,1.0800793696400402e-05
independent_regularized,parameter,7,0.0,3.870564558065246e-05
independent_regularized,parameter,7,0.002,3.837096838613668e-05
independent_regularized,parameter,7,0.01,3.709476281954413e-05
independent_regularized,parameter,7,0.05,3.1982571529424284e-05
independent_regularized,parameter,8,0.0,1.884022308708054e-05
independent_regularized,parameter,8,0.002,1.8790205781792307e-05
independent_regularized,parameter,8,0.01,1.8621705531081664e-05
independent_regularized,parameter,8,0.05,1.7968718366149065e-05
independent_regularized,parameter,9,0.0,1.7533093932493612e-05
independent_regularized,parameter,9,0.002,1.679807971818607e-05
independent_regularized,parameter,9,0.01,1.6626932016761677e-05
independent_regularized,parameter,9,0.05,1.701335302912474e-05
independent_regularized,parameter,10,0.0,4.4535140133810344e-05
independent_regularized,parameter,10,0.002,4.284203596726221e-05
independent_regularized,parameter,10,0.01,3.8350039313949615e-05
independent_regularized,parameter,10,0.05,3.32258845442002e-05
independent_regularized,parameter,11,0.0,6.918100457539994e-05
independent_regularized,parameter,11,0.002,6.88263390252392e-05
independent_regularized,parameter,11,0.01,6.750631361886727e-05
independent_regularized,parameter,11,0.05,6.277996018864557e-05
independent_regularized,schedule,0,0.0,4.202320334902777e-05
independent_regularized,schedule,0,0.002,3.8874295493746565e-05
independent_regularized,schedule,0,0.01,3.332406865514365e-05
independent_regularized,schedule,0,0.05,4.5622471568906345e-05
independent_regularized,schedule,1,0.0,1.1936608059924137e-05
independent_regularized,schedule,1,0.002,1.206002244272433e-05
independent_regularized,schedule,1,0.01,1.2702987064717105e-05
independent_regularized,schedule,1,0.05,1.8007316500095452e-05
independent_regularized,schedule,2,0.0,3.352418193889911e-05
independent_regularized,schedule,2,0.002,3.354555491918169e-05
independent_regularized,schedule,2,0.01,3.392620825708514e-05
independent_regularized,schedule,2,0.05,4.066276900112731e-05
independent_regularized,schedule,3,0.0,6.429931874034417e-05
independent_regularized,schedule,3,0.002,6.546807060310004e-05
independent_regularized,schedule,3,0.01,7.024563977077584e-05
independent_regularized,schedule,3,0.05,9.552606693070035e-05
independent_regularized,schedule,4,0.0,3.720237022262235e-05
independent_regularized,schedule,4,0.002,3.792458957502857e-05
independent_regularized,schedule,4,0.01,4.144776594419025e-05
independent_regularized,schedule,4,0.05,5.6270609196479485e-05
independent_regularized,schedule,5,0.0,5.168145860440614e-05
independent_regularized,schedule,5,0.002,5.1112418949635456e-05
independent_regularized,schedule,5,0.01,5.0687471485603704e-05
independent_regularized,schedule,5,0.05,6.192564615038878e-05
independent_regularized,schedule,6,0.0,3.9094000398936196e-05
independent_regularized,schedule,6,0.002,3.996972333608014e-05
independent_regularized,schedule,6,0.01,3.699393460465323e-05
independent_regularized,schedule,6,0.05,3.797147466595442e-05
independent_regularized,schedule,7,0.0,6.773879600399691e-05
independent_regularized,schedule,7,0.002,6.81571226628045e-05
independent_regularized,schedule,7,0.01,6.992186943885585e-05
independent_regularized,schedule,7,0.05,8.120671320929052e-05
independent_regularized,schedule,8,0.0,0.00011399076702349562
independent_regularized,schedule,8,0.002,0.00011310209391762493
independent_regularized,schedule,8,0.01,0.00010993941529356488
independent_regularized,schedule,8,0.05,0.00010103720402193758
independent_regularized,schedule,9,0.0,3.9952979957999045e-05
independent_regularized,schedule,9,0.002,3.9732667758438745e-05
independent_regularized,schedule,9,0.01,4.165509490289953e-05
independent_regularized,schedule,9,0.05,7.333031390944186e-05
independent_regularized,schedule,10,0.0,3.825761983169486e-05
independent_regularized,schedule,10,0.002,3.7094060646288766e-05
independent_regularized,schedule,10,0.01,4.314968768767225e-05
independent_regularized,schedule,10,0.05,8.164785740203443e-05
independent_regularized,schedule,11,0.0,6.156471144362886e-05
independent_regularized,schedule,11,0.002,5.873435597949396e-05
independent_regularized,schedule,11,0.01,4.9363717702648724e-05
independent_regularized,schedule,11,0.05,2.9916780494431756e-05
independent_regularized,mixed,0,0.0,5.227554578602104e-05
independent_regularized,mixed,0,0.002,5.22466300047144e-05
independent_regularized,mixed,0,0.01,5.370621180466909e-05
independent_regularized,mixed,0,0.05,5.857447851092997e-05
independent_regularized,mixed,1,0.0,7.117684041761439e-05
independent_regularized,mixed,1,0.002,6.739734133671622e-05
independent_regularized,mixed,1,0.01,6.080195182302411e-05
independent_regularized,mixed,1,0.05,5.682704821175183e-05
independent_regularized,mixed,2,0.0,4.327066120108601e-05
independent_regularized,mixed,2,0.002,4.2347650949541394e-05
independent_regularized,mixed,2,0.01,3.941496957638233e-05
independent_regularized,mixed,2,0.05,3.363222891331549e-05
independent_regularized,mixed,3,0.0,5.20884571648574e-06
independent_regularized,mixed,3,0.002,5.430598585066548e-06
independent_regularized,mixed,3,0.01,5.479330468395498e-06
independent_regularized,mixed,3,0.05,1.2362406816418371e-05
independent_regularized,mixed,4,0.0,3.9911148359189935e-05
independent_regularized,mixed,4,0.002,4.010163380219773e-05
independent_regularized,mixed,4,0.01,4.114422374116576e-05
independent_regularized,mixed,4,0.05,5.0429883810883746e-05
independent_regularized,mixed,5,0.0,4.3986243665674676e-05
independent_regularized,mixed,5,0.002,4.426544549300573e-05
independent_regularized,mixed,5,0.01,4.533825840494878e-05
independent_regularized,mixed,5,0.05,4.921271299297001e-05
independent_regularized,mixed,6,0.0,5.721164028980357e-05
independent_regularized,mixed,6,0.002,5.717024779209099e-05
independent_regularized,mixed,6,0.01,6.0038861268960065e-05
independent_regularized,mixed,6,0.05,9.144129879779477e-05
independent_regularized,mixed,7,0.0,6.525828115303663e-05
independent_regularized,mixed,7,0.002,6.235314782216163e-05
independent_regularized,mixed,7,0.01,5.36952148661409e-05
independent_regularized,mixed,7,0.05,4.4421667446355895e-05
independent_regularized,mixed,8,0.0,6.367725240476149e-05
independent_regularized,mixed,8,0.002,6.401526338187567e-05
independent_regularized,mixed,8,0.01,6.543278103433343e-05
independent_regularized,mixed,8,0.05,7.372159524090296e-05
independent_regularized,mixed,9,0.0,5.5196328967739386e-05
independent_regularized,mixed,9,0.002,5.5187036077875874e-05
independent_regularized,mixed,9,0.01,5.620415807790094e-05
independent_regularized,mixed,9,0.05,7.576540742294818e-05
independent_regularized,mixed,10,0.0,3.993690654563593e-05
independent_regularized,mixed,10,0.002,3.993133385566739e-05
independent_regularized,mixed,10,0.01,3.9935161555413825e-05
independent_regularized,mixed,10,0.05,4.471074448481467e-05
independent_regularized,mixed,11,0.0,2.0311760630427874e-05
independent_regularized,mixed,11,0.002,2.0237392830673785e-05
independent_regularized,mixed,11,0.01,2.2245386567715702e-05
independent_regularized,mixed,11,0.05,5.270068790977065e-05
