experiment,instance,damping,alpha_penalty,step_difference,step_norm,schur_condition
local_shift,0,0.0001,0.0,1.7816687195560515e-13,4.437314163322822,8260.066767520722
local_shift,0,0.001,0.01,2.8293408175899545e-14,0.41334943466949153,156.84756015143483
local_shift,0,0.01,0.05,6.859280941389211e-16,0.26789899946403906,33.11173302152496
local_shift,1,0.0001,0.0,1.0255956180717683e-12,3.01683826725391,42.019883175029044
local_shift,1,0.001,0.01,3.8612265558043456e-14,2.4513532926894057,31.093019110003777
local_shift,1,0.01,0.05,2.5232422093840846e-15,1.17350304951627,13.77220402275161
local_shift,2,0.0001,0.0,7.216760302319967e-14,1.620585430335869,21.056301940658255
local_shift,2,0.001,0.01,6.088589788872959e-14,1.4696327429435287,17.674279887638
local_shift,2,0.01,0.05,4.3302089434354435e-15,1.0121290182537535,10.154291094372327
local_shift,3,0.0001,0.0,3.4262738561261747e-13,1.7628261945543402,102.78978625745572
local_shift,3,0.001,0.01,2.2558940518311672e-14,1.306228562092279,54.96605002534464
local_shift,3,0.01,0.05,2.0707454514451944e-15,0.7105715353069295,19.940238700221695
local_shift,4,0.0001,0.0,6.101682767535062e-13,2.428624849379114,47.331896920050966
local_shift,4,0.001,0.01,5.267737105783986e-14,1.5582465743885912,29.479390294018973
local_shift,4,0.01,0.05,3.4223205784122007e-15,0.7293222596452827,11.66836989882447
local_shift,5,0.0001,0.0,6.300440358677571e-13,1.791711087568473,923.0544842979243
local_shift,5,0.001,0.01,1.1438122572289699e-14,1.0629043072167377,130.90134737299292
local_shift,5,0.01,0.05,9.124975273015902e-16,0.3309159903378215,30.113570106410922
local_shift,6,0.0001,0.0,6.3315343711523e-13,0.4799920915559462,45.43217533410974
local_shift,6,0.001,0.01,4.409782772691478e-14,0.4494327618604186,36.97927071502363
local_shift,6,0.01,0.05,2.3059401919324537e-15,0.39105164592004066,20.17752372982734
local_shift,7,0.0001,0.0,3.6103291413911033e-13,0.8539866545307886,79.08431865074634
local_shift,7,0.001,0.01,2.6899209999843138e-14,0.8401753640905706,56.612983704679785
local_shift,7,0.01,0.05,2.6626191463076076e-15,0.6998107715534103,24.968469207461133
local_shift,8,0.0001,0.0,2.305308386477763e-13,1.5031357426779632,1981.761924444902
local_shift,8,0.001,0.01,5.847162651824289e-14,1.1896568157048604,201.60507956725726
local_shift,8,0.01,0.05,3.187772341170201e-15,0.6187247538148628,41.959240387776674
local_shift,9,0.0001,0.0,6.574634511631267e-13,2.2558589815031493,1993.8539171131974
local_shift,9,0.001,0.01,3.45000994693518e-14,1.307541831799335,77.33558324099978
local_shift,9,0.01,0.05,2.1706215757737395e-15,0.4180716666770962,16.058909441873727
local_shift,10,0.0001,0.0,6.621664422988585e-13,2.6105675457848,55.34185999576313
local_shift,10,0.001,0.01,2.0788615782727e-14,1.8787602400808148,34.8099532047428
local_shift,10,0.01,0.05,4.762124010896787e-15,0.9616249381958759,14.032147868183122
local_shift,11,0.0001,0.0,2.852276069681064e-13,1.6892127199515883,125.84176659381386
local_shift,11,0.001,0.01,1.5251849802481106e-14,1.2329786431545753,57.69544891732212
local_shift,11,0.01,0.05,2.216524550797938e-15,0.6367712626396472,18.145695207862115
local_shift,12,0.0001,0.0,2.1069702700714087e-12,13.072640160957958,284.0586088605917
local_shift,12,0.001,0.01,2.3097296341870665e-14,3.186164708995942,107.18028059939775
local_shift,12,0.01,0.05,3.8583744354487495e-15,0.6595998420883683,30.36251607256126
local_shift,13,0.0001,0.0,6.746045315109678e-13,2.0318694074141206,12.385048361679969
local_shift,13,0.001,0.01,6.474587570463337e-14,1.8124635593499414,10.72104014888346
local_shift,13,0.01,0.05,4.157434098804604e-15,1.146925249105095,6.444174390260688
local_shift,14,0.0001,0.0,4.4073606444627626e-13,0.8598494839591928,11.235145052598261
local_shift,14,0.001,0.01,2.1685328494783766e-14,0.7762308429081769,9.975559453386326
local_shift,14,0.01,0.05,2.386376812161225e-15,0.49372536995718075,6.386694367731704
local_shift,15,0.0001,0.0,3.2147666216377486e-13,1.8493991675888515,23.11246856018158
local_shift,15,0.001,0.01,6.313391007820977e-14,1.6334949775512155,19.37667515679659
local_shift,15,0.01,0.05,9.98442999176556e-16,1.0177782403817583,10.89814796325355
local_shift,16,0.0001,0.0,3.395075320358852e-13,1.5686400890157683,11.004099502632812
local_shift,16,0.001,0.01,2.1465712503075732e-14,1.37832012971013,9.707719592937458
local_shift,16,0.01,0.05,2.155864197553384e-15,0.7419430087850377,6.070710047531605
local_shift,17,0.0001,0.0,3.0388217313791123e-13,1.7573203568117461,28.310706673345813
local_shift,17,0.001,0.01,4.0965899162284896e-14,1.6531938590672743,20.92536149449996
local_shift,17,0.01,0.05,2.483038366793163e-15,1.2304026178267709,9.136924430972813
local_shift,18,0.0001,0.0,1.008046997611609e-12,0.6370119787693284,127.52540891455224
local_shift,18,0.001,0.01,5.912555478888376e-14,0.6303338754688059,77.92363196934404
local_shift,18,0.01,0.05,3.4077264018314953e-15,0.5887697904519441,29.45421737717779
local_shift,19,0.0001,0.0,6.885659435758076e-13,1.7044364672051655,52.32845603519789
local_shift,19,0.001,0.01,3.611901508836977e-14,1.5672555622807391,35.5797647149492
local_shift,19,0.01,0.05,1.8046738964131498e-14,1.3300555848619036,15.129300915161783
local_shift,20,0.0001,0.0,2.0006262957682982e-13,2.9198208173863343,170.75752880118773
local_shift,20,0.001,0.01,1.6924717555623824e-14,2.3574242382817436,68.0179131500523
local_shift,20,0.01,0.05,3.2921962195513267e-15,1.1244266838926233,20.077611765983526
local_shift,21,0.0001,0.0,9.005540536921521e-13,2.1298388313005128,21.716853990859132
local_shift,21,0.001,0.01,4.499909504235736e-14,1.7611871392243967,19.138274749014915
local_shift,21,0.01,0.05,5.579444595149285e-15,1.0875551492734408,12.087517596542781
local_shift,22,0.0001,0.0,2.124779803735759e-13,0.913634864837605,21.310144852936794
local_shift,22,0.001,0.01,3.3337107513726565e-14,0.8352008896311827,16.82645111465773
local_shift,22,0.01,0.05,2.7568555596386382e-15,0.5754151351429376,8.70866572606771
local_shift,23,0.0001,0.0,3.3301646763966034e-13,1.6715284380897113,258.45578373525586
local_shift,23,0.001,0.01,7.054504218084087e-14,1.7232093414224952,67.5797323106713
local_shift,23,0.01,0.05,3.532817064554439e-15,0.6479923516183488,18.830083185431544
local_shift,24,0.0001,0.0,8.873271094659363e-13,3.8264556979589712,42.49491303709119
local_shift,24,0.001,0.01,5.0287749213075894e-14,2.062560878284289,30.483265743444257
local_shift,24,0.01,0.05,4.837006336428931e-15,0.6778227764451554,14.741465440000962
large_shift,0,0.0001,0.0,1.7816687195560515e-13,4.437314163322822,8260.066767520722
large_shift,0,0.001,0.01,2.8293408175899545e-14,0.41334943466949153,156.84756015143483
large_shift,0,0.01,0.05,6.859280941389211e-16,0.26789899946403906,33.11173302152496
large_shift,1,0.0001,0.0,1.0255956180717683e-12,3.01683826725391,42.019883175029044
large_shift,1,0.001,0.01,3.8612265558043456e-14,2.4513532926894057,31.093019110003777
large_shift,1,0.01,0.05,2.5232422093840846e-15,1.17350304951627,13.77220402275161
large_shift,2,0.0001,0.0,7.216760302319967e-14,1.620585430335869,21.056301940658255
large_shift,2,0.001,0.01,6.088589788872959e-14,1.4696327429435287,17.674279887638
large_shift,2,0.01,0.05,4.3302089434354435e-15,1.0121290182537535,10.154291094372327
large_shift,3,0.0001,0.0,3.4262738561261747e-13,1.7628261945543402,102.78978625745572
large_shift,3,0.001,0.01,2.2558940518311672e-14,1.306228562092279,54.96605002534464
large_shift,3,0.01,0.05,2.0707454514451944e-15,0.7105715353069295,19.940238700221695
large_shift,4,0.0001,0.0,6.101682767535062e-13,2.428624849379114,47.331896920050966
large_shift,4,0.001,0.01,5.267737105783986e-14,1.5582465743885912,29.479390294018973
large_shift,4,0.01,0.05,3.4223205784122007e-15,0.7293222596452827,11.66836989882447
large_shift,5,0.0001,0.0,6.300440358677571e-13,1.791711087568473,923.0544842979243
large_shift,5,0.001,0.01,1.1438122572289699e-14,1.0629043072167377,130.90134737299292
large_shift,5,0.01,0.05,9.124975273015902e-16,0.3309159903378215,30.113570106410922
large_shift,6,0.0001,0.0,6.3315343711523e-13,0.4799920915559462,45.43217533410974
large_shift,6,0.001,0.01,4.409782772691478e-14,0.4494327618604186,36.97927071502363
large_shift,6,0.01,0.05,2.3059401919324537e-15,0.39105164592004066,20.17752372982734
large_shift,7,0.0001,0.0,3.6103291413911033e-13,0.8539866545307886,79.08431865074634
large_shift,7,0.001,0.01,2.6899209999843138e-14,0.8401753640905706,56.612983704679785
large_shift,7,0.01,0.05,2.6626191463076076e-15,0.6998107715534103,24.968469207461133
large_shift,8,0.0001,0.0,2.305308386477763e-13,1.5031357426779632,1981.761924444902
large_shift,8,0.001,0.01,5.847162651824289e-14,1.1896568157048604,201.60507956725726
large_shift,8,0.01,0.05,3.187772341170201e-15,0.6187247538148628,41.959240387776674
large_shift,9,0.0001,0.0,6.574634511631267e-13,2.2558589815031493,1993.8539171131974
large_shift,9,0.001,0.01,3.45000994693518e-14,1.307541831799335,77.33558324099978
large_shift,9,0.01,0.05,2.1706215757737395e-15,0.4180716666770962,16.058909441873727
large_shift,10,0.0001,0.0,6.621664422988585e-13,2.6105675457848,55.34185999576313
large_shift,10,0.001,0.01,2.0788615782727e-14,1.8787602400808148,34.8099532047428
large_shift,10,0.01,0.05,4.762124010896787e-15,0.9616249381958759,14.032147868183122
large_shift,11,0.0001,0.0,2.852276069681064e-13,1.6892127199515883,125.84176659381386
large_shift,11,0.001,0.01,1.5251849802481106e-14,1.2329786431545753,57.69544891732212
large_shift,11,0.01,0.05,2.216524550797938e-15,0.6367712626396472,18.145695207862115
large_shift,12,0.0001,0.0,2.1069702700714087e-12,13.072640160957958,284.0586088605917
large_shift,12,0.001,0.01,2.3097296341870665e-14,3.186164708995942,107.18028059939775
large_shift,12,0.01,0.05,3.8583744354487495e-15,0.6595998420883683,30.36251607256126
large_shift,13,0.0001,0.0,6.746045315109678e-13,2.0318694074141206,12.385048361679969
large_shift,13,0.001,0.01,6.474587570463337e-14,1.8124635593499414,10.72104014888346
large_shift,13,0.01,0.05,4.157434098804604e-15,1.146925249105095,6.444174390260688
large_shift,14,0.0001,0.0,4.4073606444627626e-13,0.8598494839591928,11.235145052598261
large_shift,14,0.001,0.01,2.1685328494783766e-14,0.7762308429081769,9.975559453386326
large_shift,14,0.01,0.05,2.386376812161225e-15,0.49372536995718075,6.386694367731704
large_shift,15,0.0001,0.0,3.2147666216377486e-13,1.8493991675888515,23.11246856018158
large_shift,15,0.001,0.01,6.313391007820977e-14,1.6334949775512155,19.37667515679659
large_shift,15,0.01,0.05,9.98442999176556e-16,1.0177782403817583,10.89814796325355
large_shift,16,0.0001,0.0,3.395075320358852e-13,1.5686400890157683,11.004099502632812
large_shift,16,0.001,0.01,2.1465712503075732e-14,1.37832012971013,9.707719592937458
large_shift,16,0.01,0.05,2.155864197553384e-15,0.7419430087850377,6.070710047531605
large_shift,17,0.0001,0.0,3.0388217313791123e-13,1.7573203568117461,28.310706673345813
large_shift,17,0.001,0.01,4.0965899162284896e-14,1.6531938590672743,20.92536149449996
large_shift,17,0.01,0.05,2.483038366793163e-15,1.2304026178267709,9.136924430972813
large_shift,18,0.0001,0.0,1.008046997611609e-12,0.6370119787693284,127.52540891455224
large_shift,18,0.001,0.01,5.912555478888376e-14,0.6303338754688059,77.92363196934404
large_shift,18,0.01,0.05,3.4077264018314953e-15,0.5887697904519441,29.45421737717779
large_shift,19,0.0001,0.0,6.885659435758076e-13,1.7044364672051655,52.32845603519789
large_shift,19,0.001,0.01,3.611901508836977e-14,1.5672555622807391,35.5797647149492
large_shift,19,0.01,0.05,1.8046738964131498e-14,1.3300555848619036,15.129300915161783
large_shift,20,0.0001,0.0,2.0006262957682982e-13,2.9198208173863343,170.75752880118773
large_shift,20,0.001,0.01,1.6924717555623824e-14,2.3574242382817436,68.0179131500523
large_shift,20,0.01,0.05,3.2921962195513267e-15,1.1244266838926233,20.077611765983526
large_shift,21,0.0001,0.0,9.005540536921521e-13,2.1298388313005128,21.716853990859132
large_shift,21,0.001,0.01,4.499909504235736e-14,1.7611871392243967,19.138274749014915
large_shift,21,0.01,0.05,5.579444595149285e-15,1.0875551492734408,12.087517596542781
large_shift,22,0.0001,0.0,2.124779803735759e-13,0.913634864837605,21.310144852936794
large_shift,22,0.001,0.01,3.3337107513726565e-14,0.8352008896311827,16.82645111465773
large_shift,22,0.01,0.05,2.7568555596386382e-15,0.5754151351429376,8.70866572606771
large_shift,23,0.0001,0.0,3.3301646763966034e-13,1.6715284380897113,258.45578373525586
large_shift,23,0.001,0.01,7.054504218084087e-14,1.7232093414224952,67.5797323106713
large_shift,23,0.01,0.05,3.532817064554439e-15,0.6479923516183488,18.830083185431544
large_shift,24,0.0001,0.0,8.873271094659363e-13,3.8264556979589712,42.49491303709119
large_shift,24,0.001,0.01,5.0287749213075894e-14,2.062560878284289,30.483265743444257
large_shift,24,0.01,0.05,4.837006336428931e-15,0.6778227764451554,14.741465440000962
