case,depth,loose_modes,aware_modes,has_zero,trial,residual,condition_A,forbidden_energy
L1 [1],1,3,2,False,0,3.837260366434863e-16,1.0,6.778979989137461e-34
L1 [1],1,3,2,False,1,1.4819082871889742e-15,1.0,2.066668303602816e-33
L1 [1],1,3,2,False,2,3.9242129408117736e-16,1.0,4.745725812188733e-34
L1 [1],1,3,2,False,3,4.155991595022657e-16,1.0,3.526645372700474e-36
L1 [1],1,3,2,False,4,7.470932387054147e-15,1.0,1.6077626277488693e-33
L1 [1],1,3,2,False,5,3.8634977410091373e-16,1.0,7.692368373918089e-35
L1 [1],1,3,2,False,6,3.4948540558340773e-16,1.0,3.0697466657754905e-35
L1 [1],1,3,2,False,7,4.545424806225501e-16,1.0,2.1580317111569113e-33
L1 [1],1,3,2,False,8,3.5185248462899476e-16,1.0,2.9608430808808187e-33
L1 [1],1,3,2,False,9,3.906148676223966e-16,1.0,2.5906041383133005e-33
L1 [1],1,3,2,False,10,3.468344782747209e-16,1.0,3.725497693029285e-33
L1 [1],1,3,2,False,11,6.849363965004683e-16,1.0,3.0008306931931654e-36
L1 [1],1,3,2,False,12,4.659845050809822e-16,1.0,7.289768599826989e-35
L1 [1],1,3,2,False,13,5.601484079423422e-16,1.0,3.006351316216005e-33
L1 [1],1,3,2,False,14,3.5112571294447064e-16,1.0,1.5225184239636828e-33
L1 [1],1,3,2,False,15,4.109885767349574e-15,1.0,5.950108227782663e-33
L1 [1],1,3,2,False,16,2.8842867364701695e-16,1.0,9.053130934184113e-34
L1 [1],1,3,2,False,17,4.1433543724299023e-16,1.0,1.4134510789396895e-33
L1 [1],1,3,2,False,18,5.474657367914605e-16,1.0,4.792649377314081e-37
L1 [1],1,3,2,False,19,4.650392010031216e-16,1.0,2.918509097917287e-33
L1 [1],1,3,2,False,20,3.8631330437296406e-16,1.0,4.896365967788552e-34
L1 [1],1,3,2,False,21,4.600532625624182e-16,1.0,4.3809117442857346e-33
L1 [1],1,3,2,False,22,5.676490600186278e-16,1.0,3.288776445890637e-33
L1 [1],1,3,2,False,23,9.287898278005368e-16,1.0,4.941577350417098e-35
L1 [1],1,3,2,False,24,5.463845055254844e-16,1.0,1.279483511497654e-33
L1 [1],1,3,2,False,25,5.552354181817462e-16,1.0,1.2947931327884378e-33
L1 [1],1,3,2,False,26,3.4153834234088047e-16,1.0,5.6189588639333e-36
L1 [1],1,3,2,False,27,4.695178355139587e-16,1.0,9.00773057337481e-34
L1 [1],1,3,2,False,28,3.805011404686648e-16,1.0,1.9700252303806526e-33
L1 [1],1,3,2,False,29,3.888866459219279e-16,1.0,9.06911280013798e-36
L1 [1],1,3,2,False,30,3.6388691646618935e-16,1.0,4.025088427377565e-33
L1 [1],1,3,2,False,31,3.2858451912317576e-16,1.0,1.121600112371556e-34
L1 [1],1,3,2,False,32,2.7442927257842307e-16,1.0,4.3342429784507024e-33
L1 [1],1,3,2,False,33,4.1740766179530887e-16,1.0,1.995333886536938e-34
L1 [1],1,3,2,False,34,4.3992932447394717e-16,1.0,8.787291869437174e-34
L1 [1],1,3,2,False,35,4.3954226386301367e-16,1.0,2.540257490125803e-34
L1 [1],1,3,2,False,36,4.688499119511238e-16,1.0,9.25289256907437e-34
L1 [1],1,3,2,False,37,5.414004902427455e-16,1.0,3.231439671985043e-33
L1 [1],1,3,2,False,38,3.75234654626704e-16,1.0,6.48524886356093e-34
L1 [1],1,3,2,False,39,4.717647702049083e-16,1.0,1.3419310257205361e-33
L1 [1],1,3,2,False,40,4.2825070885198717e-16,1.0,2.1329941379694017e-35
L1 [1],1,3,2,False,41,3.18035536872876e-16,1.0,9.278618101094247e-34
L1 [1],1,3,2,False,42,6.647054522423745e-16,1.0,6.259207610420497e-33
L1 [1],1,3,2,False,43,6.183169166181546e-16,1.0,1.821797555308397e-33
L1 [1],1,3,2,False,44,4.950168662588377e-16,1.0,1.1003544036949727e-33
L1 [1],1,3,2,False,45,4.824051976216244e-16,1.0,2.760092293409606e-33
L1 [1],1,3,2,False,46,3.840140329232003e-16,1.0,1.1065531504638794e-34
L1 [1],1,3,2,False,47,5.195769993238276e-16,1.0,4.8825612346405116e-34
L1 [1],1,3,2,False,48,3.2783210168997993e-16,1.0,2.2345720814268103e-33
L1 [1],1,3,2,False,49,4.825959610156979e-16,1.0,1.881946956838239e-33
"L2 [1,2]",2,7,4,False,0,4.574069595479583e-16,1.0000000000000002,1.3549093304257214e-32
"L2 [1,2]",2,7,4,False,1,8.05367216835591e-16,1.0000000000000002,1.1629896211545423e-33
"L2 [1,2]",2,7,4,False,2,8.89401188652141e-16,1.0000000000000002,1.1560654406532797e-32
"L2 [1,2]",2,7,4,False,3,4.261998382430079e-16,1.0000000000000002,7.815996128627875e-33
"L2 [1,2]",2,7,4,False,4,4.636369564309395e-16,1.0000000000000002,5.3377469268472834e-33
"L2 [1,2]",2,7,4,False,5,9.440645501294485e-16,1.0000000000000002,7.149847431633841e-32
"L2 [1,2]",2,7,4,False,6,1.1302958534638961e-15,1.0000000000000002,5.623907948398879e-33
"L2 [1,2]",2,7,4,False,7,4.4343715052904023e-16,1.0000000000000002,3.994755212712607e-33
"L2 [1,2]",2,7,4,False,8,4.1734704937694785e-16,1.0000000000000002,7.284786076999591e-32
"L2 [1,2]",2,7,4,False,9,8.603154971157608e-16,1.0000000000000002,1.7752853610619564e-33
"L2 [1,2]",2,7,4,False,10,7.642318184703601e-16,1.0000000000000002,8.383883456377898e-32
"L2 [1,2]",2,7,4,False,11,5.3156502274246605e-16,1.0000000000000002,3.598621275144912e-33
"L2 [1,2]",2,7,4,False,12,8.595508205447077e-16,1.0000000000000002,1.1110325298116943e-33
"L2 [1,2]",2,7,4,False,13,3.4916497163541203e-16,1.0000000000000002,9.00545833235431e-34
"L2 [1,2]",2,7,4,False,14,5.305501378814765e-16,1.0000000000000002,5.4271319956655897e-33
"L2 [1,2]",2,7,4,False,15,3.935373407593524e-16,1.0000000000000002,1.1731780658898352e-32
"L2 [1,2]",2,7,4,False,16,8.343535621626216e-16,1.0000000000000002,1.9236360642246128e-32
"L2 [1,2]",2,7,4,False,17,7.89936428012638e-16,1.0000000000000002,1.566449252025623e-32
"L2 [1,2]",2,7,4,False,18,4.258599878855071e-16,1.0000000000000002,1.2425250850350105e-33
"L2 [1,2]",2,7,4,False,19,5.503788084761974e-16,1.0000000000000002,8.103340224573854e-33
"L2 [1,2]",2,7,4,False,20,1.1269944568329919e-15,1.0000000000000002,1.1328293137075303e-32
"L2 [1,2]",2,7,4,False,21,5.513285883426369e-16,1.0000000000000002,6.361141773110218e-33
"L2 [1,2]",2,7,4,False,22,5.254234424509656e-16,1.0000000000000002,7.91500471893235e-34
"L2 [1,2]",2,7,4,False,23,4.624003479728104e-16,1.0000000000000002,9.789344631872147e-34
"L2 [1,2]",2,7,4,False,24,1.1129848444427703e-15,1.0000000000000002,7.919391401231276e-33
"L2 [1,2]",2,7,4,False,25,3.9938390900792915e-16,1.0000000000000002,6.310912371234323e-33
"L2 [1,2]",2,7,4,False,26,5.979791559872518e-16,1.0000000000000002,1.9648978229525637e-32
"L2 [1,2]",2,7,4,False,27,4.162794274497097e-16,1.0000000000000002,5.26878460180904e-33
"L2 [1,2]",2,7,4,False,28,6.600829883369813e-16,1.0000000000000002,7.615016932079308e-33
"L2 [1,2]",2,7,4,False,29,9.556691731218472e-16,1.0000000000000002,9.752881968550276e-33
"L2 [1,2]",2,7,4,False,30,9.11654198776261e-16,1.0000000000000002,7.235659086923776e-34
"L2 [1,2]",2,7,4,False,31,7.290732187767817e-16,1.0000000000000002,1.3769269182740446e-33
"L2 [1,2]",2,7,4,False,32,9.003483347546544e-16,1.0000000000000002,1.4513086810249509e-32
"L2 [1,2]",2,7,4,False,33,6.169211577294298e-16,1.0000000000000002,2.7066801545457408e-33
"L2 [1,2]",2,7,4,False,34,9.02998028948146e-16,1.0000000000000002,1.4703519875564085e-32
"L2 [1,2]",2,7,4,False,35,7.70040441417182e-16,1.0000000000000002,7.329144524530414e-33
"L2 [1,2]",2,7,4,False,36,6.529276481652734e-16,1.0000000000000002,9.070092259981986e-33
"L2 [1,2]",2,7,4,False,37,9.674429516360047e-16,1.0000000000000002,5.8373768041913065e-33
"L2 [1,2]",2,7,4,False,38,6.772359855185524e-16,1.0000000000000002,8.451521095184712e-33
"L2 [1,2]",2,7,4,False,39,5.349280985620618e-16,1.0000000000000002,1.0232821268206521e-33
"L2 [1,2]",2,7,4,False,40,4.603364304678464e-16,1.0000000000000002,2.6182335466298327e-33
"L2 [1,2]",2,7,4,False,41,7.988397962379449e-16,1.0000000000000002,2.1169896729883903e-32
"L2 [1,2]",2,7,4,False,42,4.879900374133024e-16,1.0000000000000002,1.201868292927556e-32
"L2 [1,2]",2,7,4,False,43,7.237678504515684e-16,1.0000000000000002,2.3472676193240568e-33
"L2 [1,2]",2,7,4,False,44,6.494721027885711e-16,1.0000000000000002,4.099199547536621e-34
"L2 [1,2]",2,7,4,False,45,4.786337039313915e-16,1.0000000000000002,2.985967414455404e-33
"L2 [1,2]",2,7,4,False,46,1.0258894082365055e-15,1.0000000000000002,4.2944329286894463e-32
"L2 [1,2]",2,7,4,False,47,1.0845356061645954e-15,1.0000000000000002,2.8384471259110687e-32
"L2 [1,2]",2,7,4,False,48,6.360128507125511e-16,1.0000000000000002,3.333954927854494e-33
"L2 [1,2]",2,7,4,False,49,6.984109288049836e-16,1.0000000000000002,4.223243029327624e-33
"L3 [1,2,4]",3,15,8,False,0,1.4104925569883662e-15,1.0000000000000004,2.6012738010534045e-31
"L3 [1,2,4]",3,15,8,False,1,1.2545054381137316e-15,1.0000000000000004,1.8095048953019757e-32
"L3 [1,2,4]",3,15,8,False,2,1.2985616492249152e-15,1.0000000000000004,2.876074980491756e-32
"L3 [1,2,4]",3,15,8,False,3,1.1805808596295282e-15,1.0000000000000004,9.854154472802442e-32
"L3 [1,2,4]",3,15,8,False,4,1.1250540906254202e-15,1.0000000000000004,2.9041048439565214e-32
"L3 [1,2,4]",3,15,8,False,5,1.1048314080896388e-15,1.0000000000000004,2.0595656730040564e-31
"L3 [1,2,4]",3,15,8,False,6,1.2235169995893332e-15,1.0000000000000004,2.614565425548469e-32
"L3 [1,2,4]",3,15,8,False,7,9.659122442075738e-16,1.0000000000000004,1.2873386029239744e-31
"L3 [1,2,4]",3,15,8,False,8,1.280966962933087e-15,1.0000000000000004,1.4809778387846663e-31
"L3 [1,2,4]",3,15,8,False,9,7.521262033976439e-16,1.0000000000000004,6.433492182962095e-32
"L3 [1,2,4]",3,15,8,False,10,7.694051780822421e-16,1.0000000000000004,2.9447821659338787e-32
"L3 [1,2,4]",3,15,8,False,11,7.785486964963133e-16,1.0000000000000004,3.801215322099838e-32
"L3 [1,2,4]",3,15,8,False,12,7.40499351249772e-16,1.0000000000000004,1.0021457003352669e-32
"L3 [1,2,4]",3,15,8,False,13,1.1865153324021602e-15,1.0000000000000004,8.381795786565728e-32
"L3 [1,2,4]",3,15,8,False,14,1.2472530690275589e-15,1.0000000000000004,3.702550978997434e-32
"L3 [1,2,4]",3,15,8,False,15,1.3724074737123938e-15,1.0000000000000004,2.176505304022295e-31
"L3 [1,2,4]",3,15,8,False,16,1.328568584946712e-15,1.0000000000000004,1.4265179743344193e-32
"L3 [1,2,4]",3,15,8,False,17,9.47363996412187e-16,1.0000000000000004,1.2859242748987431e-32
"L3 [1,2,4]",3,15,8,False,18,6.755024514850855e-16,1.0000000000000004,7.49359198556002e-33
"L3 [1,2,4]",3,15,8,False,19,1.1355040715486364e-15,1.0000000000000004,3.2102971748852045e-32
"L3 [1,2,4]",3,15,8,False,20,8.177060225621789e-16,1.0000000000000004,8.770068255334112e-33
"L3 [1,2,4]",3,15,8,False,21,9.19507586105169e-16,1.0000000000000004,4.4074237113360076e-32
"L3 [1,2,4]",3,15,8,False,22,1.3319303380280539e-15,1.0000000000000004,1.2553128511349969e-31
"L3 [1,2,4]",3,15,8,False,23,1.1027086037159007e-15,1.0000000000000004,3.148730764277672e-32
"L3 [1,2,4]",3,15,8,False,24,9.094900112187555e-16,1.0000000000000004,1.9018056381653983e-32
"L3 [1,2,4]",3,15,8,False,25,1.125494487347663e-15,1.0000000000000004,6.497263480644006e-32
"L3 [1,2,4]",3,15,8,False,26,6.632237781777602e-16,1.0000000000000004,2.10156475015111e-32
"L3 [1,2,4]",3,15,8,False,27,9.65200255129348e-16,1.0000000000000004,5.297845147270614e-32
"L3 [1,2,4]",3,15,8,False,28,1.1307010485020368e-15,1.0000000000000004,1.711200986131409e-31
"L3 [1,2,4]",3,15,8,False,29,1.2260896763976215e-15,1.0000000000000004,7.899998904517141e-32
"L3 [1,2,4]",3,15,8,False,30,1.5740061481964603e-15,1.0000000000000004,8.608944051937278e-32
"L3 [1,2,4]",3,15,8,False,31,1.5866889191052852e-15,1.0000000000000004,6.919869372519778e-32
"L3 [1,2,4]",3,15,8,False,32,6.536965565294869e-16,1.0000000000000004,1.735116317537941e-32
"L3 [1,2,4]",3,15,8,False,33,1.126656893983056e-15,1.0000000000000004,9.581144114023372e-32
"L3 [1,2,4]",3,15,8,False,34,8.062671050716086e-16,1.0000000000000004,9.571215112805153e-33
"L3 [1,2,4]",3,15,8,False,35,1.505346408493019e-15,1.0000000000000004,7.550043684560021e-32
"L3 [1,2,4]",3,15,8,False,36,7.364065965756779e-16,1.0000000000000004,1.108071198126288e-32
"L3 [1,2,4]",3,15,8,False,37,7.159027080004627e-16,1.0000000000000004,9.217404260681936e-32
"L3 [1,2,4]",3,15,8,False,38,7.511725877097389e-16,1.0000000000000004,9.316434715858349e-33
"L3 [1,2,4]",3,15,8,False,39,1.1696239508234867e-15,1.0000000000000004,6.820985542465928e-32
"L3 [1,2,4]",3,15,8,False,40,1.3797018216869187e-15,1.0000000000000004,7.946976797303991e-32
"L3 [1,2,4]",3,15,8,False,41,8.801481765859457e-16,1.0000000000000004,4.997151725702483e-32
"L3 [1,2,4]",3,15,8,False,42,8.98983649722304e-16,1.0000000000000004,1.3851583286784348e-31
"L3 [1,2,4]",3,15,8,False,43,5.136815358784282e-16,1.0000000000000004,2.912125813479601e-32
"L3 [1,2,4]",3,15,8,False,44,8.086454869861263e-16,1.0000000000000004,1.9384898777491488e-32
"L3 [1,2,4]",3,15,8,False,45,1.0301836349660025e-15,1.0000000000000004,4.65368208745176e-32
"L3 [1,2,4]",3,15,8,False,46,6.548134772054095e-16,1.0000000000000004,8.695851742867317e-33
"L3 [1,2,4]",3,15,8,False,47,1.2874134794205875e-15,1.0000000000000004,1.932330938341728e-31
"L3 [1,2,4]",3,15,8,False,48,1.0632142027949344e-15,1.0000000000000004,1.718068037239854e-31
"L3 [1,2,4]",3,15,8,False,49,1.407719428141422e-15,1.0000000000000004,4.206186399892527e-32
"L3 [1,2,3]",3,13,11,True,0,9.49373503160623e-16,1.4142135623730951,2.693261824860892e-32
"L3 [1,2,3]",3,13,11,True,1,1.220761826288369e-15,1.4142135623730951,2.4439647371642032e-32
"L3 [1,2,3]",3,13,11,True,2,1.5458440456262717e-15,1.4142135623730951,7.093787750515718e-33
"L3 [1,2,3]",3,13,11,True,3,1.174920022269481e-15,1.4142135623730951,2.69024033174646e-32
"L3 [1,2,3]",3,13,11,True,4,9.24573951273356e-16,1.4142135623730951,1.378408146033684e-32
"L3 [1,2,3]",3,13,11,True,5,7.474351642443492e-16,1.4142135623730951,1.091923409744963e-33
"L3 [1,2,3]",3,13,11,True,6,9.079894571040785e-16,1.4142135623730951,3.295584136732405e-33
"L3 [1,2,3]",3,13,11,True,7,1.0083965669033867e-15,1.4142135623730951,4.913639124937049e-32
"L3 [1,2,3]",3,13,11,True,8,1.0519143357823766e-15,1.4142135623730951,2.098404696687986e-33
"L3 [1,2,3]",3,13,11,True,9,7.186019135572664e-16,1.4142135623730951,3.865614594304247e-32
"L3 [1,2,3]",3,13,11,True,10,7.722427041222886e-16,1.4142135623730951,2.196713647319811e-32
"L3 [1,2,3]",3,13,11,True,11,1.0129720444389601e-15,1.4142135623730951,5.609345049297445e-32
"L3 [1,2,3]",3,13,11,True,12,1.120551742235346e-15,1.4142135623730951,5.600506736964384e-32
"L3 [1,2,3]",3,13,11,True,13,7.976142971668031e-16,1.4142135623730951,2.0247499463568195e-32
"L3 [1,2,3]",3,13,11,True,14,7.257024622804877e-16,1.4142135623730951,9.480942113452601e-33
"L3 [1,2,3]",3,13,11,True,15,1.1340366481804842e-15,1.4142135623730951,3.1507592303358984e-33
"L3 [1,2,3]",3,13,11,True,16,1.048468104923441e-15,1.4142135623730951,1.7205103255807483e-33
"L3 [1,2,3]",3,13,11,True,17,9.635625288211095e-16,1.4142135623730951,3.1850894378865575e-33
"L3 [1,2,3]",3,13,11,True,18,9.026128920662336e-16,1.4142135623730951,1.1377385588219919e-32
"L3 [1,2,3]",3,13,11,True,19,7.322784169368741e-16,1.4142135623730951,1.2497094915073383e-33
"L3 [1,2,3]",3,13,11,True,20,1.3392564534884944e-15,1.4142135623730951,3.101426370085796e-32
"L3 [1,2,3]",3,13,11,True,21,8.815579482284918e-16,1.4142135623730951,7.621794256716548e-32
"L3 [1,2,3]",3,13,11,True,22,9.678709445111608e-16,1.4142135623730951,8.342877951884965e-33
"L3 [1,2,3]",3,13,11,True,23,1.2663624798265227e-15,1.4142135623730951,4.315781948486567e-33
"L3 [1,2,3]",3,13,11,True,24,1.3637472095100904e-15,1.4142135623730951,8.812102918761092e-34
"L3 [1,2,3]",3,13,11,True,25,1.0790662718030338e-15,1.4142135623730951,5.6327278554691334e-33
"L3 [1,2,3]",3,13,11,True,26,1.5696011171772434e-15,1.4142135623730951,2.2055938775907808e-32
"L3 [1,2,3]",3,13,11,True,27,8.744260223084376e-16,1.4142135623730951,3.1051448877758523e-33
"L3 [1,2,3]",3,13,11,True,28,9.28773072755512e-16,1.4142135623730951,1.6853387384941903e-32
"L3 [1,2,3]",3,13,11,True,29,7.618929314271391e-16,1.4142135623730951,4.18520475425097e-32
"L3 [1,2,3]",3,13,11,True,30,9.382086742890947e-16,1.4142135623730951,9.32655732891029e-32
"L3 [1,2,3]",3,13,11,True,31,8.452532878217545e-16,1.4142135623730951,1.0960732179819416e-33
"L3 [1,2,3]",3,13,11,True,32,6.97535035159305e-16,1.4142135623730951,8.265197784035094e-33
"L3 [1,2,3]",3,13,11,True,33,7.586448885663714e-16,1.4142135623730951,5.9892274787010096e-33
"L3 [1,2,3]",3,13,11,True,34,1.1984614265450796e-15,1.4142135623730951,7.539242102813584e-33
"L3 [1,2,3]",3,13,11,True,35,1.3326329058478478e-15,1.4142135623730951,5.27471685621727e-33
"L3 [1,2,3]",3,13,11,True,36,1.4182098292709023e-15,1.4142135623730951,7.192523732446261e-33
"L3 [1,2,3]",3,13,11,True,37,1.0768228090614962e-15,1.4142135623730951,8.25735042578161e-34
"L3 [1,2,3]",3,13,11,True,38,1.0472768839482742e-15,1.4142135623730951,3.928104375379989e-33
"L3 [1,2,3]",3,13,11,True,39,1.2358137079767349e-15,1.4142135623730951,1.1300329734454112e-31
"L3 [1,2,3]",3,13,11,True,40,6.862355310690311e-16,1.4142135623730951,3.390705286973321e-34
"L3 [1,2,3]",3,13,11,True,41,1.3712975418411395e-15,1.4142135623730951,1.7988238258393903e-31
"L3 [1,2,3]",3,13,11,True,42,1.09521485409083e-15,1.4142135623730951,2.6950792863475664e-32
"L3 [1,2,3]",3,13,11,True,43,1.1733056711552102e-15,1.4142135623730951,5.512962591075711e-32
"L3 [1,2,3]",3,13,11,True,44,7.514493517421781e-16,1.4142135623730951,2.8424861176303137e-33
"L3 [1,2,3]",3,13,11,True,45,9.871338026210616e-16,1.4142135623730951,4.246415788407628e-33
"L3 [1,2,3]",3,13,11,True,46,1.1517006255238057e-15,1.4142135623730951,1.7804430573542065e-33
"L3 [1,2,3]",3,13,11,True,47,9.904030168681012e-16,1.4142135623730951,2.8587257942406805e-33
"L3 [1,2,3]",3,13,11,True,48,9.339009384886163e-16,1.4142135623730951,1.368942822812944e-31
"L3 [1,2,3]",3,13,11,True,49,7.164054964770791e-16,1.4142135623730951,5.717051388893111e-33
"L3 [1,sqrt(2),3]",3,27,18,False,0,1.2579520380425173e-15,1469800.873163008,
"L3 [1,sqrt(2),3]",3,27,18,False,1,9.864724565293772e-16,1469800.873163008,
"L3 [1,sqrt(2),3]",3,27,18,False,2,1.5301071102397773e-15,1469800.873163008,
"L3 [1,sqrt(2),3]",3,27,18,False,3,2.37194539754246e-15,1469800.873163008,
"L3 [1,sqrt(2),3]",3,27,18,False,4,1.3350682060767375e-15,1469800.873163008,
"L3 [1,sqrt(2),3]",3,27,18,False,5,1.1541862607241678e-15,1469800.873163008,
"L3 [1,sqrt(2),3]",3,27,18,False,6,8.120763458067759e-16,1469800.873163008,
"L3 [1,sqrt(2),3]",3,27,18,False,7,1.5673672101205289e-15,1469800.873163008,
"L3 [1,sqrt(2),3]",3,27,18,False,8,1.45056217129082e-15,1469800.873163008,
"L3 [1,sqrt(2),3]",3,27,18,False,9,1.6414150926933479e-15,1469800.873163008,
"L3 [1,sqrt(2),3]",3,27,18,False,10,1.5902279074623348e-15,1469800.873163008,
"L3 [1,sqrt(2),3]",3,27,18,False,11,2.2843029865472543e-15,1469800.873163008,
"L3 [1,sqrt(2),3]",3,27,18,False,12,1.7951872402420935e-15,1469800.873163008,
"L3 [1,sqrt(2),3]",3,27,18,False,13,1.0924359066105317e-15,1469800.873163008,
"L3 [1,sqrt(2),3]",3,27,18,False,14,1.6343978976026398e-15,1469800.873163008,
"L3 [1,sqrt(2),3]",3,27,18,False,15,1.3065741476961547e-15,1469800.873163008,
"L3 [1,sqrt(2),3]",3,27,18,False,16,1.2541030818282913e-15,1469800.873163008,
"L3 [1,sqrt(2),3]",3,27,18,False,17,1.8369997361149848e-15,1469800.873163008,
"L3 [1,sqrt(2),3]",3,27,18,False,18,1.2811127780438562e-15,1469800.873163008,
"L3 [1,sqrt(2),3]",3,27,18,False,19,1.5012977720470106e-15,1469800.873163008,
"L3 [1,sqrt(2),3]",3,27,18,False,20,1.616802522398195e-15,1469800.873163008,
"L3 [1,sqrt(2),3]",3,27,18,False,21,1.736446248270748e-15,1469800.873163008,
"L3 [1,sqrt(2),3]",3,27,18,False,22,4.144935587198099e-15,1469800.873163008,
"L3 [1,sqrt(2),3]",3,27,18,False,23,1.7194584663507646e-15,1469800.873163008,
"L3 [1,sqrt(2),3]",3,27,18,False,24,1.331291787872986e-15,1469800.873163008,
"L3 [1,sqrt(2),3]",3,27,18,False,25,1.2925464876668243e-15,1469800.873163008,
"L3 [1,sqrt(2),3]",3,27,18,False,26,1.3420962294269312e-15,1469800.873163008,
"L3 [1,sqrt(2),3]",3,27,18,False,27,2.3834317530817662e-15,1469800.873163008,
"L3 [1,sqrt(2),3]",3,27,18,False,28,1.849939729005394e-15,1469800.873163008,
"L3 [1,sqrt(2),3]",3,27,18,False,29,2.0702594539786503e-15,1469800.873163008,
"L3 [1,sqrt(2),3]",3,27,18,False,30,1.2783530042584167e-15,1469800.873163008,
"L3 [1,sqrt(2),3]",3,27,18,False,31,1.2150609979843005e-15,1469800.873163008,
"L3 [1,sqrt(2),3]",3,27,18,False,32,1.888648632247778e-15,1469800.873163008,
"L3 [1,sqrt(2),3]",3,27,18,False,33,1.2977926939923357e-15,1469800.873163008,
"L3 [1,sqrt(2),3]",3,27,18,False,34,1.0936947051837458e-15,1469800.873163008,
"L3 [1,sqrt(2),3]",3,27,18,False,35,1.0931772174727704e-15,1469800.873163008,
"L3 [1,sqrt(2),3]",3,27,18,False,36,1.1845752904818194e-15,1469800.873163008,
"L3 [1,sqrt(2),3]",3,27,18,False,37,1.5552075424469337e-15,1469800.873163008,
"L3 [1,sqrt(2),3]",3,27,18,False,38,9.92250877754278e-16,1469800.873163008,
"L3 [1,sqrt(2),3]",3,27,18,False,39,1.4433004460139566e-15,1469800.873163008,
"L3 [1,sqrt(2),3]",3,27,18,False,40,4.208417288853775e-15,1469800.873163008,
"L3 [1,sqrt(2),3]",3,27,18,False,41,1.6903310894651537e-15,1469800.873163008,
"L3 [1,sqrt(2),3]",3,27,18,False,42,4.228942425412763e-15,1469800.873163008,
"L3 [1,sqrt(2),3]",3,27,18,False,43,2.719229167766641e-15,1469800.873163008,
"L3 [1,sqrt(2),3]",3,27,18,False,44,1.581337536229671e-15,1469800.873163008,
"L3 [1,sqrt(2),3]",3,27,18,False,45,1.2314837540474475e-15,1469800.873163008,
"L3 [1,sqrt(2),3]",3,27,18,False,46,1.9631270996162954e-15,1469800.873163008,
"L3 [1,sqrt(2),3]",3,27,18,False,47,1.7439273512215988e-15,1469800.873163008,
"L3 [1,sqrt(2),3]",3,27,18,False,48,1.5552609818847981e-15,1469800.873163008,
"L3 [1,sqrt(2),3]",3,27,18,False,49,1.4788896706548284e-15,1469800.873163008,
"L4 [1,2,4,8]",4,31,16,False,0,2.0026430428716142e-15,1.0000000000000009,1.2830470654765881e-30
"L4 [1,2,4,8]",4,31,16,False,1,1.9005290934613934e-15,1.0000000000000009,1.7260702997605965e-31
"L4 [1,2,4,8]",4,31,16,False,2,1.7070889415352772e-15,1.0000000000000009,1.1710599008127954e-31
"L4 [1,2,4,8]",4,31,16,False,3,1.5250711746298909e-15,1.0000000000000009,1.2291813682044632e-31
"L4 [1,2,4,8]",4,31,16,False,4,1.6541087678271239e-15,1.0000000000000009,3.7105288402699226e-31
"L4 [1,2,4,8]",4,31,16,False,5,2.250645477769012e-15,1.0000000000000009,1.0064480767150333e-30
"L4 [1,2,4,8]",4,31,16,False,6,1.4920791745555423e-15,1.0000000000000009,1.3041195526489592e-31
"L4 [1,2,4,8]",4,31,16,False,7,1.9307497622067683e-15,1.0000000000000009,2.607920914388228e-31
"L4 [1,2,4,8]",4,31,16,False,8,2.0314024431770014e-15,1.0000000000000009,3.2559683103696193e-31
"L4 [1,2,4,8]",4,31,16,False,9,2.0892450112981068e-15,1.0000000000000009,9.733050084944591e-31
"L4 [1,2,4,8]",4,31,16,False,10,1.3496171195615844e-15,1.0000000000000009,4.7887121520094146e-31
"L4 [1,2,4,8]",4,31,16,False,11,1.9454733415783874e-15,1.0000000000000009,2.6240977157467395e-31
"L4 [1,2,4,8]",4,31,16,False,12,1.491348882386292e-15,1.0000000000000009,1.4413020773688056e-31
"L4 [1,2,4,8]",4,31,16,False,13,1.7096009835556107e-15,1.0000000000000009,3.1527300548710677e-31
"L4 [1,2,4,8]",4,31,16,False,14,1.299766561949805e-15,1.0000000000000009,7.597747660628595e-32
"L4 [1,2,4,8]",4,31,16,False,15,2.105955295906945e-15,1.0000000000000009,2.9619597694371094e-31
"L4 [1,2,4,8]",4,31,16,False,16,2.721649306840947e-15,1.0000000000000009,2.229897361457851e-30
"L4 [1,2,4,8]",4,31,16,False,17,1.7467184955501674e-15,1.0000000000000009,2.9938372881825146e-31
"L4 [1,2,4,8]",4,31,16,False,18,1.4015689733880649e-15,1.0000000000000009,1.7431842044634893e-31
"L4 [1,2,4,8]",4,31,16,False,19,1.7357237958491053e-15,1.0000000000000009,5.4294529942065526e-31
"L4 [1,2,4,8]",4,31,16,False,20,2.397965813787374e-15,1.0000000000000009,3.689928968565787e-30
"L4 [1,2,4,8]",4,31,16,False,21,2.1114180086657383e-15,1.0000000000000009,2.192190313876245e-31
"L4 [1,2,4,8]",4,31,16,False,22,2.379596783085534e-15,1.0000000000000009,2.8131359844374163e-30
"L4 [1,2,4,8]",4,31,16,False,23,1.8286491143539312e-15,1.0000000000000009,5.809828084326837e-31
"L4 [1,2,4,8]",4,31,16,False,24,2.394356779865899e-15,1.0000000000000009,1.6233722505636578e-30
"L4 [1,2,4,8]",4,31,16,False,25,1.7630485725937656e-15,1.0000000000000009,1.0216741505215102e-30
"L4 [1,2,4,8]",4,31,16,False,26,2.2697468941422234e-15,1.0000000000000009,2.6234219669572616e-30
"L4 [1,2,4,8]",4,31,16,False,27,1.3241287392957254e-15,1.0000000000000009,1.2608520024277297e-31
"L4 [1,2,4,8]",4,31,16,False,28,1.555752131302569e-15,1.0000000000000009,2.183078872169263e-31
"L4 [1,2,4,8]",4,31,16,False,29,1.5052300147704007e-15,1.0000000000000009,3.284150775592086e-31
"L4 [1,2,4,8]",4,31,16,False,30,1.7506511130047528e-15,1.0000000000000009,5.366899577197706e-31
"L4 [1,2,4,8]",4,31,16,False,31,3.024535822784571e-15,1.0000000000000009,2.0769690684944982e-31
"L4 [1,2,4,8]",4,31,16,False,32,2.1266488302707554e-15,1.0000000000000009,3.5622231004916005e-31
"L4 [1,2,4,8]",4,31,16,False,33,1.1442407225787087e-15,1.0000000000000009,1.0134793503613036e-31
"L4 [1,2,4,8]",4,31,16,False,34,1.846946896180085e-15,1.0000000000000009,4.695099613860868e-31
"L4 [1,2,4,8]",4,31,16,False,35,2.4117935641621183e-15,1.0000000000000009,2.8485856557469674e-30
"L4 [1,2,4,8]",4,31,16,False,36,1.753292841134102e-15,1.0000000000000009,9.40250266320611e-31
"L4 [1,2,4,8]",4,31,16,False,37,1.7787321586782805e-15,1.0000000000000009,2.220809743626411e-31
"L4 [1,2,4,8]",4,31,16,False,38,2.196371438054751e-15,1.0000000000000009,1.1552909645729015e-30
"L4 [1,2,4,8]",4,31,16,False,39,1.787356075949016e-15,1.0000000000000009,4.492888266259029e-31
"L4 [1,2,4,8]",4,31,16,False,40,1.994263229234022e-15,1.0000000000000009,8.921538106744269e-31
"L4 [1,2,4,8]",4,31,16,False,41,2.0617587840550934e-15,1.0000000000000009,3.29757935638882e-31
"L4 [1,2,4,8]",4,31,16,False,42,1.4077550159150352e-15,1.0000000000000009,8.615097612816414e-31
"L4 [1,2,4,8]",4,31,16,False,43,2.6410754552992354e-15,1.0000000000000009,4.3823403515678875e-31
"L4 [1,2,4,8]",4,31,16,False,44,1.7488834210309098e-15,1.0000000000000009,7.363308796290459e-31
"L4 [1,2,4,8]",4,31,16,False,45,2.162029669005426e-15,1.0000000000000009,3.3408407048445615e-31
"L4 [1,2,4,8]",4,31,16,False,46,1.7490792762483477e-15,1.0000000000000009,7.719641284876041e-32
"L4 [1,2,4,8]",4,31,16,False,47,2.1389663714479964e-15,1.0000000000000009,1.4247014814488778e-31
"L4 [1,2,4,8]",4,31,16,False,48,1.9069981421072032e-15,1.0000000000000009,3.3714172981615143e-31
"L4 [1,2,4,8]",4,31,16,False,49,1.7412214033449093e-15,1.0000000000000009,8.096426092187335e-31
