rho,budget,median_D_ctrl,median_mse,median_mse_over_initial,q25_ratio,q75_ratio,median_floor_ratio
0.0,10,5.632726036539302e-16,0.0007038167866277691,0.8797709832836111,0.8080391996014255,1.0613665519149391,3.2886621616077845e-31
0.0,25,5.632726036539302e-16,0.0001457457716572244,0.1821822145713026,0.12604632261290882,0.22298393320642393,3.2886621616077845e-31
0.0,50,5.632726036539302e-16,1.3070987367880522e-05,0.016338734209830164,0.012085657493314523,0.021349088656214092,3.2886621616077845e-31
0.0,100,5.632726036539302e-16,2.5274321681714713e-07,0.00031592902102103924,0.00010612444091992244,0.0006332897045130039,3.2886621616077845e-31
0.0,250,5.632726036539302e-16,5.150938798234477e-08,6.438673497785046e-05,1.2335112782489947e-05,6.949581332551524e-05,3.2886621616077845e-31
0.0,500,5.632726036539302e-16,2.390407175022146e-08,2.988008968773948e-05,2.170526971741578e-06,6.949580890854514e-05,3.2886621616077845e-31
0.5,10,0.4999999999999875,0.0008124465058865863,1.0155581323569631,0.884559970052393,1.210123755513536,0.2499999999996872
0.5,25,0.4999999999999875,0.0003884971932443588,0.4856214915548432,0.43929198848632317,0.523470374394893,0.2499999999996872
0.5,50,0.4999999999999875,0.0002182799293567373,0.2728499116955797,0.2612757741200855,0.27378950427658055,0.2499999999996872
0.5,100,0.4999999999999875,0.0002010696409391549,0.25133705117362914,0.24976669844180902,0.25312638859666886,0.2499999999996872
0.5,250,0.4999999999999875,0.00020019763747456505,0.2502470468428932,0.24962630854102472,0.2530480376118467,0.2499999999996872
0.5,500,0.4999999999999875,0.00020016438738006337,0.25020548422476624,0.24960480190617365,0.253048037588089,0.2499999999996872
1.0,10,0.999999999999975,0.0021456812734433318,2.6821015918008086,2.405067584757878,3.1091066963037575,0.9999999999987494
1.0,25,0.999999999999975,0.0010426116937087679,1.3032646171343316,1.2495860830177472,1.343852033034697,0.9999999999987494
1.0,50,0.999999999999975,0.000810787296534579,1.0134841206669565,1.009682900704174,1.0218897584534505,0.9999999999987494
1.0,100,0.999999999999975,0.0008001041972848595,1.0001302466048265,1.0000562882920367,1.0002432973044273,0.9999999999987494
1.0,250,0.999999999999975,0.0008000010927379506,1.0000013659211877,1.0000000000300733,1.0000130444136905,0.9999999999987494
1.0,500,0.999999999999975,0.000800000024032623,1.0000000300395278,0.9999999999991143,1.0000003647872515,0.9999999999987494
