base,repeat,rho,D_ctrl,budget,initial_mse,mse,mse_over_initial,predicted_floor_mse,predicted_floor_over_initial
0,0,0.0,1.0236912207950295e-15,10,0.000800000000000001,0.0007367490656378314,0.920936332046137,8.383549724262963e-34,1.0479437155315591e-30
0,0,0.0,1.0236912207950295e-15,25,0.000800000000000001,0.00014398285115211186,0.17997856393991463,8.383549724262963e-34,1.0479437155315591e-30
0,0,0.0,1.0236912207950295e-15,50,0.000800000000000001,1.0784468192892174e-05,0.013480585241098351,8.383549724262963e-34,1.0479437155315591e-30
0,0,0.0,1.0236912207950295e-15,100,0.000800000000000001,4.777758912936542e-07,0.0005972198641163205,8.383549724262963e-34,1.0479437155315591e-30
0,0,0.0,1.0236912207950295e-15,250,0.000800000000000001,7.694255781785908e-09,9.61781972722035e-06,8.383549724262963e-34,1.0479437155315591e-30
0,0,0.0,1.0236912207950295e-15,500,0.000800000000000001,2.018739927790397e-09,2.523424909734839e-06,8.383549724262963e-34,1.0479437155315591e-30
0,1,0.0,8.720250793904323e-16,10,0.0007999999999999998,0.001345202676571513,1.6815033457122899,6.083421912687422e-34,7.604277390849774e-31
0,1,0.0,8.720250793904323e-16,25,0.0007999999999999998,0.00037375813163395376,0.46719766454185835,6.083421912687422e-34,7.604277390849774e-31
0,1,0.0,8.720250793904323e-16,50,0.0007999999999999998,3.168600396064264e-05,0.039607504950753804,6.083421912687422e-34,7.604277390849774e-31
0,1,0.0,8.720250793904323e-16,100,0.0007999999999999998,1.325076972661942e-06,0.0016563462158253575,6.083421912687422e-34,7.604277390849774e-31
0,1,0.0,8.720250793904323e-16,250,0.0007999999999999998,5.2692439665095614e-08,6.58655495812872e-05,6.083421912687422e-34,7.604277390849774e-31
0,1,0.0,8.720250793904323e-16,500,0.0007999999999999998,4.036642152520929e-08,5.045802690644855e-05,6.083421912687422e-34,7.604277390849774e-31
0,0,0.5,0.4999999999999876,10,0.0007999999999999987,0.0008175375324783959,1.0219219155967192,0.00020000000000000012,0.24999999999968806
0,0,0.5,0.4999999999999876,25,0.0007999999999999987,0.00041639694541099095,0.5204961817630889,0.00020000000000000012,0.24999999999968806
0,0,0.5,0.4999999999999876,50,0.0007999999999999987,0.0002095703545153549,0.2619629431438666,0.00020000000000000012,0.24999999999968806
0,0,0.5,0.4999999999999876,100,0.0007999999999999987,0.0001975772136722671,0.24697151709002557,0.00020000000000000012,0.24999999999968806
0,0,0.5,0.4999999999999876,250,0.0007999999999999987,0.000196313659483937,0.24539207435461494,0.00020000000000000012,0.24999999999968806
0,0,0.5,0.4999999999999876,500,0.0007999999999999987,0.00019630203715025822,0.24537754643751644,0.00020000000000000012,0.24999999999968806
0,1,0.5,0.4999999999999875,10,0.0007999999999999995,0.0005652870719083812,0.7066088398845937,0.00020000000000000006,0.24999999999968775
0,1,0.5,0.4999999999999875,25,0.0007999999999999995,0.0003756991300061189,0.4696239125070619,0.00020000000000000006,0.24999999999968775
0,1,0.5,0.4999999999999875,50,0.0007999999999999995,0.00020704285989097985,0.2588035748634015,0.00020000000000000006,0.24999999999968775
0,1,0.5,0.4999999999999875,100,0.0007999999999999995,0.00019993146300519187,0.2499143287561776,0.00020000000000000006,0.24999999999968775
0,1,0.5,0.4999999999999875,250,0.0007999999999999995,0.00019978678500410764,0.24973348125482256,0.00020000000000000006,0.24999999999968775
0,1,0.5,0.4999999999999875,500,0.0007999999999999995,0.00019978662550483887,0.2497332818807366,0.00020000000000000006,0.24999999999968775
0,0,1.0,0.999999999999975,10,0.0008000000000000003,0.002687612618075351,3.3595157725899885,0.0007999999999999999,0.9999999999987497
0,0,1.0,0.999999999999975,25,0.0008000000000000003,0.0011279722527896283,1.4099653159852725,0.0007999999999999999,0.9999999999987497
0,0,1.0,0.999999999999975,50,0.0008000000000000003,0.0008104459812142127,1.0130574765164992,0.0007999999999999999,0.9999999999987497
0,0,1.0,0.999999999999975,100,0.0008000000000000003,0.0008002668293329119,1.0003335366648891,0.0007999999999999999,0.9999999999987497
0,0,1.0,0.999999999999975,250,0.0008000000000000003,0.0008000084213435527,1.0000105266781905,0.0007999999999999999,0.9999999999987497
0,0,1.0,0.999999999999975,500,0.0008000000000000003,0.0008000000335695297,1.0000000419606618,0.0007999999999999999,0.9999999999987497
0,1,1.0,0.9999999999999748,10,0.0008000000000000005,0.0016932286552987126,2.116535819120744,0.0007999999999999995,0.9999999999987488
0,1,1.0,0.9999999999999748,25,0.0008000000000000005,0.0010014583142326733,1.251822892789276,0.0007999999999999995,0.9999999999987488
0,1,1.0,0.9999999999999748,50,0.0008000000000000005,0.0008111286118549453,1.0139107648174137,0.0007999999999999995,0.9999999999987488
0,1,1.0,0.9999999999999748,100,0.0008000000000000005,0.0008000159869818739,1.000019983726092,0.0007999999999999995,0.9999999999987488
0,1,1.0,0.9999999999999748,250,0.0008000000000000005,0.0008000000022530032,1.0000000028150033,0.0007999999999999995,0.9999999999987488
0,1,1.0,0.9999999999999748,500,0.0008000000000000005,0.0008000000000003889,0.9999999999992356,0.0007999999999999995,0.9999999999987488
1,0,0.0,3.507237623547056e-16,10,0.0008000000000000005,0.000579701338249737,0.724626672811265,9.840572598419694e-35,1.2300715748009236e-31
1,0,0.0,3.507237623547056e-16,25,0.0008000000000000005,0.00010133429334239171,0.12666786667783123,9.840572598419694e-35,1.2300715748009236e-31
1,0,0.0,3.507237623547056e-16,50,0.0008000000000000005,1.6782469894560368e-05,0.020978087368174227,9.840572598419694e-35,1.2300715748009236e-31
1,0,0.0,3.507237623547056e-16,100,0.0008000000000000005,5.931993805631854e-07,0.0007414992257030545,9.840572598419694e-35,1.2300715748009236e-31
1,0,0.0,3.507237623547056e-16,250,0.0008000000000000005,1.059270170741043e-08,1.324087713424648e-05,9.840572598419694e-35,1.2300715748009236e-31
1,0,0.0,3.507237623547056e-16,500,0.0008000000000000005,5.882315287209174e-11,7.352894109002273e-08,9.840572598419694e-35,1.2300715748009236e-31
1,1,0.0,4.556148583027591e-16,10,0.0008000000000000004,0.0006686747001593525,0.8358433751981456,1.6606791928500292e-34,2.075848991059941e-31
1,1,0.0,4.556148583027591e-16,25,0.0008000000000000004,0.0001475086921623369,0.18438586520269057,1.6606791928500292e-34,2.075848991059941e-31
1,1,0.0,4.556148583027591e-16,50,0.0008000000000000004,1.796967401628942e-05,0.02246209252033369,1.6606791928500292e-34,2.075848991059941e-31
1,1,0.0,4.556148583027591e-16,100,0.0008000000000000004,3.2366517010128824e-07,0.0004045814626261044,1.6606791928500292e-34,2.075848991059941e-31
1,1,0.0,4.556148583027591e-16,250,0.0008000000000000004,5.0326336299593924e-08,6.290792037441374e-05,1.6606791928500292e-34,2.075848991059941e-31
1,1,0.0,4.556148583027591e-16,500,0.0008000000000000004,8.894665262105482e-10,1.111833157761795e-06,1.6606791928500292e-34,2.075848991059941e-31
1,0,0.5,0.4999999999999875,10,0.0008000000000000019,0.0010126291364807088,1.2657864205993008,0.00020000000000000004,0.24999999999968697
1,0,0.5,0.4999999999999875,25,0.0008000000000000019,0.0004259143618327777,0.5323929522903055,0.00020000000000000004,0.24999999999968697
1,0,0.5,0.4999999999999875,50,0.0008000000000000019,0.00021885274915349094,0.2735659364415211,0.00020000000000000004,0.24999999999968697
1,0,0.5,0.4999999999999875,100,0.0008000000000000019,0.00020075617778595928,0.25094522223213483,0.00020000000000000004,0.24999999999968697
1,0,0.5,0.4999999999999875,250,0.0008000000000000019,0.00020055432430943302,0.2506929053864773,0.00020000000000000004,0.24999999999968697
1,0,0.5,0.4999999999999875,500,0.0008000000000000019,0.00020054214925528785,0.2506776865687959,0.00020000000000000004,0.24999999999968697
1,1,0.5,0.4999999999999874,10,0.0008000000000000003,0.0006420462658671037,0.8025578323328761,0.00019999999999999998,0.24999999999968742
1,1,0.5,0.4999999999999874,25,0.0008000000000000003,0.0002617156561670965,0.3271445702084616,0.00019999999999999998,0.24999999999968742
1,1,0.5,0.4999999999999874,50,0.0008000000000000003,0.00021820444958203344,0.2727555619772008,0.00019999999999999998,0.24999999999968742
1,1,0.5,0.4999999999999874,100,0.0008000000000000003,0.00020138310409235048,0.2517288801151234,0.00019999999999999998,0.24999999999968742
1,1,0.5,0.4999999999999874,250,0.0008000000000000003,0.00019984095063969707,0.24980118829930903,0.00019999999999999998,0.24999999999968742
1,1,0.5,0.4999999999999874,500,0.0008000000000000003,0.0001997638445987201,0.24970480574808793,0.00019999999999999998,0.24999999999968742
1,0,1.0,0.999999999999975,10,0.0008000000000000017,0.0021828815482522078,2.7286019353118434,0.0008000000000000001,0.9999999999987481
1,0,1.0,0.999999999999975,25,0.0008000000000000017,0.001084377488851511,1.3554718610626917,0.0008000000000000001,0.9999999999987481
1,0,1.0,0.999999999999975,50,0.0008000000000000017,0.0008020062805395574,1.0025078506731915,0.0008000000000000001,0.9999999999987481
1,0,1.0,0.999999999999975,100,0.0008000000000000017,0.0008005960404405326,1.0007450505494129,0.0008000000000000001,0.9999999999987481
1,0,1.0,0.999999999999975,250,0.0008000000000000017,0.0008000164780971541,1.0000205976201906,0.0008000000000000001,0.9999999999987481
1,0,1.0,0.999999999999975,500,0.0008000000000000017,0.0008000000144957164,1.0000000181183935,0.0008000000000000001,0.9999999999987481
1,1,1.0,0.999999999999975,10,0.0008000000000000006,0.0021084809986344558,2.6356012482897735,0.0007999999999999999,0.9999999999987492
1,1,1.0,0.999999999999975,25,0.0008000000000000006,0.0010498210017535151,1.3122762521902527,0.0007999999999999999,0.9999999999987492
1,1,1.0,0.999999999999975,50,0.0008000000000000006,0.0008013321295544805,1.001665161941848,0.0007999999999999999,0.9999999999987492
1,1,1.0,0.999999999999975,100,0.0008000000000000006,0.0008000514995156646,1.00006437439333,0.0007999999999999999,0.9999999999987492
1,1,1.0,0.999999999999975,250,0.0008000000000000006,0.000800002183222898,1.0000027290273719,0.0007999999999999999,0.9999999999987492
1,1,1.0,0.999999999999975,500,0.0008000000000000006,0.0008005287850366422,1.0006609812945513,0.0007999999999999999,0.9999999999987492
2,0,0.0,4.07929273428587e-16,10,0.0007999999999999997,0.00047034279299601993,0.5879284912442903,1.3312503369598657e-34,1.6640629211977528e-31
2,0,0.0,4.07929273428587e-16,25,0.0007999999999999997,9.934535233463745e-05,0.12418169041814163,1.3312503369598657e-34,1.6640629211977528e-31
2,0,0.0,4.07929273428587e-16,50,0.0007999999999999997,1.3219997005217793e-05,0.01652499625650159,1.3312503369598657e-34,1.6640629211977528e-31
2,0,0.0,4.07929273428587e-16,100,0.0007999999999999997,4.625890571078287e-08,5.782363213840633e-05,1.3312503369598657e-34,1.6640629211977528e-31
2,0,0.0,4.07929273428587e-16,250,0.0007999999999999997,7.448238583539692e-09,9.310298229412981e-06,1.3312503369598657e-34,1.6640629211977528e-31
2,0,0.0,4.07929273428587e-16,500,0.0007999999999999997,7.441721975233627e-09,9.302152469030411e-06,1.3312503369598657e-34,1.6640629211977528e-31
2,1,0.0,4.355385100570952e-16,10,0.0007999999999999975,0.0009272969274298174,1.1591211592858264,1.5175503499421115e-34,1.8969379374252741e-31
2,1,0.0,4.355385100570952e-16,25,0.0007999999999999975,7.344573715174454e-05,0.0918071714395662,1.5175503499421115e-34,1.8969379374252741e-31
2,1,0.0,4.355385100570952e-16,50,0.0007999999999999975,3.5749584424695577e-06,0.004468698053081375,1.5175503499421115e-34,1.8969379374252741e-31
2,1,0.0,4.355385100570952e-16,100,0.0007999999999999975,1.81821263533006e-07,0.0002272765794159741,1.5175503499421115e-34,1.8969379374252741e-31
2,1,0.0,4.355385100570952e-16,250,0.0007999999999999975,9.919924809910984e-08,0.0001239990601237327,1.5175503499421115e-34,1.8969379374252741e-31
2,1,0.0,4.355385100570952e-16,500,0.0007999999999999975,9.919923557893814e-08,0.00012399904447351807,1.5175503499421115e-34,1.8969379374252741e-31
2,0,0.5,0.4999999999999875,10,0.000800000000000005,0.0016402177741801434,2.0502722177226036,0.00020000000000000004,0.249999999999686
2,0,0.5,0.4999999999999875,25,0.000800000000000005,0.0005578958863363891,0.6973698579196104,0.00020000000000000004,0.249999999999686
2,0,0.5,0.4999999999999875,50,0.000800000000000005,0.00021835540913144117,0.2729442614139586,0.00020000000000000004,0.249999999999686
2,0,0.5,0.4999999999999875,100,0.000800000000000005,0.00019945904599921318,0.24932380749870325,0.00020000000000000004,0.249999999999686
2,0,0.5,0.4999999999999875,250,0.000800000000000005,0.00019944383231995552,0.24930479039963122,0.00020000000000000004,0.249999999999686
2,0,0.5,0.4999999999999875,500,0.000800000000000005,0.0001994438323045952,0.2493047903804308,0.00020000000000000004,0.249999999999686
2,1,0.5,0.4999999999999877,10,0.0007999999999999949,0.0009532556270558105,1.1915695338182812,0.0002000000000000001,0.2499999999996892
2,1,0.5,0.4999999999999877,25,0.0007999999999999949,0.00040129525648259864,0.5016190706026245,0.0002000000000000001,0.2499999999996892
2,1,0.5,0.4999999999999877,50,0.0007999999999999949,0.0002243144871749144,0.2803931089682943,0.0002000000000000001,0.2499999999996892
2,1,0.5,0.4999999999999877,100,0.0007999999999999949,0.0002026653933918852,0.2533317417395414,0.0002000000000000001,0.2499999999996892
2,1,0.5,0.4999999999999877,250,0.0007999999999999949,0.00020254542255758267,0.2531817781966635,0.0002000000000000001,0.2499999999996892
2,1,0.5,0.4999999999999877,500,0.0007999999999999949,0.00020254542253401607,0.2531817781672052,0.0002000000000000001,0.2499999999996892
2,0,1.0,0.9999999999999748,10,0.0007999999999999986,0.0024748902370847377,3.0936127963520605,0.0007999999999999997,0.9999999999987514
2,0,1.0,0.9999999999999748,25,0.0007999999999999986,0.0010354023856640206,1.2942529820784103,0.0007999999999999997,0.9999999999987514
2,0,1.0,0.9999999999999748,50,0.0007999999999999986,0.0008235273480305476,1.0294091850368996,0.0007999999999999997,0.9999999999987514
2,0,1.0,0.9999999999999748,100,0.0007999999999999986,0.0008000855569087316,1.000106946134666,0.0007999999999999997,0.9999999999987514
2,0,1.0,0.9999999999999748,250,0.0007999999999999986,0.0008000000000041778,1.000000000003974,0.0007999999999999997,0.9999999999987514
2,0,1.0,0.9999999999999748,500,0.0007999999999999986,0.0007999999999999952,0.9999999999987457,0.0007999999999999997,0.9999999999987514
2,1,1.0,0.999999999999975,10,0.0007999999999999986,0.0025244707169302305,3.155588396158849,0.0008000000000000001,0.999999999998752
2,1,1.0,0.999999999999975,25,0.0007999999999999986,0.0010719830056216304,1.3399787570253654,0.0008000000000000001,0.999999999998752
2,1,1.0,0.999999999999975,50,0.0007999999999999986,0.0008184146825104451,1.0230183531367794,0.0008000000000000001,0.999999999998752
2,1,1.0,0.999999999999975,100,0.0007999999999999986,0.0008001705740150842,1.0002132175176066,0.0008000000000000001,0.999999999998752
2,1,1.0,0.999999999999975,250,0.0007999999999999986,0.0008000000000289376,1.0000000000349238,0.0008000000000000001,0.999999999998752
2,1,1.0,0.999999999999975,500,0.0007999999999999986,0.0007999999999999987,0.9999999999987502,0.0008000000000000001,0.999999999998752
3,0,0.0,6.709303490051012e-16,10,0.0008000000000000068,0.0008230253462340836,1.0287816827913099,3.6011802657290345e-34,4.501475332155628e-31
3,0,0.0,6.709303490051012e-16,25,0.0008000000000000068,0.00017732418596459038,0.22165523245545904,3.6011802657290345e-34,4.501475332155628e-31
3,0,0.0,6.709303490051012e-16,50,0.0008000000000000068,1.292197773054325e-05,0.016152472163158738,3.6011802657290345e-34,4.501475332155628e-31
3,0,0.0,6.709303490051012e-16,100,0.0008000000000000068,7.642818686972032e-08,9.553523358703017e-05,3.6011802657290345e-34,4.501475332155628e-31
3,0,0.0,6.709303490051012e-16,250,0.0008000000000000068,6.215053545641908e-08,7.768816932042608e-05,3.6011802657290345e-34,4.501475332155628e-31
3,0,0.0,6.709303490051012e-16,500,0.0008000000000000068,6.215052883715617e-08,7.768816104634745e-05,3.6011802657290345e-34,4.501475332155628e-31
3,1,0.0,7.194971512139932e-16,10,0.0008000000000000001,0.0006708845076177068,0.8386056345210852,4.141409204840621e-34,5.176761506044305e-31
3,1,0.0,7.194971512139932e-16,25,0.0008000000000000001,0.00018157602836768187,0.2269700354593186,4.141409204840621e-34,5.176761506044305e-31
3,1,0.0,7.194971512139932e-16,50,0.0008000000000000001,6.320699399978331e-06,0.007900874249963037,4.141409204840621e-34,5.176761506044305e-31
3,1,0.0,7.194971512139932e-16,100,0.0008000000000000001,8.772334135815223e-08,0.0001096541766975532,4.141409204840621e-34,5.176761506044305e-31
3,1,0.0,7.194971512139932e-16,250,0.0008000000000000001,5.3412022395169394e-08,6.676502799387828e-05,4.141409204840621e-34,5.176761506044305e-31
3,1,0.0,7.194971512139932e-16,500,0.0008000000000000001,5.34120198901556e-08,6.676502486261104e-05,4.141409204840621e-34,5.176761506044305e-31
3,0,0.5,0.4999999999999876,10,0.0008000000000000018,0.0008073554792947767,1.009194349117207,0.00019999999999999993,0.24999999999968686
3,0,0.5,0.4999999999999876,25,0.0008000000000000018,0.0003686987634945623,0.46087345436762583,0.00019999999999999993,0.24999999999968686
3,0,0.5,0.4999999999999876,50,0.0008000000000000018,0.00020737141363925341,0.2592142670487422,0.00019999999999999993,0.24999999999968686
3,0,0.5,0.4999999999999876,100,0.0008000000000000018,0.0002024463500394892,0.25305793754904465,0.00019999999999999993,0.24999999999968686
3,0,0.5,0.4999999999999876,250,0.0008000000000000018,0.00020240276593377963,0.2530034574169077,0.00019999999999999993,0.24999999999968686
3,0,0.5,0.4999999999999876,500,0.0008000000000000018,0.00020240276591629365,0.25300345739505026,0.00019999999999999993,0.24999999999968686
3,1,0.5,0.4999999999999875,10,0.0008000000000000021,0.0007295152127680327,0.9118940159588986,0.00019999999999999987,0.2499999999996867
3,1,0.5,0.4999999999999875,25,0.0008000000000000021,0.0002996380726743074,0.3745475908424151,0.00019999999999999987,0.2499999999996867
3,1,0.5,0.4999999999999875,50,0.0008000000000000021,0.00021956816622568224,0.274460207781759,0.00019999999999999987,0.2499999999996867
3,1,0.5,0.4999999999999875,100,0.0008000000000000021,0.00021003435565813044,0.2625429445723342,0.00019999999999999987,0.2499999999996867
3,1,0.5,0.4999999999999875,250,0.0008000000000000021,0.0002100061155711723,0.26250764446363656,0.00019999999999999987,0.2499999999996867
3,1,0.5,0.4999999999999875,500,0.0008000000000000021,0.00021000611556164572,0.26250764445172836,0.00019999999999999987,0.2499999999996867
3,0,1.0,0.999999999999975,10,0.0008000000000000021,0.0017544571154817171,2.1930713943493996,0.0007999999999999999,0.9999999999987473
3,0,1.0,0.999999999999975,25,0.0008000000000000021,0.0008917188973783267,1.1146486217215121,0.0007999999999999999,0.9999999999987473
3,0,1.0,0.999999999999975,50,0.0008000000000000021,0.0008172108481815631,1.0215135602256744,0.0007999999999999999,0.9999999999987473
3,0,1.0,0.999999999999975,100,0.0008000000000000021,0.0008000256239915282,1.0000320299881575,0.0007999999999999999,0.9999999999987473
3,0,1.0,0.999999999999975,250,0.0008000000000000021,0.0008002467502860725,1.0003084378563376,0.0007999999999999999,0.9999999999987473
3,0,1.0,0.999999999999975,500,0.0008000000000000021,0.0008000008801283007,1.0000011001591234,0.0007999999999999999,0.9999999999987473
3,1,1.0,0.9999999999999748,10,0.0007999999999999978,0.0019805863852510332,2.475732981560704,0.0007999999999999998,0.9999999999987527
3,1,1.0,0.9999999999999748,25,0.0007999999999999978,0.0009943005229637685,1.2428756537031604,0.0007999999999999998,0.9999999999987527
3,1,1.0,0.9999999999999748,50,0.0007999999999999978,0.0008096596672392777,1.012074584047835,0.0007999999999999998,0.9999999999987527
3,1,1.0,0.9999999999999748,100,0.0007999999999999978,0.0008001228376609873,1.000153547074987,0.0007999999999999998,0.9999999999987527
3,1,1.0,0.9999999999999748,250,0.0007999999999999978,0.0008000000000134153,1.000000000015522,0.0007999999999999998,0.9999999999987527
3,1,1.0,0.9999999999999748,500,0.0007999999999999978,0.000800000095731633,1.0000001196632942,0.0007999999999999998,0.9999999999987527
