delta_norm,rho,median_D_ctrl,median_initial_mse,median_final_mse,median_final_over_initial,median_predicted_floor_over_initial,q25_final_over_initial,q75_final_over_initial,max_support_residual
0.01,0.0,4.882364396118538e-16,4.999999999999994e-05,1.4957575514949956e-05,0.29915151029301446,2.394145331181636e-31,0.18132845572838424,0.32707251565954365,3.866991038987628e-16
0.01,0.25,0.249999999999975,5.000000000000014e-05,9.66244923600786e-06,0.19324898471629268,0.06249999999874981,0.16296043636116941,0.4293168027647385,5.175509296927056e-16
0.01,0.5,0.49999999999994993,4.999999999999978e-05,2.713341418926542e-05,0.5426682837744571,0.249999999995001,0.4011751071105536,0.5793587528973971,5.431395974134776e-16
0.01,0.75,0.7499999999999251,4.999999999999986e-05,3.4262495697686265e-05,0.6852499139400225,0.5624999999887517,0.612332238874254,0.7826671914120418,5.144386636372813e-16
0.01,1.0,0.9999999999999001,5.0000000000000145e-05,6.96324944155637e-05,1.392649888283434,0.9999999999799971,1.2486272476967986,1.5387267533841826,6.584544689714322e-16
0.02,0.0,6.085839206534299e-16,0.0002000000000000005,1.4752074258388515e-05,0.0737603712915735,3.7984128555461323e-31,0.05219279391320347,0.12227788753822336,5.869224946751822e-16
0.02,0.25,0.2499999999999875,0.00020000000000000085,2.4487980881784566e-05,0.12243990440831003,0.062499999999687264,0.107217422526772,0.13238274479073056,4.3800268278268888e-16
0.02,0.5,0.499999999999975,0.00020000000000000104,6.773181597077858e-05,0.3386590798522007,0.24999999999874867,0.31109576317857945,0.3719892778150826,4.933674930416236e-16
0.02,0.75,0.7499999999999626,0.0002000000000000008,0.00012306435361690807,0.6153217680814633,0.5624999999971854,0.5929155488792507,0.6403401207123182,4.504620427003132e-16
0.02,1.0,0.99999999999995,0.00020000000000000004,0.00022635957050904667,1.1317978525395707,0.9999999999950002,1.089896553711624,1.1382171847746805,7.689546376919786e-16
0.04,0.0,6.328624102292076e-16,0.0007999999999999999,1.0176293844649485e-05,0.012720367305795972,4.013546429024072e-31,0.0027586128873635755,0.020165418266667377,7.230004591505138e-16
0.04,0.25,0.24999999999999373,0.0008000000000000007,6.109915651213033e-05,0.07637394564006769,0.06249999999992183,0.06674514817233138,0.08725928615189438,4.1063612231266127e-16
0.04,0.5,0.4999999999999875,0.0008,0.00021321886221172415,0.26652357776432256,0.24999999999968747,0.26413726842459406,0.27160897964923775,7.387907825167477e-16
0.04,0.75,0.7499999999999812,0.0008000000000000011,0.00045584968189544346,0.5698121023685908,0.5624999999992959,0.5637987434856077,0.5727293506589374,6.111091583789517e-16
0.04,1.0,0.999999999999975,0.0008000000000000003,0.000817102034865156,1.0213775435801682,0.9999999999987497,1.0174181736588106,1.0371427318369055,5.560538703791609e-16
0.08,0.0,4.677853057891393e-16,0.0031999999999999963,1.2214942852191854e-05,0.003817169641308758,2.188238778095953e-31,0.0023063899004896688,0.004823164674444273,5.469207082485936e-16
0.08,0.25,0.24999999999999686,0.0032,0.00020632371752337834,0.06447616172603567,0.062499999999980516,0.06225214546453384,0.06915664555032267,4.897443689087933e-16
0.08,0.5,0.4999999999999938,0.0032000000000000062,0.0008014437422764704,0.25045116946131796,0.24999999999992145,0.24881173461614006,0.25354194648600714,5.926730870591161e-16
0.08,0.75,0.7499999999999907,0.0032000000000000015,0.0018102205673227662,0.5656939272881878,0.5624999999998238,0.5648484432597912,0.567608497203678,4.732634899818357e-16
0.08,1.0,0.9999999999999876,0.003200000000000002,0.0032249422627958833,1.0077944571233983,0.9999999999996871,1.0059609734033725,1.0088824253801199,4.996652585636839e-16
0.12,0.0,5.530614075636188e-16,0.0072,1.3685222490562858e-05,0.0019007253459112487,3.061698948930707e-31,0.0018096509939918978,0.0023289206892855045,6.310626482526613e-16
0.12,0.25,0.2499999999999979,0.0072000000000000015,0.00044704973897015745,0.06209024152362437,0.06249999999999129,0.06097161308804709,0.06648471770047827,6.734647877495458e-16
0.12,0.5,0.4999999999999959,0.007200000000000004,0.0018064535156601296,0.25089632161942743,0.24999999999996506,0.246694305244688,0.25216105964435975,4.302267298598033e-16
0.12,0.75,0.7499999999999937,0.0072000000000000015,0.004052363517924146,0.5628282663782751,0.5624999999999216,0.5613593028947677,0.5714335734444937,6.45231337378869e-16
0.12,1.0,0.9999999999999917,0.007200000000000002,0.007217550797724636,1.0024376107949489,0.999999999999861,1.001479178666533,1.0033333244474676,6.00483682849471e-16
