base,repeat,rank,delta_norm,rho,D_ctrl,support_residual,max_abs_target,initial_mse,final_mse,final_over_initial,predicted_floor_mse,predicted_floor_over_initial
0,0,6,0.01,0.0,3.0249665833555165e-16,3.0232010004017105e-16,0.5370309553716052,5.000000000000005e-05,1.455768248920546e-05,0.29115364977828584,4.5752114152096904e-36,9.150422830236364e-32
0,1,6,0.01,0.0,4.559918717276459e-16,3.866991038987628e-16,0.5224564944069812,4.9999999999999955e-05,3.152996219187423e-06,0.06305992438248732,1.0396429354086171e-35,2.07928587077565e-31
0,0,6,0.01,0.25,0.2499999999999751,4.245122339873091e-16,0.5319306055989466,5.0000000000000944e-05,9.083145269715264e-06,0.1816629053906686,3.125000000000001e-06,0.06249999999874884
0,1,6,0.01,0.25,0.24999999999997502,4.902466360904631e-16,0.5294315870084745,5.0000000000001514e-05,7.503534248899018e-06,0.1500706849749744,3.1249999999999993e-06,0.06249999999874809
0,0,6,0.01,0.5,0.49999999999995004,4.504883557462248e-16,0.5251404117308744,4.999999999999983e-05,2.6500271398782022e-05,0.5300054279650421,1.2500000000000004e-05,0.24999999999500092
0,1,6,0.01,0.5,0.49999999999994993,5.431395974134776e-16,0.5322328704683402,4.999999999999876e-05,3.5723539946082e-05,0.7144707989073683,1.2499999999999999e-05,0.24999999999500616
0,0,6,0.01,0.75,0.7499999999999251,5.144386636372813e-16,0.5420545471455436,4.9999999999999996e-05,2.8734674039182314e-05,0.5746934807721524,2.8125000000000003e-05,0.5624999999887501
0,1,6,0.01,0.75,0.7499999999999252,3.21870321100009e-16,0.5371833954169264,4.9999999999999725e-05,4.354016831302701e-05,0.8708033662431289,2.8125000000000013e-05,0.5624999999887533
0,0,6,0.01,1.0,0.9999999999999001,2.6485158492207476e-16,0.5333542206893083,5.0000000000001364e-05,8.242275464241786e-05,1.648455092815343,5.000000000000001e-05,0.9999999999799729
0,1,6,0.01,1.0,0.9999999999999001,3.8688040406412236e-16,0.5277404463930616,5.0000000000000626e-05,8.262245932918642e-05,1.6524491865506588,5e-05,0.9999999999799876
0,0,6,0.02,0.0,3.1838834540889174e-16,3.876424580768574e-16,0.5145383502843425,0.00019999999999999765,4.213819292503784e-05,0.21069096462413822,2.0274227698444377e-35,1.0137113849171623e-31
0,1,6,0.02,0.0,4.501420942565081e-16,2.716495392323328e-16,0.5306172127343337,0.0001999999999999978,2.3537027366008794e-05,0.11768513682945685,4.0525581004331073e-35,2.0262790502064446e-31
0,0,6,0.02,0.25,0.24999999999998745,3.365919170249215e-16,0.5067661011281045,0.00020000000000000118,1.9932759708189212e-05,0.09966379854044716,1.2500000000000004e-05,0.06249999999968716
0,1,6,0.02,0.25,0.2499999999999875,4.3800268278268888e-16,0.5441863127304112,0.00020000000000000147,2.721266810992714e-05,0.1360633405489544,1.2500000000000002e-05,0.062499999999687056
0,0,6,0.02,0.5,0.49999999999997513,3.8762612073780825e-16,0.5482639258196131,0.00019999999999999776,6.78205954995582e-05,0.33910297749609936,4.9999999999999996e-05,0.2499999999987528
0,1,6,0.02,0.5,0.499999999999975,4.933674930416236e-16,0.5170852795375558,0.00020000000000000107,6.764303644199896e-05,0.33821518220830193,4.9999999999999996e-05,0.24999999999874867
0,0,6,0.02,0.75,0.7499999999999626,3.596977615702429e-16,0.5367858996922128,0.00020000000000000123,0.000118606635305782,0.5930331765259412,0.00011250000000000004,0.5624999999971843
0,1,6,0.02,0.75,0.7499999999999626,4.504620427003132e-16,0.5294558124409916,0.00019999999999999857,0.00013150627861954886,0.6575313930944614,0.00011250000000000005,0.5624999999971918
0,0,6,0.02,1.0,0.99999999999995,5.775368576560446e-16,0.5451962511282011,0.00020000000000000096,0.000229829754974526,1.149148774866879,0.00019999999999999993,0.9999999999949949
0,1,6,0.02,1.0,0.99999999999995,7.689546376919786e-16,0.5135852601417712,0.0001999999999999977,0.00023203945959385805,1.1601972979635027,0.00019999999999999998,0.9999999999950114
0,0,6,0.04,0.0,1.2411135130174685e-16,4.759776579805237e-16,0.5322369798144518,0.0008000000000000046,6.980738778269274e-06,0.008725923472825636,1.2322902017557108e-35,1.5403627521927043e-32
0,1,6,0.04,0.0,1.3014903621392394e-16,7.230004591505138e-16,0.5226768587698014,0.0007999999999999956,1.912922696659609e-05,0.023911533708215357,1.3551017301931307e-35,1.6938771627393054e-32
0,0,6,0.04,0.25,0.24999999999999375,2.3316252990443666e-16,0.5384107433476083,0.0007999999999999973,5.219876482323241e-05,0.06524845602895918,5.0000000000000016e-05,0.062499999999922104
0,1,6,0.04,0.25,0.24999999999999375,2.4495858485500174e-16,0.5405749972737472,0.0008000000000000049,6.961494981996654e-05,0.08701868727484886,5e-05,0.0624999999999215
0,0,6,0.04,0.5,0.4999999999999876,7.387907825167477e-16,0.5359719159282257,0.0008000000000000051,0.00020917698650382328,0.2614712331294506,0.0002,0.24999999999968592
0,1,6,0.04,0.5,0.4999999999999875,4.091950350870851e-16,0.5046508154391863,0.0007999999999999997,0.00021150556528114488,0.26438195660110075,0.00020000000000000004,0.24999999999968764
0,0,6,0.04,0.75,0.7499999999999812,4.834716556286627e-16,0.567318683144433,0.0007999999999999972,0.0004506023862758373,0.5632529828440945,0.00045000000000000004,0.5624999999992989
0,1,6,0.04,0.75,0.7499999999999812,4.818864057161672e-16,0.522533084763685,0.0007999999999999934,0.0004843142815068595,0.6053928518828227,0.0004499999999999999,0.5624999999993013
0,0,6,0.04,1.0,0.9999999999999747,5.560538703791609e-16,0.5378732897995697,0.0008000000000000051,0.0008334277357704622,1.041784669711769,0.0007999999999999997,0.9999999999987432
0,1,6,0.04,1.0,0.999999999999975,4.070879930783537e-16,0.5596952532164371,0.0008000000000000007,0.0008329507652216595,1.041188456525772,0.0008,0.9999999999987492
0,0,6,0.08,0.0,4.668990228664819e-16,3.17569926500187e-16,0.5918521725355876,0.0031999999999999954,2.0686358526067416e-06,0.0006464487039394057,6.975830321717797e-34,2.1799469755361333e-31
0,1,6,0.08,0.0,3.0908138402444163e-16,3.546764575135127e-16,0.5505990952704735,0.0031999999999999967,1.5098305098398794e-05,0.004718220343248153,3.0570016624149352e-34,9.553130195043697e-32
0,0,6,0.08,0.25,0.2499999999999969,4.312206588134962e-16,0.5581507479693768,0.003199999999999998,0.00019529000417922986,0.0610281263059903,0.00020000000000000017,0.06249999999998056
0,1,6,0.08,0.25,0.24999999999999684,3.9111100964098173e-16,0.5279675736229016,0.0031999999999999906,0.0002060462585782595,0.06438945580568617,0.00020000000000000004,0.06249999999998066
0,0,6,0.08,0.5,0.49999999999999367,4.564105921461984e-16,0.4999438776877989,0.0032000000000000127,0.0007987859001134746,0.24962059378538182,0.0007999999999999999,0.24999999999992084
0,1,6,0.08,0.5,0.49999999999999384,4.0836348654776123e-16,0.5212708974499417,0.003200000000000007,0.0008041015844394662,0.2512817451372541,0.0007999999999999998,0.24999999999992126
0,0,6,0.08,0.75,0.7499999999999905,4.732634899818357e-16,0.49340154624286325,0.003200000000000007,0.0017913822833443766,0.5598069635449415,0.0017999999999999995,0.5624999999998228
0,1,6,0.08,0.75,0.7499999999999908,3.730565456206842e-16,0.5233477980424464,0.003200000000000006,0.0018280508277498991,0.5712658836716639,0.0018000000000000004,0.5624999999998234
0,0,6,0.08,1.0,0.9999999999999876,4.996652585636839e-16,0.5670442913911914,0.003200000000000011,0.0032334037789439676,1.0104386809196706,0.0032,0.9999999999996841
0,1,6,0.08,1.0,0.9999999999999876,3.927169807948182e-16,0.4763462374445386,0.003199999999999987,0.0032319338211767336,1.0099793191174176,0.003199999999999999,0.9999999999996911
0,0,6,0.12,0.0,2.6660479639345905e-16,3.1263946318278834e-16,0.5188003167095268,0.007199999999999984,1.344769219190092e-05,0.0018677350266526503,5.1176244571199226e-34,7.107811745998921e-32
0,1,6,0.12,0.0,5.193743050938001e-16,6.310626482526613e-16,0.5821801660711845,0.007199999999999988,1.3076856724948672e-05,0.0018162301006870664,1.9421976153000403e-33,2.6974966879163527e-31
0,0,6,0.12,0.25,0.24999999999999792,6.734647877495458e-16,0.5359092936892493,0.007199999999999989,0.0004713265262337772,0.06546201753246006,0.00045,0.06249999999999141
0,1,6,0.12,0.25,0.2499999999999979,3.9606560909931993e-16,0.5866839181618441,0.007200000000000012,0.00044418629686696895,0.0616925412315148,0.00045,0.062499999999991215
0,0,6,0.12,0.5,0.4999999999999959,4.29852985961901e-16,0.5603177587274648,0.007200000000000006,0.0018224735881836214,0.2531213316921343,0.0017999999999999995,0.249999999999965
0,1,6,0.12,0.5,0.4999999999999958,4.151335432093674e-16,0.5914594671379265,0.007200000000000005,0.0018052263426612395,0.25072588092513715,0.0018,0.24999999999996508
0,0,6,0.12,0.75,0.7499999999999937,6.45231337378869e-16,0.6780936441113978,0.00720000000000001,0.004045726478969405,0.5619064554123385,0.004049999999999998,0.5624999999999208
0,1,6,0.12,0.75,0.7499999999999937,3.6477144275907774e-16,0.6160151631460866,0.007199999999999988,0.004045063957237326,0.561814438505107,0.004049999999999999,0.5624999999999227
0,0,6,0.12,1.0,0.9999999999999917,3.498976099048695e-16,0.5743300066448035,0.007200000000000015,0.007232007419725577,1.004445474961744,0.0072,0.9999999999998589
0,1,6,0.12,1.0,0.9999999999999916,6.00483682849471e-16,0.4794983741470248,0.007199999999999984,0.007233080898511599,1.0045945692375846,0.007199999999999996,0.9999999999998628
1,0,6,0.01,0.0,5.204810074960617e-16,2.4445081795594574e-16,0.6295185887116567,4.9999999999998044e-05,9.531245577506789e-07,0.019062491154633075,1.354502395820848e-35,2.7090047915876215e-31
1,1,6,0.01,0.0,7.076530408507184e-16,3.487311171116493e-16,0.6377574300734997,4.999999999999993e-05,1.6328814980091774e-05,0.32657629959530443,2.503864131126843e-35,5.007728262153539e-31
1,0,6,0.01,0.25,0.24999999999997496,5.175509296927056e-16,0.6334786319155745,4.999999999999968e-05,2.1913745640137218e-05,0.4382749127939817,3.125e-06,0.06249999999875041
1,1,6,0.01,0.25,0.24999999999997494,3.638561928390211e-16,0.6382317443044149,4.999999999999894e-05,1.0241753202300456e-05,0.20483506404191676,3.124999999999997e-06,0.06249999999875127
1,0,6,0.01,0.5,0.49999999999994993,3.742496880116749e-16,0.6405064035297697,4.999999999999979e-05,2.776655697974882e-05,0.555331139583872,1.2499999999999996e-05,0.24999999999500094
1,1,6,0.01,0.5,0.49999999999994993,3.6956571432854037e-16,0.6375750989762733,4.999999999999973e-05,2.893885624982791e-05,0.5787771249849858,1.2499999999999994e-05,0.24999999999500122
1,0,6,0.01,0.75,0.7499999999999251,4.443256898651156e-16,0.6308158234749187,4.999999999999899e-05,3.766442332416984e-05,0.7532884664683461,2.8125e-05,0.5624999999887613
1,1,6,0.01,0.75,0.7499999999999251,2.320416734109144e-16,0.6357963556437825,4.999999999999861e-05,2.9613464376250136e-05,0.5922692875131738,2.8125000000000003e-05,0.5624999999887657
1,0,6,0.01,1.0,0.9999999999999001,4.351917263477814e-16,0.6291991473571192,4.99999999999997e-05,7.508146127807575e-05,1.5016292255314914,4.9999999999999996e-05,0.999999999980006
1,1,6,0.01,1.0,0.9999999999999001,3.4664524841395303e-16,0.6394977446114833,5.0000000000000165e-05,7.510753201352553e-05,1.5021506402404625,5e-05,0.9999999999799968
1,0,6,0.02,0.0,1.0929157374946728e-15,5.869224946751822e-16,0.6475313076620882,0.00020000000000000074,1.4199534044889126e-05,0.07099767022409038,2.3889296185272875e-34,1.194464809257667e-30
1,1,6,0.02,0.0,8.547245913167771e-16,4.008075617623124e-16,0.6378093094714209,0.00020000000000000058,2.7211227933040715e-05,0.1360561396645229,1.4611082540034097e-34,7.3055412699805e-31
1,0,6,0.02,0.25,0.24999999999998743,3.61255720127719e-16,0.6413423432505041,0.00020000000000000196,2.506066961578776e-05,0.12530334807831106,1.2499999999999992e-05,0.062499999999686855
1,1,6,0.02,0.25,0.24999999999998782,4.1679263325287064e-16,0.6328065332450472,0.00020000000000000253,2.194705943788607e-05,0.10973529718888028,1.2500000000000034e-05,0.06249999999968688
1,0,6,0.02,0.5,0.499999999999975,3.74183574643234e-16,0.6291529205262936,0.00019999999999999754,7.328115104741639e-05,0.3664057552352544,4.9999999999999996e-05,0.24999999999875305
1,1,6,0.02,0.5,0.4999999999999749,2.70854887863697e-16,0.639538069079176,0.000200000000000004,8.220810676995316e-05,0.4110405338477024,4.999999999999997e-05,0.24999999999874487
1,0,6,0.02,0.75,0.7499999999999625,2.8601385572090447e-16,0.6285988801192729,0.00019999999999999939,0.00012213025278099261,0.6106512639019117,0.00011250000000000002,0.5624999999971894
1,1,6,0.02,0.75,0.7499999999999626,3.5277402109248284e-16,0.6518236261095741,0.0002000000000000008,0.00011851253318842883,0.592562665939179,0.0001125,0.5624999999971853
1,0,6,0.02,1.0,0.99999999999995,4.68977624267427e-16,0.6418203923075823,0.00020000000000000115,0.00022589523608115304,1.1294761804001114,0.0002,0.9999999999949943
1,1,6,0.02,1.0,0.99999999999995,3.098889486844123e-16,0.6317587179697197,0.00019999999999999906,0.0002188566456729713,1.0942832283593902,0.00020000000000000004,0.999999999995005
1,0,6,0.04,0.0,7.69888072356302e-16,3.852802146178955e-16,0.6443400769733806,0.0007999999999999994,1.8185051447551768e-05,0.022731314309411315,4.741821151652257e-34,5.927276439557917e-31
1,1,6,0.04,0.0,7.142663976916091e-16,3.8491071277212003e-16,0.6493214963554775,0.0008000000000000006,2.255912031625726e-06,0.002819890039528631,4.0814118949709865e-34,5.101764868707353e-31
1,0,6,0.04,0.25,0.2499999999999937,4.1063612231266127e-16,0.6656224079777068,0.0008000000000000069,7.038486622651334e-05,0.08798108278303095,4.9999999999999975e-05,0.06249999999992131
1,1,6,0.04,0.25,0.24999999999999367,3.2634159856561644e-16,0.6199683780389424,0.0007999999999999915,5.744181886020869e-05,0.07180227357517188,4.999999999999998e-05,0.06249999999992252
1,0,6,0.04,0.5,0.49999999999998734,2.5454364256510334e-16,0.6181522241675583,0.000799999999999992,0.0002162604542955206,0.27032556786906553,0.00019999999999999974,0.2499999999996897
1,1,6,0.04,0.5,0.4999999999999875,3.180661145303044e-16,0.662572872539595,0.0008000000000000004,0.00021227405154931124,0.26534256443630727,0.00019999999999999993,0.2499999999996873
1,0,6,0.04,0.75,0.7499999999999811,4.561709172978977e-16,0.6803047137339735,0.0008000000000000019,0.0004544003328862992,0.5680004161071627,0.00044999999999999977,0.5624999999992953
1,1,6,0.04,0.75,0.7499999999999811,2.4253668390656744e-16,0.6198250627683289,0.0008000000000000019,0.0004572990309045878,0.571623788630019,0.0004499999999999999,0.5624999999992955
1,0,6,0.04,1.0,0.9999999999999752,3.071986379026687e-16,0.6196406372149756,0.0007999999999999979,0.0008192549062785083,1.0240686328468582,0.0007999999999999998,0.9999999999987524
1,1,6,0.04,1.0,0.999999999999975,3.5669268226456293e-16,0.6192999423466178,0.0007999999999999998,0.0008286353255535291,1.0357941569406168,0.0008000000000000001,0.9999999999987504
1,0,6,0.08,0.0,9.353259213387057e-16,5.469207082485936e-16,0.6819518818958064,0.0031999999999999928,2.153393653226535e-05,0.006729355166330834,2.7994706532099875e-33,8.748345791278497e-31
1,1,6,0.08,0.0,4.686715887117966e-16,5.11365892725965e-16,0.6124028877867774,0.0031999999999999854,7.757464341940406e-06,0.0024242076068556303,7.028897858100639e-34,2.196530580655773e-31
1,0,6,0.08,0.25,0.24999999999999692,4.897443689087933e-16,0.6965639568161957,0.0032000000000000075,0.0001957271430223761,0.06116473219447327,0.00020000000000000015,0.06249999999998036
1,1,6,0.08,0.25,0.24999999999999717,2.4154923741831433e-16,0.6590164330859244,0.0032000000000000015,0.0002066011764684972,0.06456286764638516,0.00020000000000000052,0.062499999999980606
1,0,6,0.08,0.5,0.49999999999999384,3.993623386124993e-16,0.6542553463872143,0.003200000000000007,0.0007975349004648557,0.24922965639518896,0.0008000000000000004,0.24999999999992142
1,1,6,0.08,0.5,0.4999999999999938,5.926730870591161e-16,0.642825361618921,0.003200000000000011,0.0007716784845649116,0.24114952642645868,0.0008,0.24999999999992104
1,0,6,0.08,0.75,0.7499999999999907,4.2819791410571406e-16,0.6665881426849467,0.003200000000000002,0.001805249108373995,0.5641403463666967,0.0018,0.5624999999998238
1,1,6,0.08,0.75,0.7499999999999907,4.686104002458122e-16,0.6030873133901213,0.0032000000000000015,0.001808270321784532,0.5650844755574894,0.0017999999999999995,0.5624999999998238
1,0,6,0.08,1.0,0.9999999999999876,3.4658293488822567e-16,0.6317610265750124,0.003199999999999997,0.0032272537412309384,1.008516794134354,0.0032,0.9999999999996885
1,1,6,0.08,1.0,0.9999999999999876,2.4316263020378364e-16,0.6698150608461447,0.003200000000000003,0.003223095404744856,1.0072173139824518,0.0032000000000000015,0.9999999999996869
1,0,6,0.12,0.0,7.996052276205936e-16,4.484686598201315e-16,0.5871150187760775,0.007199999999999979,1.3922752789224794e-05,0.0019337156651698473,4.60345334427498e-33,6.393685200381047e-31
1,1,6,0.12,0.0,4.164553504686065e-16,2.600551305439113e-16,0.7159865820791955,0.007200000000000022,1.4409605593138042e-05,0.002001334110157777,1.248732424324316e-33,1.7343505893390816e-31
1,0,6,0.12,0.25,0.24999999999999786,4.582421794080698e-16,0.6702141192510486,0.007199999999999986,0.00044991318107334596,0.06248794181573394,0.0004499999999999997,0.0624999999999914
1,1,6,0.12,0.25,0.2499999999999979,5.037757246297218e-16,0.7320540445077901,0.007200000000000022,0.0005007802910727082,0.06955281820453292,0.0004499999999999999,0.06249999999999111
1,0,6,0.12,0.5,0.49999999999999606,1.6618845935182107e-16,0.6802422760909667,0.007200000000000017,0.0018648100544884224,0.25900139645668874,0.0018000000000000017,0.24999999999996492
1,1,6,0.12,0.5,0.49999999999999595,4.302267298598033e-16,0.620321548447143,0.007199999999999989,0.0017884743054488571,0.24839920909008492,0.0018000000000000008,0.24999999999996575
1,0,6,0.12,0.75,0.7499999999999937,3.5345672086506904e-16,0.8021899749767932,0.007200000000000003,0.003979287928841969,0.5526788790057521,0.004049999999999999,0.5624999999999215
1,1,6,0.12,0.75,0.7499999999999939,2.208679028032375e-16,0.6964215313106563,0.007199999999999999,0.004126700650311087,0.5731528680986825,0.004050000000000003,0.5624999999999224
1,0,6,0.12,1.0,0.9999999999999918,4.524167040338715e-16,0.6868323220124906,0.007200000000000005,0.007221330774788513,1.0029626076093756,0.007200000000000001,0.9999999999998604
1,1,6,0.12,1.0,0.9999999999999918,3.7376504995267413e-16,0.7094152035320729,0.007200000000000003,0.007219808661412412,1.0027512029738064,0.007200000000000001,0.9999999999998608
2,0,6,0.01,0.0,5.384142592370591e-16,2.1414043420731086e-16,0.5890096560661197,4.9999999999998756e-05,1.103756497573797e-05,0.22075129951034986,1.4494495727492455e-35,2.898899145440585e-31
2,1,6,0.01,0.0,2.428994101714401e-16,2.662551552208916e-16,0.5841641482500761,5.0000000000000395e-05,2.2835038249542457e-05,0.4567007649817115,2.9500061730822645e-36,5.900012346046482e-32
2,0,6,0.01,0.25,0.2499999999999751,3.8006936472841476e-16,0.5960766682648415,4.99999999999995e-05,2.3097409194572495e-05,0.46194818388221554,3.125000000000002e-06,0.06249999999875066
2,1,6,0.01,0.25,0.24999999999997496,4.71594321946047e-16,0.5872504825639637,5.00000000000005e-05,2.131653830484275e-05,0.4263307660883241,3.124999999999999e-06,0.062499999998749355
2,0,6,0.01,0.5,0.49999999999995004,3.508071109585423e-16,0.5895443907759221,4.999999999999969e-05,2.0554062703308278e-05,0.4110812540579465,1.2500000000000004e-05,0.24999999999500164
2,1,6,0.01,0.5,0.49999999999994993,3.3143755217010366e-16,0.5858521267734729,5.0000000000000524e-05,1.8572833313790402e-05,0.37145666626837504,1.2499999999999999e-05,0.24999999999499736
2,0,6,0.01,0.75,0.7499999999999251,4.751872955413755e-16,0.6018409577395658,5.0000000000001175e-05,3.095099446701712e-05,0.6190198893279474,2.8124999999999992e-05,0.5624999999887367
2,1,6,0.01,0.75,0.7499999999999251,2.571703132418196e-16,0.5894530461182061,5.000000000000031e-05,6.467969754290379e-05,1.293593950832196,2.8125e-05,0.5624999999887466
2,0,6,0.01,1.0,0.9999999999999003,3.3530420382385535e-16,0.5801353500374056,4.999999999999936e-05,6.418352755305166e-05,1.2836705510353763,5.000000000000001e-05,0.999999999980013
2,1,6,0.01,1.0,0.9999999999999001,6.584544689714322e-16,0.6020821058530421,5.0000000000000544e-05,6.290720142737017e-05,1.2581440285222267,4.999999999999999e-05,0.9999999999799889
2,0,6,0.02,0.0,7.058819015090247e-16,1.8369988030589778e-16,0.5920993973951785,0.00020000000000000158,1.1698204780185758e-05,0.058491023900635875,9.965385177560923e-35,4.982692588755509e-31
2,1,6,0.02,0.0,7.45345779212686e-16,2.9768723198465637e-16,0.5868355090025554,0.00020000000000000042,2.7348272940755204e-06,0.013674136470309203,1.1110806611804435e-34,5.555403305874429e-31
2,0,6,0.02,0.25,0.2499999999999876,2.7165772992282414e-16,0.5883642909387647,0.00019999999999999998,2.391529214778137e-05,0.11957646073830899,1.2500000000000009e-05,0.062499999999687555
2,1,6,0.02,0.25,0.2499999999999875,3.2952247864753523e-16,0.5987900652731779,0.00020000000000000006,2.6231175907729023e-05,0.1311558795379893,1.25e-05,0.062499999999687486
2,0,6,0.02,0.5,0.4999999999999752,3.245771163619049e-16,0.5757355694470235,0.00019999999999999754,5.6596847058541376e-05,0.28298423529129546,5.0000000000000016e-05,0.24999999999875316
2,1,6,0.02,0.5,0.4999999999999749,3.1149189784594934e-16,0.6020529547430777,0.00020000000000000229,6.409325449518935e-05,0.3204662724743408,4.9999999999999996e-05,0.24999999999874714
2,0,6,0.02,0.75,0.7499999999999625,4.456746575687637e-16,0.5757860455137249,0.0002000000000000008,0.000116519495787363,0.5825974789338998,0.00011250000000000002,0.5624999999971855
2,1,6,0.02,0.75,0.7499999999999626,3.08481749970637e-16,0.6158160991136412,0.00020000000000000134,0.00012711947173344557,0.6355973586640457,0.00011250000000000002,0.5624999999971839
2,0,6,0.02,1.0,0.99999999999995,3.930269742239236e-16,0.5964895783965971,0.00019999999999999993,0.00021353348570900808,1.0676674285397025,0.00020000000000000004,0.9999999999950006
2,1,6,0.02,1.0,0.9999999999999498,3.0314856945966683e-16,0.6019827675038594,0.00020000000000000004,0.00021534730595474197,1.076736529768326,0.00020000000000000004,0.9999999999950001
2,0,6,0.04,0.0,8.92901170436054e-16,3.310239258805892e-16,0.5893816531483398,0.0008000000000000023,1.0138226429908919e-06,0.0012672783037370272,6.378180001328923e-34,7.972725001651165e-31
2,1,6,0.04,0.0,6.618419309596517e-16,1.9837940262371374e-16,0.5787191271360961,0.0007999999999999958,1.5448095668621413e-05,0.01931011958575273,3.504277932611378e-34,4.38034741575877e-31
2,0,6,0.04,0.25,0.24999999999999375,2.1920481435745552e-16,0.56478874781165,0.000800000000000003,6.475649416405198e-05,0.0809456177049635,5.000000000000001e-05,0.06249999999992166
2,1,6,0.04,0.25,0.2499999999999936,3.0108508315844147e-16,0.5916381559250737,0.0007999999999999955,5.2646442142340844e-05,0.06580805267784418,4.999999999999995e-05,0.062499999999922166
2,0,6,0.04,0.5,0.4999999999999875,4.051306228836559e-16,0.6374927876195224,0.0008000000000000024,0.00022036737199207968,0.27545921498975445,0.0002,0.24999999999968678
2,1,6,0.04,0.5,0.4999999999999874,2.963994957846794e-16,0.6087961413425018,0.0008000000000000021,0.00021072256311632312,0.263403203895074,0.00019999999999999998,0.24999999999968683
2,0,6,0.04,0.75,0.7499999999999813,6.111091583789517e-16,0.6534936087018716,0.0008000000000000034,0.0004573922707366684,0.5717403384201184,0.00045,0.5624999999992945
2,1,6,0.04,0.75,0.7499999999999813,5.319036410617099e-16,0.6181122604173506,0.0008000000000000034,0.0004511406310339893,0.5639257887917793,0.00045,0.5624999999992945
2,0,6,0.04,1.0,0.9999999999999752,4.670264701875084e-16,0.637641216090552,0.0008000000000000025,0.0008149491634518037,1.0186864543134782,0.0008000000000000001,0.9999999999987471
2,1,6,0.04,1.0,0.999999999999975,2.8256594901378416e-16,0.5486199823288509,0.0007999999999999977,0.0008142075651037528,1.0177594563784218,0.0008000000000000001,0.9999999999987532
2,0,6,0.08,0.0,2.26641009475117e-16,4.0858065373698567e-16,0.5151642807924173,0.0032000000000000006,1.4587459007701339e-05,0.004558580939905243,1.6437167096288441e-34,5.136614717588532e-32
2,1,6,0.08,0.0,6.643386107066155e-16,4.887320405112741e-16,0.6058320165563815,0.0032000000000000067,9.84242669668237e-06,0.003075758342712273,1.4123065269619425e-33,4.413457896754682e-31
2,0,6,0.08,0.25,0.24999999999999678,3.010800321116607e-16,0.5659763731491664,0.003199999999999992,0.00020036677297463498,0.06261461655455403,0.00019999999999999985,0.06249999999998058
2,1,6,0.08,0.25,0.24999999999999684,3.8707478234836257e-16,0.6111257077875105,0.0032000000000000006,0.0002196761109782197,0.06864878468067219,0.00019999999999999993,0.06249999999998043
2,0,6,0.08,0.5,0.49999999999999384,2.188949999343837e-16,0.6299127549747429,0.0031999999999999976,0.0008149147001739708,0.2546608438042865,0.0008,0.24999999999992206
2,1,6,0.08,0.5,0.49999999999999367,3.311425458538067e-16,0.6739796291104503,0.0031999999999999984,0.0007921855016930259,0.24755796927899335,0.0007999999999999999,0.24999999999992198
2,0,6,0.08,0.75,0.7499999999999906,3.2960270454235963e-16,0.7043869673006533,0.0032000000000000028,0.0018124459788198192,0.5663893683810161,0.0017999999999999995,0.5624999999998236
2,1,6,0.08,0.75,0.7499999999999907,2.236679494694118e-16,0.5186372175721473,0.0031999999999999976,0.001809513438239473,0.565472949449659,0.0018000000000000002,0.5624999999998247
2,0,6,0.08,1.0,0.9999999999999877,2.5696381813846294e-16,0.672357832548458,0.0032000000000000023,0.0032151287661001697,1.0047277394059884,0.003200000000000002,0.9999999999996874
2,1,6,0.08,1.0,0.9999999999999876,3.715990615126509e-16,0.6824317144189278,0.003200000000000004,0.0032145185475356422,1.004537046104573,0.0031999999999999993,0.999999999999686
2,0,6,0.12,0.0,6.862022852190032e-16,3.6177255616968217e-16,0.5290838483159553,0.0072000000000000085,3.6612719932243284e-05,0.005085099990588633,3.3902897489264894e-33,4.708735762397242e-31
2,1,6,0.12,0.0,5.359449138555907e-16,4.759476870840871e-16,0.4868441557290101,0.007200000000000002,2.384409907201786e-05,0.003311680426668686,2.0681060449513063e-33,2.8723695068764143e-31
2,0,6,0.12,0.25,0.24999999999999786,3.218309604799607e-16,0.5148951171005567,0.007200000000000001,0.0004402326663178848,0.0611434258774755,0.00044999999999999993,0.062499999999991306
2,1,6,0.12,0.25,0.24999999999999795,2.772646119922497e-16,0.6603329834925181,0.0072000000000000015,0.00041615757506732834,0.057799663203787564,0.0004500000000000002,0.06249999999999133
2,0,6,0.12,0.5,0.4999999999999958,3.4804872522112125e-16,0.5171844940288473,0.007199999999999987,0.001642407397574727,0.22811213855201415,0.0017999999999999993,0.24999999999996564
2,1,6,0.12,0.5,0.4999999999999958,2.6862480341700045e-16,0.6455792049118727,0.007200000000000003,0.0018076806886590194,0.2510667623137177,0.001799999999999999,0.24999999999996503
2,0,6,0.12,0.75,0.7499999999999938,3.467738222349161e-16,0.5330548207354548,0.007199999999999983,0.004112395291013256,0.5711660126406519,0.00405,0.5624999999999232
2,1,6,0.12,0.75,0.7499999999999938,3.2924793079436533e-16,0.6514873743769942,0.007200000000000004,0.004120101042163912,0.5722362558560191,0.004049999999999999,0.5624999999999214
2,0,6,0.12,1.0,0.9999999999999917,3.9472430733283574e-16,0.7071638195782276,0.007199999999999998,0.00721529293403686,1.0021240186160916,0.0072,0.9999999999998613
2,1,6,0.12,1.0,0.9999999999999917,3.02562265284982e-16,0.559719808118476,0.00719999999999999,0.007206113679155977,1.0008491221048592,0.007199999999999998,0.9999999999998622
3,0,6,0.01,0.0,4.3317390170548807e-16,2.5668728186297143e-16,0.3997511552169203,4.999999999999967e-05,1.642805819294152e-05,0.32856116385226136,9.381981455939673e-36,1.876396291150419e-31
3,1,6,0.01,0.0,5.228961107444465e-16,2.4108646821136926e-16,0.38183788772752775,5.0000000000000484e-05,1.535746854069445e-05,0.30714937080774307,1.3671017131586162e-35,2.734203426262522e-31
3,0,6,0.01,0.25,0.24999999999997496,2.525448306431e-16,0.3967769846806796,4.999999999999978e-05,8.362851007995608e-06,0.16725702015656777,3.1249999999999997e-06,0.06249999999875027
3,1,6,0.01,0.25,0.24999999999997502,2.1946391131609339e-16,0.3845835732481811,5.000000000000067e-05,3.8037572652963635e-06,0.07607514530440475,3.1249999999999993e-06,0.062499999998749146
3,0,6,0.01,0.5,0.49999999999994993,2.6393060085216884e-16,0.39791846538691855,4.9999999999999765e-05,1.3157884859392535e-05,0.26315769718258875,1.2499999999999992e-05,0.24999999999500103
3,1,6,0.01,0.5,0.49999999999995004,2.6557298126415167e-16,0.3803084771027265,5.000000000000051e-05,2.905518183231296e-05,0.5811036366346312,1.2499999999999999e-05,0.24999999999499742
3,0,6,0.01,0.75,0.7499999999999251,1.91213383481661e-16,0.3825125118890069,5.000000000000025e-05,3.5915787208922733e-05,0.7183157441640847,2.812500000000001e-05,0.5624999999887473
3,1,6,0.01,0.75,0.7499999999999251,2.43607353972547e-16,0.39483890708094627,4.999999999999937e-05,3.26092041864498e-05,0.6521840837159605,2.8125000000000006e-05,0.5624999999887572
3,0,6,0.01,1.0,0.9999999999999001,2.5344263084409483e-16,0.38123841079892484,5.0000000000000124e-05,6.100384526224595e-05,1.2200769052205145,5.000000000000001e-05,0.9999999999799977
3,1,6,0.01,1.0,0.9999999999999001,2.589276707231889e-16,0.38121762800234393,5.000000000000013e-05,6.023758371958772e-05,1.2047516743676563,4.9999999999999996e-05,0.9999999999799973
3,0,6,0.02,0.0,3.7637474421983133e-16,2.6170204422325e-16,0.3776408496260503,0.00020000000000000071,1.5304614471887904e-05,0.07652307235905663,2.8331589617311523e-35,1.4165794808584882e-31
3,1,6,0.02,0.0,5.11285939797835e-16,3.825291993975667e-16,0.40396768535802857,0.00019999999999999914,6.659620790214523e-06,0.033298103950906266,5.22826624469963e-35,2.6141331223367556e-31
3,0,6,0.02,0.25,0.24999999999998745,3.63201018155059e-16,0.40936131975212775,0.00019999999999999792,3.6452682983516675e-05,0.18226341491667397,1.2499999999999996e-05,0.06249999999968813
3,1,6,0.02,0.25,0.24999999999998757,2.1632050452418241e-16,0.36836305755715726,0.0002000000000000005,1.9901368844558257e-05,0.09950684422229351,1.2500000000000002e-05,0.06249999999968736
3,0,6,0.02,0.5,0.499999999999975,2.8442470761095007e-16,0.37218802758959196,0.000200000000000001,5.514725671844528e-05,0.27573628359084634,4.9999999999999975e-05,0.24999999999874864
3,1,6,0.02,0.5,0.49999999999997513,1.416463020110207e-16,0.3779942157200361,0.00020000000000000126,7.774796911130264e-05,0.3887398455545671,5.000000000000001e-05,0.2499999999987485
3,0,6,0.02,0.75,0.7499999999999626,1.3458891758625978e-16,0.37539386179811274,0.00020000000000000085,0.00012399845445282352,0.619992272261015,0.00011249999999999998,0.562499999997185
3,1,6,0.02,0.75,0.7499999999999626,1.4585869189696458e-16,0.4055754904776338,0.00020000000000000025,0.00013091368137208188,0.6545684068571358,0.0001125,0.5624999999971868
3,0,6,0.02,1.0,0.99999999999995,4.201178951192193e-16,0.4053284146793436,0.0002,0.00022691466428325746,1.1345733214106144,0.00020000000000000004,0.9999999999950002
3,1,6,0.02,1.0,0.99999999999995,2.669187041920601e-16,0.39710726275594505,0.00020000000000000015,0.0002268239049369403,1.13411952467903,0.00019999999999999996,0.9999999999949991
3,0,6,0.04,0.0,4.785026241919324e-16,2.441910607358283e-16,0.4367497044656852,0.0007999999999999962,1.3371848911029696e-05,0.016714811138766307,1.8317180908686172e-34,2.28964761358292e-31
3,1,6,0.04,0.0,6.038828894987634e-16,2.3100497796289263e-16,0.3654937975647364,0.0008000000000000017,2.059825144697306e-06,0.0025747814308684086,2.9173963538351514e-34,3.6467454422893732e-31
3,0,6,0.04,0.25,0.2499999999999937,2.778216967075242e-16,0.39369577404485506,0.0008000000000000003,5.364601066979542e-05,0.06705751333716044,5.000000000000001e-05,0.06249999999992187
3,1,6,0.04,0.25,0.24999999999999375,2.052895555384004e-16,0.39841949828752277,0.0008000000000000011,8.977828469439004e-05,0.11222285586784712,5.000000000000001e-05,0.0624999999999218
3,0,6,0.04,0.5,0.4999999999999875,2.2836858588685016e-16,0.4458086069443638,0.0007999999999999967,0.00021416367287413704,0.2677045910923378,0.00020000000000000004,0.2499999999996886
3,1,6,0.04,0.5,0.4999999999999877,2.7371253713474044e-16,0.3684973939463335,0.0007999999999999994,0.00022912812382480132,0.28641015478064386,0.0002000000000000001,0.2499999999996878
3,0,6,0.04,0.75,0.7499999999999811,1.6626443913884488e-16,0.3910651614396933,0.0007999999999999984,0.0004507340860542366,0.5634176075670926,0.00045,0.562499999999298
3,1,6,0.04,0.75,0.7499999999999812,1.5351010791745132e-16,0.3952459439335653,0.0008000000000000004,0.00046055710990089145,0.5756963873753944,0.0004499999999999999,0.5624999999992965
3,0,6,0.04,1.0,0.999999999999975,1.3942019688487335e-16,0.36882636184047496,0.0008000000000000001,0.0008131154604009984,1.0163943254999772,0.0007999999999999999,0.9999999999987498
3,1,6,0.04,1.0,0.9999999999999748,2.1618610238377607e-16,0.3571020012647904,0.0008000000000000004,0.0008059446959152782,1.007430869892838,0.0007999999999999999,0.9999999999987496
3,0,6,0.08,0.0,4.790411591198596e-16,4.923537305345272e-16,0.40448495287600145,0.003199999999999995,1.6441592537709525e-05,0.005137997668032629,7.3433738281889425e-34,2.294804321308331e-31
3,1,6,0.08,0.0,4.460567310375196e-16,2.8353716899377344e-16,0.3699978494452949,0.0032000000000000067,6.249397700455677e-06,0.0019529367813917846,6.3669314337242606e-34,1.9896660730382057e-31
3,0,6,0.08,0.25,0.24999999999999675,2.492983712519371e-16,0.39533677671987033,0.0032000000000000006,0.0002261767301097478,0.07068022815927409,0.0001999999999999999,0.062499999999980425
3,1,6,0.08,0.25,0.2499999999999969,4.2904010055995393e-16,0.4442688952175486,0.0031999999999999997,0.00023146910461190208,0.0723340951911968,0.00019999999999999998,0.06249999999998047
3,0,6,0.08,0.5,0.4999999999999938,1.647414382977429e-16,0.3641261919256802,0.0032000000000000015,0.0008325197252990382,0.260162414155868,0.0008000000000000003,0.24999999999992184
3,1,6,0.08,0.5,0.4999999999999938,1.27283900156517e-16,0.34501058894373915,0.0032000000000000054,0.000810140738282646,0.25316898071324734,0.0008,0.24999999999992145
3,0,6,0.08,0.75,0.7499999999999907,2.395161440131705e-16,0.4117982498477972,0.0032000000000000015,0.0018109276964060595,0.5659149051267165,0.0017999999999999997,0.5624999999998239
3,1,6,0.08,0.75,0.7499999999999905,4.0139223861857123e-16,0.4523213976214889,0.0031999999999999993,0.0018289566460908807,0.5715489519032217,0.001799999999999999,0.562499999999824
3,0,6,0.08,1.0,0.9999999999999876,2.748143138188748e-16,0.35784704726906186,0.0032000000000000015,0.0032203905644890094,1.0063720514025005,0.0031999999999999997,0.9999999999996869
3,1,6,0.08,1.0,0.9999999999999877,1.8200658729771417e-16,0.45710236597138754,0.0031999999999999997,0.0032267891208469105,1.0083716002643446,0.0032000000000000015,0.999999999999688
3,0,6,0.12,0.0,6.375035836306805e-16,2.2608277449742693e-16,0.39626361902894364,0.007199999999999998,1.2887378452127806e-05,0.0017899136739063916,2.92615789782216e-33,4.064108191419104e-31
3,1,6,0.12,0.0,5.701779012716467e-16,1.7580453865020608e-16,0.42756990244674153,0.0072000000000000015,1.0987285661275167e-05,0.0015260118973991165,2.3407404415095254e-33,3.2510283909849997e-31
3,0,6,0.12,0.25,0.2499999999999979,2.727478413796508e-16,0.3313686834296561,0.007200000000000011,0.0004352844579823465,0.06045617471976186,0.00045,0.06249999999999122
3,1,6,0.12,0.25,0.24999999999999792,1.6549357065150186e-16,0.3857421298038004,0.007200000000000002,0.0005031890396495019,0.06988736661797665,0.0004499999999999999,0.06249999999999128
3,0,6,0.12,0.5,0.49999999999999584,2.0984740587173794e-16,0.377919367106407,0.007200000000000001,0.0018132549765249835,0.2518409689617683,0.0018000000000000002,0.24999999999996528
3,1,6,0.12,0.5,0.4999999999999959,3.1249840863418806e-16,0.3079003784001231,0.0072000000000000085,0.0017393730747014239,0.24157959370849724,0.0018000000000000004,0.24999999999996503
3,0,6,0.12,0.75,0.7499999999999936,1.6555559287970464e-16,0.4233296693989474,0.007199999999999998,0.004059000556878887,0.5637500773442117,0.004049999999999996,0.5624999999999215
3,1,6,0.12,0.75,0.7499999999999937,3.094697937182186e-16,0.47748425071542233,0.007200000000000003,0.004031956051659557,0.5599938960637493,0.0040500000000000015,0.5624999999999218
3,0,6,0.12,1.0,0.9999999999999917,1.720102863506823e-16,0.40120379140404067,0.0072000000000000015,0.007205665339054898,1.0007868526463743,0.0072000000000000015,0.9999999999998611
3,1,6,0.12,1.0,0.9999999999999917,3.0298708293345e-16,0.4228077672905778,0.007200000000000005,0.00721216222214806,1.001689197520424,0.007200000000000001,0.9999999999998604
