sample,rank,sigma_max,sigma_min_nonzero,condition_nonzero,max_abs_output
0,6,1.3545690961269352,0.06612101251677138,20.48621224279276,0.9979571931804216
1,6,1.2708607005253145,0.0013593912535026322,934.8748546459981,0.9989797397326768
2,6,1.3350704710905867,0.22531334394971075,5.925394597971838,0.9972646712575817
3,6,1.2140388055195406,0.09515461274701811,12.758591207209609,0.9460150276553346
4,6,1.4609137153939122,0.012799815206565084,114.1355317883498,0.9976898513775747
5,6,1.1857123225709254,0.1071644672928857,11.06441670941466,0.9904878111621035
6,6,1.2740282308236686,0.18362886075608345,6.938060964806488,0.9959358725397827
7,6,1.1233220805859943,0.014613887375252077,76.86675363930112,0.9481544358560113
8,6,1.241938375635106,0.1980759442067132,6.270011134411212,0.9621510069341298
9,6,1.2987400523904529,0.29451662085487246,4.409734325420048,0.9754017739398885
10,6,1.266167151472619,0.14661679436540043,8.6358943868126,0.9993497044482559
11,6,1.538107937163153,0.13134739492393233,11.710227964962098,0.8967217341217406
12,6,1.4480825991750017,0.18453893702289823,7.84703013107374,0.9657476843323641
13,6,1.1633477506569438,0.14326084421448818,8.120486494657225,0.9718769708719999
14,6,1.4051992773279423,0.14034026631229887,10.012801844062029,0.8443620705697612
15,6,1.4138646836483766,0.16787268650193876,8.422243743815036,0.7569687399509326
16,6,1.1676837297838456,0.1186057835467062,9.845082548811957,0.9890872475121052
17,6,1.2887462466423996,0.16819636272029048,7.662152889629229,0.9972920155701409
18,6,1.2359824167857831,0.2824127997052437,4.376509910584035,0.9859032251252915
19,6,1.2863498656349295,0.16518041809323772,7.7875445557283705,0.9777602381812982
20,6,1.3581700699839845,0.2551464705079683,5.323099579939392,0.6287352778425503
21,6,1.3711947928823243,0.006604681521831277,207.6095249028955,0.997181819548234
22,6,1.5206765149855304,0.02107374425175439,72.15976889626218,0.96434815429722
23,6,1.193964249789565,0.06765894663965692,17.646805176386636,0.9882470923400839
24,6,1.559775092484691,0.09071466000174365,17.194300154514277,0.7487160167611103
25,6,1.380276854765265,0.30538242734636906,4.519830648931661,0.9558889411680204
26,6,1.3257616046702723,0.13974405651824737,9.487069702296486,0.9447339896512483
27,6,1.098455686484229,0.11321074914931081,9.70275079652996,0.9317977500543719
28,6,1.2095117418490595,0.015155577597617879,79.80637716105046,0.8091624313549519
29,6,1.087326847472623,0.14431759986233564,7.534263655367208,0.978287267673958
30,6,1.373118435407714,0.15006519454340203,9.150145972126662,0.9995296504401152
31,6,1.2209874747118625,0.16333054762088087,7.4755610171955755,0.962765427692303
32,6,1.2654302384679896,0.416863685164211,3.035597207200985,0.8754174496006819
33,6,1.1318965607054765,0.04414919677340493,25.637987628969064,0.995759558542952
34,6,1.4265003573706672,0.04603608319577543,30.986570931854867,0.99628870193732
35,6,1.1517897525694796,0.1007634859765818,11.430626296882625,0.9943737328516915
36,6,1.316693647867133,0.0628865718768377,20.937596192170492,0.9966084365138013
37,6,1.3344135670917598,0.11427742624984946,11.676965529257513,0.805713670099061
38,6,1.4910047209273538,0.056944235312989255,26.183593698855912,0.9994967676758922
39,6,1.1963701535618187,0.1769894339089982,6.759556924606869,0.9917896666196995
40,6,1.2988800486071568,0.08335625941786876,15.582273696997504,0.9920206653540011
41,6,1.1174146555107916,0.08738323193615521,12.787518048396377,0.9972235773837247
42,6,1.3330366927525108,0.00285552829564416,466.8266445777942,0.7308110787698542
43,6,1.150111956349123,0.06287633127542575,18.291651771333974,0.9929443005727016
44,6,1.2320309479122773,0.2278084550398098,5.408187978347768,0.8872444253397966
45,6,1.3743187082594504,0.2597805825911406,5.290305743991811,0.9163639161745462
46,6,1.2381631050751005,0.22799953544921542,5.430550999306263,0.9800691839383584
47,6,1.3323585252916506,0.05435507876441738,24.512125740195895,0.9969034784574944
48,6,1.3966099194853077,0.1523668800532706,9.166099082668255,0.9590877567484468
49,6,1.233883611782324,0.08050565102480542,15.326670812240739,0.997339955121777
50,6,1.5446682710070812,0.15715888587443747,9.828704641245665,0.9951024275720513
51,6,1.4334126338540127,0.12189898478427937,11.759020277245755,0.997684423159565
52,6,1.354461520888868,0.1661397233298977,8.152544699977392,0.876546401219897
53,6,1.2914632058753746,0.08038885867401092,16.065201411957528,0.9199302291733279
54,6,1.215798187117897,0.13456228013513488,9.035207978765856,0.9981466604987053
55,6,1.3269469953189468,0.058096453501297926,22.840413060485727,0.9707274991768323
56,6,1.4694067098174044,0.025480175362198407,57.66862625276003,0.9671913462481742
57,6,1.3477285436971853,0.09826704435017149,13.71495960430638,0.9801353102584633
58,6,1.5144014223905147,0.03138295568809062,48.25553837063244,0.9775092511655743
59,6,1.2189349214512806,0.05699615538295497,21.386265674610925,0.9578937443896154
60,6,1.3905863525899431,0.10880047575504163,12.781068675846353,0.9863482977862629
61,6,1.3419478023830491,0.2733331735521175,4.90956800063339,0.9721061718768776
62,6,1.171817062724144,0.22028648854268362,5.319514013212335,0.9862218913148636
63,6,1.2398426686577984,0.10624037371079559,11.670164790956605,0.979759956418656
64,6,1.046015140924864,0.3191226252817428,3.2777843313408814,0.9908733051650637
65,6,1.2632857131442035,0.12538834960884196,10.0749847739851,0.841122714483648
66,6,1.3512720487609478,0.10856412509684817,12.446764044342471,0.9939887259191074
67,6,1.379622137582412,0.22096198243789825,6.243708181655897,0.8983900295367253
68,6,1.4462838839238823,0.176953046415449,8.173263547711453,0.7695690433666587
69,6,1.3911037757045663,0.1002846336659274,13.871554642545464,0.42951707672470724
70,6,1.3866408422387033,0.34576009806070857,4.010413144883008,0.9629222426483386
71,6,1.3222142788940117,0.13584527161280913,9.733237404557093,0.9348367943084832
72,6,1.1680448426397916,0.15763226473869346,7.409935044554844,0.8215849557975783
73,6,1.7226318446953672,0.0473375317640021,36.390402720687376,0.896067626986673
74,6,1.2398166788380975,0.18051840618137777,6.86809010263684,0.9538613556428427
75,6,1.3438342482496013,0.256778763640726,5.233432193519856,0.8531418263553564
76,6,1.062790899423481,0.1592808181180316,6.672434960975167,0.9842544619392926
77,6,1.5016729069776467,0.05180160835615736,28.988924371865597,0.9337385924952547
78,6,1.4963615918689104,0.2900084064362875,5.159717989752993,0.8082617690869907
79,6,1.4334893882281803,0.24755584513465176,5.790569749821378,0.8684614471063022
80,6,1.5452782160474503,0.087018274054583,17.758088549057646,0.9572923581764934
81,6,1.2554799656677413,0.1731129123005804,7.25237620338695,0.9741844814114953
82,6,1.5382554251821823,0.09169037586798919,16.776629069520652,0.9902371038065116
83,6,1.259359900882971,0.10805893561514285,11.65438002617611,0.7082858801364551
84,6,1.3105445258824593,0.1305926357193009,10.035363163198395,0.9816937243758579
85,6,1.6169940939620853,0.058898297797587505,27.45400384097888,0.9668325928018152
86,6,1.5080855890531095,0.1854186406738811,8.133408720785349,0.995741243626727
87,6,1.2539918792149531,0.21337498891015622,5.876939399598327,0.9878079278721613
88,6,1.1020360731139887,0.055569722889660306,19.831592021831753,0.9885176969631128
89,6,1.2822080818973975,0.03056252514236433,41.95360415818722,0.9979028288505751
90,6,1.268786708711402,0.2991002759353777,4.242011160783852,0.9863499543873
91,6,1.513739687928134,0.18156720811876315,8.3370764116062,0.8754438039681309
92,6,1.4629610102156057,0.45121279486378035,3.24228618263644,0.8918370619481226
93,6,1.2540215078670633,0.058181684112423374,21.553544332679355,0.9651500690563181
94,6,1.2335375945323839,0.055981932647729764,22.034566085713863,0.9999175205069539
95,6,1.1516410088984568,0.30107426974503243,3.8251060440127773,0.9471397104318986
96,6,1.1121782618485931,0.08630855744029699,12.886071727220449,0.9971809981404337
97,6,1.2640976281658216,0.18684460263513278,6.765502510309767,0.9929287971572257
98,6,1.369055094534634,0.016739750381414228,81.78467798747259,0.9988604352710944
99,6,1.2182531096188662,0.17101112901844226,7.123823558217002,0.8200962040576245
100,6,1.5480397659955214,0.042318151495764345,36.58098738434891,0.870294516886474
101,6,1.343633572884616,0.16210151966468664,8.288840077896708,0.8732974705339529
102,6,1.4585871556218653,0.19368301246998723,7.530795483924463,0.9987167812300838
103,6,1.3905156200073252,0.06186271358921339,22.47744302393131,0.9967979618272097
104,6,1.430625627906387,0.08137899919432283,17.579788914462227,0.9922428980316202
105,6,1.6548694726177853,0.031355972896799006,52.77684982266086,0.9859636070564499
106,6,1.4056649656894857,0.3156094713443741,4.453811096675576,0.9510378113475405
107,6,1.3385613527745395,0.13487205829627424,9.924675056371676,0.9539551740050588
108,6,1.3528804679647441,0.33241349575890844,4.0698722682004345,0.7964130076345032
109,6,1.230984912563844,0.0350489377690673,35.12188930445301,0.9977268294963436
110,6,1.312080120169884,0.22309175800078512,5.881347351995256,0.8785274056069555
111,6,1.436436289857989,0.14481496867836868,9.919114736324579,0.9489393649574619
112,6,1.4165754887310091,0.10589306397988392,13.377415247896787,0.9862646004578954
113,6,1.189791788853235,0.33823188141442123,3.517680781237276,0.9100813426288404
114,6,1.3450610551822708,0.2791544763003564,4.818339555247008,0.927454353752251
115,6,1.3872052278786677,0.2699492555359377,5.1387629320355455,0.819301230744633
116,6,1.3300329512094349,0.2727508915330275,4.8763651833870565,0.8628093940620207
117,6,1.1508951454494583,0.16371023008938895,7.030074692467583,0.9267916103459692
118,6,1.1583040224866596,0.10174931793603134,11.383899626873887,0.9749101371146698
119,6,1.167483835761091,0.13554146471940481,8.613481034589617,0.9606188216845344
120,6,1.1753154729258293,0.1956900276526722,6.0060059627150855,0.9913532510068342
121,6,1.304346200598406,0.07715980505980366,16.904477656306366,0.9961192661700692
122,6,1.291522063417065,0.13529363828444274,9.546066465459045,0.7813056227598961
123,6,1.306874386736785,0.12219719921331802,10.69479820446123,0.9082622932739266
124,6,1.3575936202939733,0.22696068789778195,5.981624539776701,0.9431219616444938
125,6,1.0925455296838074,0.10198356369294347,10.712956971902754,0.9904257847279492
126,6,1.1826410521631594,0.2572763012992029,4.596774153666766,0.9589192376868562
127,6,1.251660120151161,0.13163267807450085,9.508733989615802,0.791839585900154
128,6,1.5380440524317818,0.35263506230741787,4.361574377680447,0.7484462642011187
129,6,1.3638867229153115,0.13384153435096283,10.190309977610475,0.9855590066027415
130,6,1.2420781792242217,0.4012599400556301,3.095445259379797,0.9542326479873932
131,6,1.1931771074717759,0.21656340093359824,5.509597200302663,0.9302751324209596
132,6,1.5709031606336246,0.029868663231921604,52.593688188721806,0.7677347522934453
133,6,1.2497538704136075,0.07852313674507524,15.915740534804714,0.9991200880383703
134,6,1.4593450889722985,0.124559528314647,11.716045401889128,0.9101522273246253
135,6,1.37090834388701,0.1594954431486877,8.595282202570498,0.9163185333831667
136,6,1.3360373357846866,0.26908071894778446,4.965191638438973,0.980562821419852
137,6,1.1042048939243343,0.10411710694069662,10.60541275463283,0.9872015477654895
138,6,1.3065382688182055,0.16334069867341083,7.99885319108708,0.9993693604748595
139,6,1.604849741075892,0.07056366087682198,22.743289125508458,0.9860978855192741
140,6,1.4640156282733727,0.021681301916158417,67.52434120122123,0.9927602994337832
141,6,1.6482201178011477,0.005899452331796926,279.3852759717296,0.5194842978191799
142,6,1.395494246850966,0.19747856894742302,7.066560459137742,0.9598783301803386
143,6,1.2266593433532387,0.21464612345208609,5.714798495427089,0.9942205757224309
144,6,1.368874573914708,0.12939515873850718,10.579024650227037,0.8018662055179218
145,6,1.445042527216605,0.3076152676748584,4.697564389892307,0.7546287595532074
146,6,1.1738811730327439,0.26382790196532324,4.449420111702345,0.9810577970987864
147,6,1.3013786983052997,0.0454601736036481,28.626786814577105,0.9809686451910351
148,6,1.4234658686861468,0.047686092159727536,29.850755308658112,0.9957345162962582
149,6,1.410596679115778,0.08158695149906631,17.28948873806029,0.9955649314233945
150,6,1.2472343566094104,0.04379357961294727,28.479844936920255,0.9948643603572368
151,6,1.518461839330931,0.10896879550509726,13.934831823114918,0.8684519347457534
152,6,1.3355565654188548,0.33796337263151466,3.9517790197786535,0.9874593728643215
153,6,1.4964058151439035,0.0708626547043844,21.116987803892115,0.9570451867017045
154,6,1.466189115532924,0.21264628933815632,6.894966848922285,0.7873753057734213
155,6,1.1056985973265585,0.29914465558487724,3.6962004056690736,0.9782868930234359
156,6,1.295286000424966,0.08845460654653085,14.643510959981388,0.9983016200295184
157,6,1.3327284633051977,0.17729409713505032,7.517049269215194,0.8284021541065263
158,6,1.1844538271817175,0.17586214931324545,6.735126528403618,0.9956424259887858
159,6,1.2279673090776733,0.20044823337677828,6.126106917437827,0.9714234615036695
160,6,1.2359828404878297,0.27421484098842525,4.507352104038749,0.9999704732247329
161,6,1.4392514731110388,0.009033857262125638,159.31749100631544,0.6006521686882229
162,6,1.1941354571873823,0.2223004130299946,5.371719471462519,0.8969728496751035
163,6,1.1240094985435527,0.13683940178021717,8.214077845421057,0.9928334590320663
164,6,1.3878484787241754,0.11597328349072623,11.966967192363354,0.9748071356909739
165,6,1.4222496884330373,0.0149168572869368,95.34512941131038,0.9760202925169641
166,6,1.3195376149175715,0.16144977404177374,8.173053339648233,0.8109909317803142
167,6,1.5094223911091242,0.341625602348622,4.418352666580268,0.6041692908651268
168,6,1.3302544422940172,0.2941130370397619,4.522935996591599,0.927368494573787
169,6,1.2993227808547347,0.05763423043896979,22.544289582049984,0.9903393275017266
170,6,1.1302551957209515,0.1584514165342307,7.1331340573833195,0.9812416418645178
171,6,1.4222970018293326,0.15291915208005455,9.300973635302054,0.9630964788262623
172,6,1.3965854312465618,0.0857793208963347,16.281143481356672,0.9911045134528965
173,6,1.177669403312213,0.10287091898531635,11.44803035618173,0.9912062286714831
174,6,1.7317126981362576,0.13071288183588067,13.248217572852125,0.5046373938008979
175,6,1.4159221945457106,0.07858359294750684,18.018038389916,0.9971298859875004
176,6,1.370085620076669,0.1800099545877798,7.611165855878055,0.8831574998246248
177,6,1.3186232250046706,0.10586335132917099,12.455899123243793,0.9928423207605691
178,6,1.4587492779907296,0.044467339209289136,32.80495986335067,0.7544768184495114
179,6,1.248605767296554,0.23002778550900213,5.428064981513678,0.9788994722530454
180,6,1.300276017448788,0.2329915331886405,5.580786561870579,0.9988967970750574
181,6,1.0941365917435903,0.22280483774421822,4.910739833215238,0.9389227329130391
182,6,1.3690170197029266,0.006746347341257383,202.92714715868297,0.999864895639969
183,6,1.1307414124998973,0.09504384531277785,11.897050343225946,0.9832175233885203
184,6,1.4043741141318025,0.1780655471610883,7.8868379454747926,0.9338423672260655
185,6,1.453531028292159,0.297463535748661,4.886417505372175,0.8459160970124031
186,6,1.4488130953661607,0.17683111300836396,8.193202376652083,0.893812867493871
187,6,1.2024452175153753,0.032112803578124016,37.44441728951092,0.710391019070987
188,6,1.3743016739260456,0.12496380864268977,10.997597535263987,0.9954300725812928
189,6,1.362950037602889,0.07626641599585487,17.870907132661983,0.9974248693851944
190,6,1.1600239324492136,0.12985595401559014,8.933159370651149,0.992498494338632
191,6,1.3778543331817938,0.2646157539489108,5.207000386862134,0.8414667305798633
192,6,1.3192774390401343,0.10868253096564036,12.138817777966725,0.9926835078072845
193,6,1.2143861460511822,0.3308200332499763,3.670836176760675,0.9818323473870534
194,6,1.4141228838357525,0.14777124590542615,9.569675583169905,0.8681988523025688
195,6,1.260546589206856,0.1757878842576755,7.170838846658547,0.9445004843156207
196,6,1.168913146754254,0.25208293953849936,4.637018073869817,0.9976527766406876
197,6,1.4153447150374785,0.01778374809676473,79.58641268062956,0.9778663540609728
198,6,1.3868177022783426,0.027902006742845903,49.70315271800025,0.9747927374338422
199,6,1.030348094189015,0.0742825503865674,13.870661263339365,0.9993250345118745
200,6,1.284773216902659,0.16658311077332272,7.712505853314919,0.6251367949180534
201,6,1.3163554980707297,0.12156005845016882,10.828848841088243,0.9905680183533774
202,6,1.4790863051261893,0.14499956962363494,10.200625484374529,0.9943310477618581
203,6,1.249672621800592,0.2081673154748528,6.003212458929731,0.9952831787777502
204,6,1.4121219970006276,0.05841131307209746,24.17548797880363,0.9985864353595308
205,6,1.3801316230563132,0.18190231915134195,7.587212903580683,0.9383807588917847
206,6,1.421169817459169,0.15342028136884928,9.263246063552884,0.8581469297233238
207,6,1.202187805854276,0.13500145197218208,8.904999081802428,0.9915140341148508
208,6,1.2010116514245963,0.3961071943535133,3.0320369550085244,0.8865103840883858
209,6,1.4147205555662088,0.22843250324542827,6.1931666267572725,0.9947931403232948
210,6,1.2147882429506507,0.12294224091129996,9.880967143157028,0.9934573390631565
211,6,1.35000722320367,0.21579716487655265,6.255908060589884,0.7869710449845907
212,6,1.1756812731930362,0.13899720354303946,8.458308823666334,0.992222595804982
213,6,1.3278668924845338,0.2522325577912179,5.26445477186834,0.9925580521287034
214,6,1.4079614772308222,0.01847852702593667,76.1944648106741,0.9973138594831762
215,6,1.108785668310963,0.15736800471676798,7.0458138571850295,0.7804153654206856
216,6,1.2263187728703713,0.357514267148932,3.4301254119168227,0.974799746093318
217,6,1.5116254778146938,0.08932555304553323,16.922654562733584,0.845037400482356
218,6,1.3471964195003916,0.05780802276462059,23.30466179384528,0.9914411706597377
219,6,1.1616789113600259,0.0835461407521434,13.90463881277751,0.9990702805859315
220,6,1.3107736722331929,0.18414922969487643,7.117997041883159,0.9834240008583249
221,6,1.3052296519263717,0.27120434690903256,4.812716561523891,0.9961963163456717
222,6,1.4950293797199887,0.08047250150094692,18.57813975998244,0.6377102366019937
223,6,1.3488214157741363,0.18248134016719794,7.39155803293796,0.9732453488363488
224,6,1.2804329835353752,0.1572188938069606,8.14426913032183,0.9422030327372516
225,6,1.3646276320570063,0.0507373753581203,26.895905088212324,0.9306752182786928
226,6,1.30591124472678,0.27025480255936984,4.832148151890459,0.9955365084442379
227,6,1.4310829088232089,0.15572788204333907,9.189638297558934,0.9846303705883807
228,6,1.1117362588983088,0.010653656087512878,104.35255744752001,0.9749268277594922
229,6,1.6793513628126668,0.06060627159035217,27.709201024007562,0.9834316534374886
230,6,1.290908793876565,0.2795046221310218,4.618559736273102,0.9867581728300879
231,6,1.2502150110336774,0.1675464676095465,7.461900145499948,0.9264471533212673
232,6,1.2849121068515763,0.10767251148396594,11.93352034927614,0.9182960250300267
233,6,1.1960833060350182,0.26020697835337314,4.596661141080857,0.9966276542043732
234,6,1.3589284165702815,0.07812416247284151,17.394470206867037,0.9806007350948847
235,6,1.3569125357931549,0.22965424409840254,5.908501892138964,0.9026551289896128
236,6,1.2588166122978266,0.045519237375769794,27.65460681834497,0.996236598473332
237,6,1.2364097456650536,0.17382846235350313,7.112815294601473,0.942945320279489
238,6,1.3804414668366067,0.34257448344656233,4.029609715669147,0.9853687985517391
239,6,1.3021048174387513,0.13750787479769871,9.469310898407855,0.9615600570265515
240,6,1.2715060509117653,0.22321170983671085,5.696412844298929,0.9456390545218698
241,6,1.3922255095918572,0.05509424457946316,25.269890171265203,0.9952109185600772
242,6,1.3168717672556554,0.03974725270475144,33.13113932773106,0.871831494799383
243,6,1.561547007042805,0.3135111006256564,4.980834821881949,0.6529524232917518
244,6,1.1301022800330751,0.23265942202642725,4.857324367911089,0.9371952952971002
245,6,1.254139235700627,0.15474332036119093,8.104642143992411,0.9234052575374426
246,6,1.2146607544060117,0.0741904198999905,16.372204875553848,0.9084385355828033
247,6,1.2350350005844768,0.2655297870442677,4.6512107524063895,0.9957831627916834
248,6,1.366534739286131,0.18773608639297454,7.279020062374483,0.99511259260465
249,6,1.3612510123451904,0.17622480860551332,7.72451406312722,0.9441481897540662
250,6,1.5874580085617025,0.1639486743445285,9.682652299010071,0.6965634375986816
251,6,1.4353355106095051,0.07098420417990825,20.220491688146165,0.9991314695198109
252,6,1.5413097635178885,0.24847147554496815,6.20316581666914,0.953158587908489
253,6,1.2861841006158026,0.1605363138220117,8.011795400022754,0.8849801121252625
254,6,1.693367860572243,0.05597205629795114,30.25380828530019,0.9305674411327858
255,6,1.4424447305100572,0.058735034080612473,24.558506742846784,0.9960115183358758
256,6,1.3693275048903388,0.2586199930692436,5.294747280128925,0.9240610650921889
257,6,1.3738373288888093,0.07295170501729366,18.832148317344092,0.9994968457756911
258,6,1.4099158258111042,0.18418268526850998,7.654985721136947,0.9992407861356929
259,6,1.223545671262343,0.05575358912917305,21.945594720862964,0.9850077658952608
260,6,1.4163873407539653,0.10502123959712036,13.48667513531046,0.8381210510315079
261,6,1.2785128418288974,0.166510529042746,7.678270252211391,0.8178268420568837
262,6,1.3002484178334908,0.08513994910651843,15.27189564333369,0.9063225419925164
263,6,1.3397696010628806,0.042087147340512686,31.833224291094474,0.9908900507557886
264,6,1.4828409856985438,0.05447030352634617,27.22292496463369,0.981846502112043
265,6,1.1590046239291523,0.15298282523096396,7.576044057098299,0.9766089128283221
266,6,1.4801528515764315,0.031446430124244674,47.06902645954901,0.9996060746133625
267,6,1.330672531747988,0.10196708152739412,13.050020769599982,0.9867107397785406
268,6,1.465357274037375,0.19728967901873337,7.427440103940937,0.9955058205470532
269,6,1.4954261162994085,0.01708648142922757,87.52101024973942,0.9952029008040425
270,6,1.4765604303504911,0.10965284465142135,13.465774053052362,0.988192846975813
271,6,1.2696436604435997,0.13272732999058356,9.565804273571054,0.9718627830769705
272,6,1.2253506475036169,0.18272840362297965,6.705857563511919,0.9989634383834692
273,6,1.3108439958978433,0.05758738720964367,22.762692655698874,0.9608345691895793
274,6,1.3064039281816253,0.09131806312187514,14.306084508582593,0.9817993102020425
275,6,1.2916974346796741,0.058306597208621934,22.153538304730084,0.9884219090089749
276,6,1.3226454373954892,0.276564867861382,4.78240583347852,0.9908639483901441
277,6,1.0854778402361551,0.16920640495989323,6.415110825700981,0.9794351583819771
278,6,1.4122491270950712,0.1220615718186105,11.569973301619799,0.9969169732797585
279,6,1.1262594964270383,0.08426899084549637,13.365052614573104,0.9818827552760011
280,6,1.2292367045067139,0.06883553809811181,17.857588368884013,0.9049118201051994
281,6,1.5077920815128734,0.10947265826186182,13.77322982242918,0.9923003960786663
282,6,1.3726884299764552,0.17773355840696514,7.723293463991443,0.807277580786342
283,6,1.3774587771234907,0.1407116361304639,9.78923147369525,0.9823653602109166
284,6,1.2676889794274517,0.21386611026495034,5.927488828673985,0.9958214919207817
285,6,1.4203514023327635,0.2383227535637527,5.959780931923528,0.9083126656542636
286,6,1.2361768020001764,0.1761642914726754,7.0171814711491525,0.8181990991158626
287,6,1.6090094682870433,0.29149393381458133,5.519872908609243,0.9985606045524501
288,6,1.1785330060634955,0.10455449242050448,11.271949954322288,0.9616933394363253
289,6,1.5215324422431968,0.059588143974485926,25.534147244033594,0.8886536892661977
290,6,1.1506364901434012,0.061063092481211216,18.84340349282909,0.9957097238602316
291,6,1.4486601550682254,0.05547107162071281,26.1155970624389,0.997901917471459
292,6,1.3244861081274892,0.21793950165334966,6.077310896278872,0.9999400450605305
293,6,1.4213172244637535,0.06639838711575545,21.405899844914966,0.9785868244557574
294,6,1.028154101702552,0.192210038683551,5.349117604597515,0.9565943913380467
295,6,1.2389884171123997,0.048982604533195404,25.294457673698016,0.9968791776194861
296,6,1.4215651611340252,0.060036658841601274,23.678285710146454,0.9947881666619685
297,6,1.2703707430747717,0.12415132230747888,10.232438281474868,0.9877671175376357
298,6,1.3175898166489817,0.23561759217216768,5.5920689304311715,0.9851321254923135
299,6,1.2067521277216497,0.24273413408119643,4.971497446329415,0.9928572121991794
300,6,1.4653501692197874,0.030537188823684995,47.98575853463122,0.9971835483107644
301,6,1.4139711858981987,0.02706703906132256,52.2395960154612,0.9468902762525496
302,6,1.2566087427360526,0.19422466986184067,6.469871945875495,0.863050828860633
303,6,1.1851956837315498,0.11292029546753887,10.49586063182289,0.9628543468424073
304,6,1.2210729104725402,0.11383245829664167,10.726930866154937,0.9993552334109203
305,6,1.3798341100058678,0.166699147970184,8.277391497241885,0.9780342510175146
306,6,1.2923540647723422,0.0457602032522203,28.241877721765512,0.9981789117686631
307,6,1.271088064769907,0.29987894000295895,4.238670660758522,0.9946004338555113
308,6,1.419748196608795,0.3854705689873053,3.683155890055906,0.6400282381535746
309,6,1.4336832567372595,0.04118794011977634,34.80832623743857,0.9881362172148831
310,6,1.2706733756106143,0.12465401293195995,10.193601840192562,0.6850010630426562
311,6,1.5219491950355721,0.10255689686205607,14.840047247945368,0.9416652777304185
312,6,1.119251635561492,0.08451630562391402,13.243026032657042,0.9992656905487312
313,6,1.5175598964232468,0.12294766280051009,12.343137411937454,0.8370848093136103
314,6,1.4369297517122441,0.13144837685729102,10.931513846475786,0.9079962686571654
315,6,1.3784835082042621,0.05473414467031345,25.185074444982057,0.9949963821413135
316,6,1.3857687328427826,0.21116168402897226,6.562595573222694,0.8568990782943553
317,6,1.431786903019919,0.16299751038993515,8.784102895772387,0.8779230626749268
318,6,1.142725793287418,0.28350642337318904,4.030687487398511,0.9973409750223445
319,6,1.299063742370693,0.14584674003241713,8.907046822451788,0.9927921636245542
320,6,1.28118543985473,0.08371788825228592,15.303604362234342,0.9980028182021032
321,6,1.275104794912357,0.238692475452175,5.342040181605306,0.9972699055709378
322,6,1.2069232881018883,0.01135016979269806,106.33526283266194,0.9742247785349282
323,6,1.43836480027231,0.16161863182624325,8.899746174183067,0.8463698545230713
324,6,1.3796019379417945,0.10854007757852845,12.710530236572351,0.9962871384334482
325,6,1.4079073873785346,0.12634731432672774,11.143152467315273,0.9436201187553185
326,6,1.3566612213487361,0.30075641538737785,4.510830532413881,0.9196366390125302
327,6,1.4187285248061183,0.197937332527791,7.167564130970213,0.9781080852726236
328,6,1.4984642356140139,0.058903321871029035,25.439384197973688,0.9625697874255544
329,6,1.4448048983092727,0.24709904089079301,5.847068014107807,0.694457569344586
330,6,1.3204478579783585,0.11571978134350899,11.41073585386986,0.8451187101691001
331,6,1.4326068958463936,0.11377997902064683,12.591027948655437,0.9939994612931227
332,6,1.2504978560354783,0.19633548290269848,6.369189295524386,0.9984619099326258
333,6,1.2347244557162775,0.21775552553612826,5.670232489744201,0.9114884632929949
334,6,1.3987212272428533,0.1768664470277826,7.908346951884768,0.9975260590301454
335,6,1.182064059714492,0.28249113387404357,4.184428882789461,0.9936840529773752
336,6,1.268611725456725,0.2280508647837279,5.562845493525374,0.9978674339830627
337,6,1.325371334329109,0.17369252101932262,7.630560755011821,0.9751831148953249
338,6,1.3159595034629643,0.26701753895644464,4.928363539735946,0.9479620536019412
339,6,1.2638996875725443,0.19250208948934217,6.565641396025054,0.9989773667282295
340,6,1.3820752083189545,0.056559616037241085,24.43572472997238,0.9970981046047304
341,6,1.301708871574512,0.1857542031928216,7.007695380240074,0.9997878093919651
342,6,1.7649161014886026,0.05592390267111489,31.559244208473217,0.5103308858059524
343,6,0.9921980628423452,0.04717734795942366,21.031238629515926,0.9969586179967707
344,6,1.3440051836887947,0.29359051325876295,4.5778222489914855,0.9493940392514292
345,6,1.3025335812796892,0.04051891750974292,32.14630748628687,0.9723683959641589
346,6,1.422766430271579,0.3299214043735265,4.3124405128342875,0.9138404969416024
347,6,1.3884713855829554,0.06568174215464843,21.13938120450251,0.9893185843397024
348,6,1.2185579563502522,0.08542744614541217,14.264244236870402,0.8430000378261551
349,6,1.3055203650011824,0.18270475645609974,7.145519308441609,0.9088194871843599
350,6,1.4733472985751788,0.027570398657366598,53.43946298656482,0.951765835964069
351,6,1.417891318386017,0.16292609089167512,8.702665795429487,0.9879301961789052
352,6,1.5031173140816947,0.028202790154811936,53.296759144422246,0.9891349078125613
353,6,1.259783245303515,0.2149095366987616,5.861923415103497,0.8355632843750934
354,6,1.354334539777559,0.10823906983058797,12.512436977676511,0.9421964666033086
355,6,1.4303966698709099,0.04750044971063639,30.11332900182233,0.5194346318884382
356,6,1.3251481159775578,0.11040693018135035,12.002399793209705,0.9644966247295576
357,6,1.2259947273322471,0.009588210097764697,127.86481677305588,0.9999650143687705
358,6,1.3360483591323846,0.14408697458662706,9.27251309818525,0.8356599552467321
359,6,1.3145126154806812,0.2429478321937088,5.4106785132068405,0.9777780196874701
360,6,1.1685283999040341,0.14289603256929762,8.177472662422273,0.9982198842554392
361,6,1.3803327556394975,0.1767910543015492,7.8077070194122475,0.9581406954179199
362,6,1.3369225984933943,0.19370328975945045,6.901909617299973,0.8760157199850028
363,6,1.2142756473130218,0.3182669955150858,3.81527354210206,0.8869890337282889
364,6,1.6137252115879757,0.03358103199946533,48.05466406195227,0.6265966136421133
365,6,1.4843958839249427,0.1329268069933004,11.167016777885571,0.9633501925278065
366,6,1.4644550180486862,0.20934613294405302,6.9953764965892935,0.9473142077042892
367,6,1.3388579923960249,0.30559758004493337,4.381114510786266,0.8565553112059381
368,6,1.371273284231214,0.15801249551129615,8.678258512366721,0.9845480269066748
369,6,1.3864420258717076,0.1874239551242409,7.397357637409013,0.7787925692687223
370,6,1.3760179320445807,0.1515360629779181,9.080465105161762,0.9997858227087207
371,6,1.1637935974933662,0.236118951710973,4.928844504264678,0.995817435105382
372,6,1.2206942462796413,0.20127507397242506,6.064805850956378,0.9487148765276378
373,6,1.2721174113489833,0.3267833329657694,3.892846675513398,0.9297720303377173
374,6,1.1767893839104475,0.0009414887350457662,1249.924019381117,0.9431591648673667
375,6,1.1857864288640665,0.1850361353996634,6.40840464108733,0.9994324695381275
376,6,1.2950533552894552,0.323423805854943,4.004199232848964,0.7193360493699392
377,6,1.5005836091155451,0.38650364498737927,3.8824565526789394,0.9214247595004013
378,6,1.267242961588592,0.02242988625986453,56.49796645898132,0.9934640053368321
379,6,1.6557568052098364,0.03092520433787358,53.540690859140376,0.9936010226069112
380,6,1.131573351724441,0.21756476034545671,5.201087482769225,0.9505159205249548
381,6,1.6368777737119449,0.017825365097686875,91.82856927426164,0.9618334976774222
382,6,1.1461746218408757,0.20776454556370058,5.516699775368838,0.9908020307338633
383,6,1.4008516222452998,0.16079398795184663,8.712089550666635,0.9992820968528714
384,6,1.1738912923505094,0.14263637902686543,8.22995718455113,0.9698876700177982
385,6,1.1487368034169778,0.075656677210346,15.183548178083202,0.9223308822815519
386,6,1.2125884428117266,0.17073668020920463,7.1020968741218065,0.9889605262136028
387,6,1.3833829601212686,0.12898737403378074,10.724948627599565,0.9908493302509789
388,6,1.2660449772292808,0.15093542399766674,8.387990994406007,0.9975887260367307
389,6,1.1912632269360393,0.071580625589721,16.642257833341777,0.9941652346863367
390,6,1.2855670261890633,0.15018889810462535,8.559667474845611,0.9978818304482012
391,6,1.5466278789474535,0.1750044546123202,8.837648632279855,0.7125918328902758
392,6,1.4676896273278877,0.10002873305359716,14.6726803641657,0.9943517885077763
393,6,1.4812011822303475,0.1258783642948063,11.766924288604386,0.8997954220897019
394,6,1.3789216417269894,0.012555198215303069,109.82874328867804,0.9477201017230024
395,6,1.4600353169657,0.10994888097749755,13.27921943347941,0.8587817969183507
396,6,1.3530285640889848,0.3419740407524855,3.9565241885371116,0.8089661765251582
397,6,1.3209442668032632,0.18451862535152308,7.158866831393071,0.9979611825918059
398,6,1.3313520023939924,0.049215773157320564,27.051327592442007,0.9962172564949073
399,6,1.2478719483549616,0.16890702297502608,7.387922221206083,0.9942679672678839
400,6,1.2627753379967712,0.20298519760366912,6.2210217932361465,0.9776039639171068
401,6,1.6880483903810735,0.08188918156479794,20.61381440288716,0.7657598906785208
402,6,1.2262134574296863,0.2566183677394442,4.778354208357815,0.9697166337828277
403,6,1.279445016329377,0.3373805293315589,3.7922906187393206,0.887024941440689
404,6,1.1819489288529408,0.298611185451704,3.9581535670374404,0.9388273086430761
405,6,1.313136731195455,0.2391865357202959,5.490011079599537,0.9763277042036669
406,6,1.4122826178491796,0.05680612563898385,24.861449394112253,0.9943185633308879
407,6,1.5091248584213572,0.31198234821967785,4.837212319969875,0.6564873927651618
408,6,1.313831431876042,0.26584399194389846,4.942114441891552,0.9974434048993855
409,6,1.455198933644333,0.07564384642083226,19.237505791926154,0.9702409110632056
410,6,1.2845040643898087,0.12978352605199986,9.897281291888707,0.9935246026014267
411,6,1.4307661141051708,0.07869914148874035,18.18019977142792,0.9919750738590106
412,6,1.300537467741816,0.09490688530637638,13.703299434424054,0.996063961245785
413,6,1.3096717850163675,0.3294950892381012,3.9747839278720374,0.8974266433720037
414,6,1.2984121792090848,0.10133024604057471,12.813668474555701,0.9997509071521746
415,6,1.4915133922913073,0.1773991078882044,8.407671323980095,0.7563805253955331
416,6,1.2362697946873864,0.1509268814119378,8.191183592491575,0.9722105015266322
417,6,1.2915663640185822,0.2534676490435748,5.095586631635751,0.9909584764753283
418,6,1.4731259105846617,0.306576262492612,4.805087969327572,0.9860533657772039
419,6,1.301781279351562,0.22494587261390878,5.787086752135726,0.9721298973999839
420,6,1.425411934701123,0.3010298942367905,4.735117548092722,0.9477140302255103
421,6,1.303828628254805,0.25401973948388523,5.132784683993107,0.995979725163181
422,6,1.2833279413463181,0.03258982056495347,39.37818371195289,0.9253404720854006
423,6,1.4022146432132083,0.06194983392462242,22.634679617048782,0.9785810013841444
424,6,1.187384890803823,0.021497010900226408,55.234883413084994,0.9969141827333716
425,6,1.3574066843439614,0.02722038011362282,49.86729350133609,0.9997164981650652
426,6,1.3922896686684938,0.053275107830676176,26.133962470683237,0.9633182153881984
427,6,1.1073296534799753,0.08174796554600544,13.545653963177854,0.9983183128748407
428,6,1.172963575958112,0.2433942332591511,4.819192140469545,0.9891758980745927
429,6,1.3841931319658993,0.23151066332970197,5.97896058893246,0.9524909204042125
430,6,1.261275903728675,0.05240086162581098,24.069755049741605,0.9998347037661167
431,6,1.4664218541609844,0.0727947105034814,20.144621003621587,0.9793221309513568
432,6,1.101560707274163,0.3407882748720148,3.2323902801170648,0.999682167876973
433,6,1.1782424265213125,0.11053322101307567,10.659622652106835,0.9993444385330957
434,6,1.427108709009959,0.12199681476411041,11.69791778391408,0.9984335463704097
435,6,1.3418994992521303,0.23393006198298003,5.736327720674748,0.9958827996807544
436,6,1.4989930249126144,0.025778324606296525,58.14935795115543,0.773936474529597
437,6,1.6560003987487388,0.004210581940487036,393.2948989367465,0.6526360674564855
438,6,1.315977769344157,0.1784839709246424,7.373086572013658,0.9909980756952771
439,6,1.3841152120081062,0.14277453425055578,9.694412377343953,0.9384477329861926
440,6,1.2369184426212967,0.20065806882336606,6.1643095135642065,0.9528862997353861
441,6,1.2954858049949116,0.1587993091350395,8.158006555892875,0.9649452679805623
442,6,1.218777131419277,0.05525316406489968,22.05805137218416,0.9972180422834631
443,6,1.035887872893472,0.0799626757391772,12.954642441835464,0.992605014996686
444,6,1.5329867845187815,0.2695207140219081,5.6878254796927115,0.4651924845955383
445,6,1.260714900979502,0.0001677696198874976,7514.56015591445,0.8659341634628615
446,6,1.3747047671296386,0.1394708127378253,9.85657672844987,0.9940264602204012
447,6,1.3619116973566305,0.1657284642697383,8.21772954548106,0.97710105697081
448,6,1.4307108898902103,0.16057881850861855,8.909711151059575,0.9891858848244945
449,6,1.434880050330805,0.07882566016492461,18.203210062924278,0.8484738719689772
450,6,1.5461716074153742,0.0244797138341022,63.161343220500946,0.8657656837754807
451,6,1.4075780405891167,0.24723518356108432,5.693275610351578,0.990528725775002
452,6,1.1938213621500726,0.23260401160872987,5.132419487924547,0.989314171058933
453,6,1.0956534676758796,0.32282408773686816,3.3939644199318226,0.9129384270350717
454,6,1.1619361255165446,0.18618857049268217,6.240641530475752,0.9942923089428369
455,6,1.3574440443846552,0.061016615459726274,22.247121282573097,0.6606960592746501
456,6,1.5705268915037776,0.02356995124940239,66.63258972771943,0.6828002158310804
457,6,1.496912865890805,0.021796536103720874,68.67664012151307,0.8731881267415601
458,6,1.515439154732887,0.1316566197806788,11.5105427836245,0.9860066598219244
459,6,1.3487621400095149,0.1519200063693888,8.878107447744844,0.9830990720303152
460,6,1.2601922708642748,0.0888038069736772,14.190746025537115,0.9869296857357234
461,6,1.2689136895900612,0.25441103197437753,4.987651988762253,0.8776911052187271
462,6,1.0652028046537951,0.2523719071468571,4.220766156963523,0.9612162813268386
463,6,1.3476651749680144,0.15294581683992578,8.811389567970275,0.9727857455590742
464,6,1.450795620196185,0.22074308088342876,6.572326590668222,0.8744433081324561
465,6,1.1305337342931034,0.2802495803459763,4.034024717886915,0.933036142217352
466,6,1.1573327706730376,0.29057503329127937,3.9829050609207006,0.9885202272171147
467,6,1.0206035204522375,0.01947320996098748,52.41064634422927,0.9983142410703207
468,6,1.4177114658781713,0.2517853103958419,5.630636130635777,0.9745873788190443
469,6,1.254080688195532,0.16894777369038783,7.422889694265809,0.8058839816469612
470,6,1.581780404910313,0.04636248839873482,34.11767701738542,0.7989906041387521
471,6,1.1275847098104177,0.06866721828189033,16.421004636906876,0.9595625305516395
472,6,1.252810234103529,0.021237458848860243,58.990590306465215,0.9972748700652329
473,6,1.2446513486463047,0.21900113892041675,5.683309935199017,0.7743284602272945
474,6,1.3974522834871008,0.14553285322209805,9.602314890057473,0.9530300187060775
475,6,1.5413436897997304,0.13888333762275365,11.098118148531647,0.9998872849594308
476,6,1.1891819622927993,0.1973291600453769,6.026387392615164,0.9899419868283309
477,6,1.4205375341967048,0.15732916065447258,9.02907972233132,0.8882722808520969
478,6,1.313980304662593,0.10209171176116773,12.870587455096302,0.9955514161385071
479,6,1.2853648628942376,0.14885674285072267,8.63491191785134,0.9631054784175508
480,6,1.3635477968904033,0.10697640131105661,12.746248520041336,0.7688359686708768
481,6,1.4767557637282107,0.007874402472566674,187.53877121127894,0.9935908087985321
482,6,1.4378183291000415,0.25101387991357627,5.72804312492632,0.998388437932274
483,6,1.3351990440706225,0.022460978688738184,59.44527451691516,0.9990676717262195
484,6,1.3327819894556767,0.0974301978064005,13.679352187131883,0.9927829618448601
485,6,1.2287792154208543,0.15032092120041843,8.174372573080227,0.9831694280796067
486,6,1.5301293526698714,0.024272141443636267,63.04055850296821,0.6595824739841097
487,6,1.3059849247055277,0.10411280916558042,12.543940896153293,0.8932122955205427
488,6,1.2682657112656506,0.23074485306116152,5.496398703764293,0.9508710945510253
489,6,1.2916228181695624,0.1111320857398354,11.62241138165356,0.9711980180000878
490,6,1.1332775075538692,0.2215576433707896,5.115045864868961,0.9977808160697076
491,6,1.3382621718127516,0.14080041796410436,9.504674710226556,0.9952750330083963
492,6,1.4165447271872165,0.12866620086311312,11.009454834951304,0.9552521746670418
493,6,1.1958753233196004,0.1656284566323861,7.220228622753256,0.9767124867699409
494,6,1.3551150132807734,0.2676524377633037,5.062965331476482,0.8796936063979256
495,6,1.1606970285199334,0.33157810500516405,3.50052374085996,0.9952935267443195
496,6,1.1534225885246185,0.3718867910021005,3.101542233905543,0.9909183948603625
497,6,1.2856582349310932,0.020359650407409093,63.147363004977166,0.998353320272792
498,6,1.4348955567846193,0.06685944266943455,21.461374781106212,0.9659781502666175
499,6,1.2482657101884134,0.010892723713882148,114.5962885846054,0.9998179866229382
500,6,1.0934466726047962,0.11445214169030181,9.553745840454205,0.9575257669647543
501,6,1.2730358748134585,0.1678334531035524,7.585114000055768,0.9859039780651776
502,6,1.58655277905918,0.06411132764348419,24.74684018215657,0.5012690213165544
503,6,1.4430573440696386,0.10714848927015702,13.46782725448616,0.30927497205433496
504,6,1.2327753999549,0.36131169066610874,3.411944400919256,0.9751330605090522
505,6,1.2616582003772279,0.0887840707150134,14.210411735084831,0.9408368893092592
506,6,1.2497328340048528,0.21869189481470344,5.714582312544072,0.9961376111285407
507,6,1.1032935280691056,0.07423985510309858,14.86120260521706,0.9988563851284602
508,6,1.2700547316302284,0.02661311383121105,47.72289104106063,0.7762501275188023
509,6,1.520013954844061,0.16257933633956917,9.349367447713675,0.5938658277022026
510,6,1.1069219933623984,0.28027324007298476,3.9494387443986785,0.9990886240052835
511,6,1.5365290691748217,0.3510327300301062,4.37716753375972,0.7356155443315897
512,6,1.2576648130730805,0.41788056916316924,3.009627405245545,0.9746738945259671
513,6,1.167923253282295,0.1494492985817865,7.814846000385517,0.9421797578205304
514,6,1.3812004434032545,0.25239775185919433,5.472316743034177,0.9291999135013358
515,6,1.3013645405814802,0.017370221361670175,74.9192836110381,0.945206100640212
516,6,1.3905784432173232,0.14699424165995637,9.460087874967005,0.9041424188299254
517,6,1.5270021850981779,0.20597221231554871,7.413632003713277,0.8376813181347567
518,6,1.5269073966283564,0.17419543088667994,8.765484771076812,0.918051453185481
519,6,1.3725625990214083,0.03749168897635872,36.60978303449894,0.8146821923582704
520,6,1.4261514714608996,0.16275895773965174,8.762353183301672,0.9568329552949114
521,6,1.3160886353070682,0.138738780881578,9.486090528865393,0.7284497467888249
522,6,1.3186790143801406,0.2460152114299309,5.360152352838237,0.9983641941175924
523,6,1.38925110716839,0.2287252519418303,6.0738860067873315,0.7692463155229354
524,6,1.3062933600858035,0.10903499075109818,11.980496821133052,0.9725854397489068
525,6,1.1765522134356858,0.3092588100754174,3.8044258566110565,0.9821466599083997
526,6,1.343759235680989,0.1073838053188082,12.513611635307084,0.9829137836091282
527,6,1.2854134175616876,0.3015523587923198,4.262654162977237,0.9738156012879916
528,6,1.4053882738758825,0.3855796907323677,3.644871106168732,0.9699766822169283
529,6,1.3165276028367543,0.10590761750145797,12.430905669449418,0.9711780451571335
530,6,1.5097936496005073,0.2163192278636795,6.979470408205933,0.9800379974519823
531,6,1.253350255123945,0.20121217943423397,6.228997959507722,0.9983184168630622
532,6,1.3328233435553327,0.11679327966074846,11.411815366661582,0.7957134750123435
533,6,1.1999303711772862,0.05160994169831199,23.24998501628868,0.9563419204576988
534,6,1.1114509499213228,0.12007367250661996,9.256408392606179,0.9864844376065784
535,6,1.1524812316980644,0.21544003425839683,5.349429300200486,0.9999040360230014
536,6,1.4005009827502932,0.1407021673813013,9.95365607236846,0.963014278113041
537,6,1.1567783024956297,0.4074853079259938,2.8388221120986286,0.9397486415389054
538,6,1.6250561151779923,0.08576572744808443,18.947616530876726,0.9988974185406237
539,6,1.3668114148905832,0.0926888976664895,14.746225808063922,0.9995897539445813
540,6,1.3661226573215164,0.12461712776020797,10.962559335745972,0.9790080111918432
541,6,1.3452127355454915,0.032928448415912276,40.8526001150857,0.5582768394633305
542,6,1.1722144906807512,0.2985627310858379,3.926191612789525,0.9991348860651457
543,6,1.0413197217573982,0.172774791945876,6.027035020731528,0.989609710128598
544,6,1.2642518581541509,0.13556689927504,9.325667732425002,0.9306008750841974
545,6,1.1949815866640632,0.3068123169020643,3.894829251739284,0.9361267066393645
546,6,1.1494286258280892,0.11806115909705457,9.735874479117879,0.9989976102929492
547,6,1.263728000569937,0.18900377403930307,6.686258023118345,0.9811667029920362
548,6,1.1406509756673184,0.24406968224498107,4.673464418749102,0.8183290434839652
549,6,1.2397025570106441,0.2539271997456274,4.882118017496831,0.987302664081539
550,6,1.28517955532339,0.227603148408265,5.646580745087448,0.9973127966720744
551,6,1.2590837802210837,0.32451367297151057,3.879909800693113,0.9877754537802433
552,6,1.2542910114877734,0.23987588135185883,5.228916739853195,0.9113916371211146
553,6,1.29037826214409,0.1990198390616419,6.48366649389373,0.904243316160372
554,6,1.2591600487324832,0.09975727388569974,12.62223795505086,0.9899990380437521
555,6,1.537248565508171,0.021092698283656706,72.88060279605288,0.9344275217789948
556,6,1.2364159857827843,0.16137738845094352,7.661643292477977,0.9374200178129388
557,6,1.3168982756200638,0.13063208997787806,10.080970731181553,0.9970056043641775
558,6,1.707746618282068,0.061483596485314124,27.775646121969746,0.9707538105965443
559,6,1.2597504819373677,0.1791123511604562,7.03329766917543,0.9978072797639899
560,6,1.2826130526469541,0.1121133447687407,11.440324568789162,0.973590784243806
561,6,1.3127271038173687,0.04860952739461328,27.005551672218893,0.9761505729442478
562,6,1.4094021662976854,0.10353895344051006,13.612289089897743,0.9866561411980461
563,6,1.1667589755149879,0.06554658436815512,17.800454238189733,0.997130775598071
564,6,1.1713950200093874,0.1487113180056158,7.876972887599261,0.9119576639592001
565,6,1.6652142169592636,0.015731387882634118,105.85297555325643,0.7112362576201409
566,6,1.279449031688902,0.11049049383570411,11.579720456235831,0.9696842233992887
567,6,1.3653322791448175,0.06412698830386603,21.29107128304832,0.9639078017826442
568,6,1.5639072037653226,0.19869369528651795,7.870945283443219,0.888880842884117
569,6,1.4382449497410175,0.06790554843650655,21.180080020792612,0.9935703983679633
570,6,1.1309517461845093,0.19036556175744657,5.940947174182201,0.9997197019722768
571,6,1.271459734439528,0.10918633949830071,11.644860889024638,0.9771262164335821
572,6,1.3887126238350418,0.08477436971667472,16.38127925310766,0.9852073730133358
573,6,1.2735769405956143,0.3540856492676405,3.59680473701707,0.8259286710728163
574,6,1.3654913135194071,0.16834407771690246,8.11131185627866,0.9775347224436014
575,6,1.2667439572988513,0.32253046387096146,3.927517240063414,0.9825786416651967
576,6,1.465516345895965,0.10697383201929443,13.69976486989487,0.9415345883297546
577,6,1.2735111796616367,0.10690606086513,11.912431992684366,0.9514743136950777
578,6,1.2886481694106784,0.12670650659788685,10.17033934571573,0.9970117719199733
579,6,1.179530233683735,0.096105172013317,12.273327324363885,0.996157004390927
580,6,1.1702875822867616,0.18871842297799074,6.20123655030355,0.9917552978371124
581,6,1.2288768325851658,0.02401027181516495,51.18129615713072,0.9973820274325
582,6,1.2567767670353363,0.14042560498174064,8.949769290285438,0.9981732189753925
583,6,1.1875884926479687,0.24909028583790743,4.767702958198771,0.9417288627659036
584,6,1.437185181199496,0.22959755142336477,6.25958409525635,0.8351648971348277
585,6,1.3871524616675566,0.08308264441672981,16.69605573349125,0.9977944930206895
586,6,1.6271276845473306,0.043132635263158636,37.723818046821904,0.7177939837430533
587,6,1.4378204658500595,0.010111064791630287,142.20267553227976,0.958107788223083
588,6,1.4089300247556964,0.3199085822964722,4.404164510503767,0.9871027002600474
589,6,1.2357632932444382,0.22006587032335986,5.615424560967293,0.9731024725823813
590,6,1.3442238821689507,0.3804298826479851,3.5334340005376816,0.8185712632853924
591,6,1.3296293611707846,0.2478167968084799,5.365372235839047,0.9986292222938579
592,6,1.4022252714400707,0.17923332157637087,7.823463065390919,0.7902451311444154
593,6,1.335121199693982,0.09429491340463134,14.158994918048325,0.8869867221662486
594,6,1.4979988446172166,0.11324996589064323,13.227366850279838,0.9407901969906459
595,6,1.3696828971852029,0.0980173233765068,13.973885941813977,0.9527807407356107
596,6,1.6044501571609717,0.03109063977847053,51.60556902634124,0.5228307225125539
597,6,1.0685715899581278,0.16707201815129707,6.39587407743199,0.9578824460107842
598,6,1.336140572803793,0.16484357677840086,8.105505831142976,0.9936492066397815
599,6,1.4076703800387318,0.4209285460814688,3.3442026993490805,0.9607712111627602
600,6,1.302496051527497,0.1019469749986074,12.776210883601884,0.9978994205349542
601,6,1.0660092412148037,0.041693482441403765,25.567766921676032,0.9997822978696379
602,6,1.317816618529601,0.14446995395860482,9.121734882723066,0.8689526274616456
603,6,1.336404820046536,0.1870198587574256,7.145790981373383,0.9959281781770152
604,6,1.2888272002771246,0.22281140492968718,5.784386129982176,0.9914119882489139
605,6,1.5647580172004951,0.22191827023061342,7.051055397892328,0.9995479397730381
606,6,1.555473389587495,0.049078542240163336,31.693553202453845,0.99287365130563
607,6,1.671577188203028,0.024212815473542156,69.03687801319904,0.9946346441706904
608,6,1.7163265705769486,0.024680992639707872,69.54041904358606,0.8598189974311651
609,6,1.2885593671694033,0.0995519773255831,12.94358386227921,0.9102884213825996
610,6,1.1519845923153167,0.17959450892850792,6.414364220756287,0.9965962373612046
611,6,1.3580448258927316,0.14600058503530702,9.301639617158509,0.9981804266441865
612,6,1.2824479012280101,0.2564025225899927,5.001697675489499,0.9619265490653919
613,6,1.4095160115306866,0.030365754642781916,46.417947721438736,0.9573957664750782
614,6,1.2527669344954566,0.1107747561481498,11.309137370792405,0.9946830813335686
615,6,1.377715266646755,0.3687677000094037,3.735997666313028,0.8497884240166068
616,6,1.2740960233369387,0.04452852337370374,28.613031082215368,0.9979876757563774
617,6,1.4234167118992758,0.06996923618775389,20.34346506341317,0.8628558670149713
618,6,1.1300653038996626,0.19596245773555046,5.766743880221565,0.9181211633456369
619,6,1.3639325803587048,0.174447020086254,7.8186063578748355,0.9756982761985487
620,6,1.2960635814940398,0.20521404047262198,6.315667185876349,0.9564477028179122
621,6,1.4146796117362865,0.23704674753930147,5.967935128499234,0.992810991285778
622,6,1.432833992726282,0.07010094809947102,20.439580798438502,0.9672712470878406
623,6,1.436949371256684,0.055443845789418834,25.91720236569373,0.9499591335212392
624,6,1.2492775844129917,0.12583848913690823,9.927627016038137,0.9222244231875484
625,6,1.3893980462425177,0.3950511185934473,3.5170082575373414,0.9999102161114494
626,6,1.3495226943182599,0.3273159820541461,4.122996640277149,0.9906976812609538
627,6,1.3430271801032159,0.36541761159069275,3.6753214336246924,0.9923798607878938
628,6,1.1936807704646428,0.05761383602925843,20.718647684879855,0.9978506022265259
629,6,1.283972066393863,0.21459311504741596,5.983286398122138,0.8798428538235802
630,6,1.3744763400547846,0.08089629205060003,16.990597531899976,0.9662631533956635
631,6,1.0675756129727565,0.28412841065323297,3.75737016413923,0.9269550401463122
632,6,1.5764029585913364,0.03697939522094697,42.62922498252171,0.998324659926893
633,6,1.3283789627706823,0.17450475827893785,7.612279320471763,0.9423451713148944
634,6,1.3445896132966642,0.21940331903623359,6.128392310576717,0.9578805724953914
635,6,1.3255141993571684,0.039666323633209155,33.41661333714907,0.9902339034470656
636,6,1.3036003823440971,0.14990370107012901,8.696252147465241,0.7787218228327751
637,6,1.367815615963437,0.110147256581125,12.41806340365837,0.7458683196282052
638,6,1.3750387979713377,0.0389955304861307,35.26144614086964,0.9973381373081346
639,6,1.2326170411366264,0.15741208359020603,7.8305109304411635,0.9890375589416583
640,6,1.286189770073979,0.011890899168976614,108.16589660684798,0.9989342321779687
641,6,1.2486155031503734,0.12788089272287484,9.763894171869712,0.9974675519750711
642,6,1.2563145149457138,0.24618404790287338,5.103151587796483,0.9589066525187383
643,6,1.3390831921097837,0.22370804198123584,5.985851828349126,0.9954994142328575
644,6,1.4226744940549998,0.018757261980558368,75.84659720217063,0.999976486440944
645,6,1.2148408224143281,0.04523639248574417,26.85538690551361,0.9068360137366062
646,6,1.5618239780194119,0.16758607014881474,9.31953339936027,0.8755282416760047
647,6,1.4984908218009705,0.13278635826399263,11.284975666113382,0.9896218667986253
648,6,1.3443979258355923,0.1672410378950749,8.038684420740392,0.9906358171276761
649,6,1.018470456909154,0.028503440341206426,35.73149222400311,0.9975099735544942
650,6,1.2803838274387458,0.2355932135929283,5.43472287640283,0.9206051250966005
651,6,1.4161207492886407,0.07733293293326259,18.312001052782215,0.8863258275782183
652,6,1.344076426499074,0.1972319998002905,6.8146975534397765,0.8481207436584385
653,6,1.491748586075341,0.05421858614940313,27.513601737321643,0.8204262011518635
654,6,1.286117943602714,0.32181251684185563,3.9964820393693232,0.9961104589615161
655,6,1.3603005657165668,0.020937412711730084,64.9698501168898,0.9895671771514761
656,6,1.205758889615534,0.10487271463343152,11.497355568892273,0.8600213174163043
657,6,1.3342980517167256,0.22938718957260718,5.8167941034666395,0.7186380563177103
658,6,1.4407898613084165,0.17139642045438458,8.40618408184241,0.9955490602957829
659,6,1.2059482031249749,0.10496936996230438,11.488572366948985,0.9877037310214443
660,6,1.2004218935355753,0.1878728093908008,6.3895456581933345,0.9834437949411656
661,6,1.2415147805366085,0.23596608707700983,5.261411908446946,0.9946302292357443
662,6,1.421801634935333,0.002924936117258561,486.0966455116761,0.9544138072153708
663,6,1.2650258630251672,0.05634692902687852,22.450662083495743,0.9989335545428548
664,6,1.1190761925151798,0.0827414299842737,13.524980082262026,0.975661790781723
665,6,1.5022027769515773,0.02440635914482898,61.54964646866846,0.9171670746953744
666,6,1.316405558447799,0.1413638488929063,9.312179660905207,0.9408968966860837
667,6,1.1765388473837544,0.017878455297973616,65.80763426005299,0.9974835074975866
668,6,1.0238568940934896,0.1158253934372324,8.839658245135457,0.9980226946781715
669,6,1.4215809067588523,0.19282523645380933,7.372379948303019,0.9835276425590891
670,6,1.3936060452095036,0.023459516895941373,59.40472054011501,0.9992551875882857
671,6,1.2235375642288961,0.34587806680541217,3.537482372125224,0.9504877554903962
672,6,1.3281129628864223,0.15441735492304354,8.6008011440703,0.8975342539870328
673,6,1.3510653107547996,0.12129579614789376,11.138599635452083,0.9641589689305854
674,6,1.303638251892013,0.038753574686926424,33.6391742548539,0.9855554061245441
675,6,1.4301641738152862,0.05684407128883432,25.15942544910938,0.9646649999602017
676,6,1.2791509367499054,0.2240884777226624,5.7082405563619165,0.9547551173353722
677,6,1.2711891300031763,0.16997375676059717,7.478737625324168,0.9231096472533391
678,6,1.2755456440276793,0.14546050279024778,8.769017152834953,0.9805748059444596
679,6,1.2918962484824938,0.1788878469123213,7.221822336067882,0.8768872712577868
680,6,1.181987936479087,0.2963149741139405,3.988957831150927,0.9436578885473704
681,6,1.3318300293528207,0.16650914957271515,7.998539616414326,0.9106468898294463
682,6,1.129649454450759,0.09717324224840043,11.625108191440983,0.9983154807128328
683,6,1.3454804793501414,0.3304843352536503,4.0712382882458575,0.8370497320060352
684,6,0.9400089688600947,0.09972434468775854,9.42607316000226,0.9922149107863452
685,6,1.292654991146044,0.1414829810722714,9.136469852057603,0.9905713985158912
686,6,1.342349192954586,0.11280368823443566,11.899869711394828,0.9732819776389573
687,6,1.3677422508894168,0.134576273355353,10.163323866740233,0.9267418875148267
688,6,1.3211419190597373,0.14359781238295313,9.200292797890656,0.9364278942485823
689,6,1.2759815919587094,0.11721136806807883,10.886159021858635,0.8401101827305011
690,6,1.2346947488127067,0.26660052172766024,4.6312540606127595,0.9655675678739183
691,6,1.3398436541651544,0.3227029655583684,4.151940940012254,0.9709984719963296
692,6,1.1320144389960747,0.14163144787615622,7.99267716295549,0.9821545771669631
693,6,1.4294882967690237,0.27697793898436207,5.161018606791393,0.8912703181250757
694,6,0.8989161560256177,0.09198298122881514,9.77263558994126,0.9905192337758062
695,6,1.206555943708958,0.3332456402107916,3.620620341636762,0.8565139942057123
696,6,1.1488377538053005,0.10073699467814681,11.404328245803043,0.9996134408174501
697,6,1.0534622099893354,0.17818232965746,5.912270941874677,0.9763576493237599
698,6,1.3956291024132623,0.09633213059078058,14.487680214838209,0.9319249084758974
699,6,1.2973003725470142,0.2648672818627592,4.897926098774289,0.9892222416296732
700,6,1.211923948598708,0.07175429455482081,16.889915176753483,0.9481928400348792
701,6,1.323938516204536,0.16542602793706265,8.003205618333752,0.940621849543425
702,6,1.2297300434930005,0.2803994422245079,4.385636553828771,0.9914147104364844
703,6,1.4597520777352697,0.11419003937354234,12.78353248447598,0.9691152744182295
704,6,1.1979231182270758,0.09110346706665556,13.14903984225561,0.9206025275134736
705,6,1.3675782284866573,0.18527841673227377,7.381206362869561,0.9963612997294232
706,6,1.2838858331830791,0.06706511805106431,19.143868981271467,0.8418573593771952
707,6,1.2312748445230308,0.24774168911871491,4.9699945491734265,0.9969260181536502
708,6,1.255653583247528,0.1997911943410565,6.284829456017196,0.9214282308471762
709,6,0.9338025936370001,0.07554345389978512,12.361131844405334,0.9943238898663015
710,6,1.0818335827707848,0.12579292778734452,8.600114504049435,0.981623010639594
711,6,1.3286789052339512,0.09994975968366193,13.293467732580659,0.9696727921462254
712,6,1.2930738590686697,0.05933285945800725,21.793553704989407,0.9926018372441178
713,6,1.4146622290938613,0.25047756671510346,5.647859996591699,0.9387480151474644
714,6,1.4453149527606823,0.43618219298914174,3.313557903077125,0.8004103643898509
715,6,1.3045559825402544,0.15599763587140902,8.362665083050475,0.9163091046923856
716,6,1.127854593504633,0.4140330928308299,2.7240687110135515,0.983339273448376
717,6,1.3031379734766295,0.1067056354976911,12.212456890384452,0.9868178268663768
718,6,0.9338813432955931,0.15942242500834225,5.857904515294664,0.997394161874952
719,6,1.4375131954704836,0.3020763902533893,4.758773746815041,0.9903442046382571
720,6,1.23594532975149,0.184697428387748,6.691730039450171,0.9494577344733884
721,6,1.2857079772461275,0.3356521252877438,3.830477689196609,0.9849081213821373
722,6,1.4111561359996765,0.12511446214321045,11.278921012220131,0.9190099989726256
723,6,1.3737093219143621,0.21788970366867477,6.304608702406783,0.9915115493544531
724,6,1.4474002096585765,0.17989131668423045,8.045970402224855,0.9953700844052358
725,6,1.27061057994341,0.3795548732316415,3.3476334241872827,0.9734289465698618
726,6,1.3585080690376599,0.030123440213974756,45.09803858350235,0.954236549989967
727,6,1.2441991307837132,0.33389299808288986,3.726340887432558,0.9922457609412044
728,6,1.1444984923418209,0.3275831367455873,3.493764983484724,0.9984962183388829
729,6,1.2327755537523548,0.033976422144855856,36.28326574518386,0.9974876855515563
730,6,1.2823154472309024,0.07572030558746287,16.93489530030657,0.9577465581110988
731,6,1.2349018442148714,0.08966993422559802,13.771637671864655,0.9990663405527794
732,6,1.3022261491289497,0.08865180102689703,14.689223840290095,0.9948868693145698
733,6,1.2267143891491026,0.21620455348333562,5.673860098620235,0.9980998414686574
734,6,1.2843281076283368,0.11928087461854213,10.767259309051788,0.9988585165334944
735,6,1.5502468431877716,0.19707368805807995,7.8663309062897095,0.6767122866086394
736,6,1.298623924629133,0.13879323521109616,9.356536164417554,0.9870073846779546
737,6,1.4486812720391713,0.29776428313850434,4.865194901046344,0.8684485295572102
738,6,1.6652293192852996,0.1951094767256389,8.534845909237559,0.5239833737551018
739,6,1.4119113084045225,0.03259109522698252,43.32199634811861,0.974002178863055
740,6,1.4990268223500773,0.1492763866983648,10.041955432503096,0.8464079416165099
741,6,1.3918597599770188,0.15905245058619144,8.750948223980755,0.9836175453309173
742,6,1.6305481515038829,0.01445771581882912,112.78048150457666,0.6110821162740614
743,6,1.344989086510523,0.08601055829991586,15.637488153728665,0.99721779089509
744,6,1.3543262088197028,0.05976350754408903,22.66142441222317,0.9979762382829057
745,6,1.5309595045554871,0.2290020507453291,6.685352814844667,0.9860127171680028
746,6,1.4198343890088052,0.20760773867339005,6.839024393221192,0.7053669388633661
747,6,1.0244424498064821,0.20708061623655669,4.947070703306289,0.9694743976124035
748,6,1.3036182125431568,0.04780490158979425,27.269551221531287,0.991378854726725
749,6,1.364757699407651,0.06350566857219554,21.490328817751834,0.9520682113506985
750,6,1.2453977303590258,0.345667250658169,3.6028803075435167,0.8929012919648631
751,6,1.1477289573647318,0.1322792006328071,8.676564054470699,0.9580511507281828
752,6,1.2264497574503959,0.1497106835655555,8.192132506785038,0.9361636403561304
753,6,1.3159353811015717,0.15855065601051352,8.299778848056686,0.9950317671226132
754,6,1.2440910248312385,0.04077279048593241,30.51277604510488,0.9962332277278354
755,6,1.297451985761451,0.19745171600339564,6.570983590434526,0.9685677995583234
756,6,1.1968173007022944,0.23724299829600165,5.0446896612268315,0.9451622079047385
757,6,1.2630204177648363,0.08153045528429559,15.491394146649878,0.9929955758783988
758,6,1.3737185852220044,0.173936235639908,7.897828650643844,0.9396072478924479
759,6,1.2972447098634776,0.2696973796865347,4.810001162678133,0.9164989893281184
760,6,1.29854932545425,0.022370129142561267,58.04836070363305,0.9386223501372709
761,6,1.204925704084848,0.4974860911271083,2.422028928195679,0.9005917965049858
762,6,1.2609101359591441,0.08935364998922696,14.111456399499824,0.9591815580960237
763,6,1.2241721769592522,0.09586826974921976,12.769315438377516,0.8922514208667512
764,6,1.220173292295731,0.2462211197023867,4.955599640561229,0.8036576714630643
765,6,1.359871429149407,0.03392793800509854,40.08116935798019,0.9065220091984779
766,6,1.355270815234316,0.11610555531544527,11.672747368135859,0.9986933751495394
767,6,1.3029655811685505,0.1835189615599811,7.09989621831361,0.990770468305556
768,6,1.2671880963910842,0.17550146304468814,7.220384801398599,0.9884301187445657
769,6,1.215411363182696,0.12719584944111073,9.555432575222577,0.9522959803046962
770,6,1.2955834711287573,0.08717741997892317,14.861456916733594,0.9958226677960954
771,6,1.2362692369836306,0.20804242167867298,5.942390148164498,0.7649522778746505
772,6,1.4217055242932615,0.011691757647943115,121.59895604262518,0.999735707627226
773,6,1.3737238304556163,0.11569381203238,11.873788289309225,0.9958312636690114
774,6,1.1540094407788206,0.11389389912046484,10.132320077638507,0.9892557488578487
775,6,1.6704579552681342,0.07943294836284262,21.029786627554493,0.9896085781423798
776,6,1.3228224533811377,0.02033165900203236,65.06219946187903,0.9983844735571092
777,6,1.2443663806372154,0.11834303353064618,10.51491028675527,0.995546701191023
778,6,1.310658564517347,0.31879552794014654,4.111282780489384,0.9660352056980548
779,6,1.226313292023577,0.16636273900531667,7.37132184379572,0.9978267529388737
780,6,1.3070291342034743,0.05200216854529521,25.134127494414365,0.9986029177459427
781,6,1.1185778310796308,0.23171765411363446,4.827331069608877,0.9874591962710667
782,6,1.2797175272508197,0.1463623476861099,8.74348866004332,0.9894019552037069
783,6,1.3290873889565629,0.254231045725128,5.227872092354757,0.9904616624465892
784,6,1.3672448351261326,0.1400389798552452,9.763316160539155,0.9636091029972987
785,6,1.4218831196428112,0.1424170178855612,9.983941110081112,0.9179340885176982
786,6,1.4289165586794117,0.20660936437390198,6.916029982520513,0.9888441411005937
787,6,1.190347090774818,0.26043994795209213,4.570524223088011,0.9736361542369055
788,6,1.346064382223159,0.07048981388308251,19.09587085101119,0.9993576322167499
789,6,1.408407179591736,0.12970472885644732,10.858564618337947,0.9431096531470252
790,6,1.2522427118310722,0.28442690202218296,4.402687308858736,0.9986799689897731
791,6,1.2434036804677582,0.07389990006834049,16.825512339230425,0.9967469952981179
792,6,1.2957432917447549,0.21033542676272182,6.160366380916304,0.9456015544189409
793,6,1.1636434765389314,0.20839950040122546,5.583715288657615,0.9821434336674224
794,6,1.302551626557825,0.38545861251904023,3.379225639934258,0.8034887132691544
795,6,1.1934711802480238,0.06090726062162149,19.594891775913382,0.9965388212015647
796,6,1.1940895369409519,0.23960734208480716,4.983526491931592,0.9942843542102944
797,6,1.399753352283133,0.0628024755706171,22.28818752071653,0.8866797396532914
798,6,1.2427685671046769,0.042370150932314755,29.331228229277922,0.8349384857064835
799,6,1.2331096803267947,0.021572958218736622,57.15997165635865,0.9979192615379846
800,6,1.1057895793661419,0.12520726739079885,8.831672493216663,0.9989894926475943
801,6,1.2550685198457556,0.21402972691656233,5.863991595592856,0.9366171009246129
802,6,1.3483333073920114,0.2084207408848397,6.469285646273642,0.9557114182502107
803,6,1.3050942466632027,0.19096395652127993,6.834243856472311,0.9780301062178587
804,6,1.4571847850355544,0.0830017037946475,17.55608280814018,0.6939672024363809
805,6,1.25063345633186,0.07358138033786893,16.996602273418034,0.989574619357302
806,6,1.316015147817372,0.30619684389738205,4.297938316628821,0.9543271495966051
807,6,1.2129009740127374,0.0997631060366087,12.157810860135566,0.9281228300243848
808,6,1.4160917437139475,0.13185471343708347,10.739788565766045,0.9724059266909824
809,6,1.4481407363585357,0.04756413387877755,30.44606551754484,0.8120565095525916
810,6,1.352865025368646,0.1357325089598215,9.96714078105718,0.9941241618486888
811,6,1.4469126316299041,0.22897927838343463,6.318967558308893,0.9976626284850313
812,6,1.3126234340009406,0.21069090915725058,6.230090511504962,0.954565447581247
813,6,1.3324058676782364,0.049347457923745335,27.000496555205544,0.994212382035496
814,6,1.1703999092579727,0.05890306535672741,19.86993210234176,0.8781247855182498
815,6,1.3941309863488025,0.09060606818729482,15.386728662223241,0.9008981638419411
816,6,1.3932180188792986,0.0608305230423636,22.903272061445758,0.9861410788118846
817,6,1.2828338218253381,0.10102378693809651,12.698334330026743,0.9988020702158474
818,6,1.346521270642553,0.18149841760075655,7.418914657451758,0.9629460662703055
819,6,1.3370809905849979,0.32310702621315557,4.138198436151982,0.8949165487185889
820,6,1.183412765309932,0.36993008521729337,3.199017361928827,0.8757747826590309
821,6,1.4049961459128746,0.12842389582359487,10.940301545148575,0.9982742937453114
822,6,1.486010997968792,0.014975652692017772,99.22846292775314,0.9991694895869712
823,6,1.210836393375788,0.03819219671053005,31.703764058220454,0.9882244227077196
824,6,1.2233870502980182,0.09760222112893394,12.534418132574118,0.9941573454606376
825,6,1.3194312676576603,0.15131465421428011,8.719785102830713,0.9251361039130019
826,6,1.3245251255490809,0.2829703115804108,4.680791840499121,0.9920384768632786
827,6,1.3093413331359633,0.2098667074864051,6.238918734743961,0.9993414332243282
828,6,1.4873225566516066,0.35570903289021866,4.181289815911518,0.8046945739795623
829,6,1.3111891113008738,0.01501183789223097,87.3436764181586,0.9995297039484148
830,6,1.4896179849680355,0.2090519786299803,7.125586635104962,0.7662164806671555
831,6,1.4787349912069145,0.4268358991091717,3.4644110167235462,0.9259239030966144
832,6,1.516226395761618,0.022411562202286635,67.65375755943147,0.9998859127783035
833,6,1.3349608745634614,0.11025517702631879,12.107920104693093,0.9435591303334753
834,6,1.4284797520757448,0.04421256329520415,32.30936289619507,0.9814487728795104
835,6,1.186039654963869,0.24776698971142921,4.786915546519062,0.9973257725186798
836,6,1.645139694698644,0.07644153846003875,21.521540877394454,0.9891867309361319
837,6,1.2722085472143492,0.33996827134057983,3.742139059617867,0.985422867372606
838,6,1.4758106836490419,0.07583038673540414,19.461996004301092,0.9865682792347216
839,6,1.3041676718347528,0.07609664597397657,17.138306887806202,0.9925195002335517
840,6,1.328790363956501,0.24716699218948487,5.376083400884753,0.9491135595880941
841,6,1.4701507400198255,0.00804926768393628,182.64403642007935,0.9839779510028804
842,6,1.2930181858821772,0.10817280698968977,11.953264613031795,0.9856962561649452
843,6,1.4159951611481338,0.11484298440838049,12.329835979469754,0.9810612504385516
844,6,1.6126287377249906,0.02416177749318694,66.74296782096079,0.9996271401798793
845,6,1.2450888314713284,0.34759042328908024,3.582057352701649,0.9675320897118128
846,6,1.452890346164906,0.02531587390985049,57.390487539108086,0.9985196694892439
847,6,1.0967514108646719,0.11211460580835059,9.782413298936854,0.9948006154609138
848,6,1.3548972649736266,0.25843447618105386,5.24271097647364,0.979011772614114
849,6,1.3759799819098177,0.16322550731199487,8.429932334532262,0.7919977442721206
850,6,1.3012664501556903,0.05627742606358517,23.122351912211684,0.999268584886604
851,6,1.324434285861357,0.33812997688571295,3.9169383858237814,0.9931160938035997
852,6,1.2961255915470824,0.2756894705054265,4.701396789550474,0.9566028327689139
853,6,1.308910202021262,0.08566283973456805,15.279790000856922,0.5710679122054875
854,6,1.4495370966036716,0.24049718560906347,6.02725180726208,0.9429733182201397
855,6,1.1990996341903408,0.1416909785710754,8.462780385053557,0.8112043436412598
856,6,1.4426958798770881,0.2487418854731341,5.799971633779826,0.9785778085725156
857,6,1.37288663682621,0.24924446494223626,5.508193079209939,0.9487229002808607
858,6,1.1305765274692585,0.31665157145355277,3.5704118639913154,0.9675622502225527
859,6,1.1083658456339303,0.1895705793998388,5.846718668808757,0.9961901264240678
860,6,1.3112226094683372,0.11029595148677751,11.888220662619055,0.9994987376454804
861,6,1.2351052419551538,0.06356730812751149,19.42988115019155,0.9635260742142009
862,6,1.1894580967256052,0.11677102119519486,10.186243851865461,0.9901680838777027
863,6,1.2600616133614282,0.07344186506335189,17.157265985476855,0.9988282749075001
864,6,1.2429872222714047,0.2889740872683693,4.301379525137305,0.9733567361242895
865,6,1.300014982426152,0.2871606617664982,4.527134651483865,0.9897018643627966
866,6,1.222215800108198,0.2745314295662582,4.452006832293189,0.8430728812682076
867,6,1.232977824535193,0.2487564886039047,4.956565480784163,0.7433126416950873
868,6,1.5012570669977594,0.10041245442927346,14.950905000088262,0.9984691617677495
869,6,1.1796254433512643,0.08573967832822796,13.758221005162062,0.9755237605582339
870,6,1.484678424535017,0.11313624801586145,13.122924355126825,0.9891598149558777
871,6,1.484889060235883,0.19017359677798035,7.808071600861756,0.771445092770407
872,6,1.5978907726369258,0.0319547782233525,50.004752386896236,0.6824139193545238
873,6,1.225140990531876,0.18461233350915046,6.636290042188058,0.9845865037147236
874,6,1.5236970452285454,0.33837812644470344,4.502941904779246,0.692997785620077
875,6,1.3987859258289113,0.21892951710590414,6.389206646595159,0.9677039426315864
876,6,1.3483266854966645,0.20647412208655133,6.530245397684573,0.989976249580893
877,6,1.2950831583422266,0.06943616113084318,18.651422216470397,0.9907215991021212
878,6,1.226796117171458,0.10349568219583821,11.853597088717873,0.99179676904937
879,6,1.403081391762132,0.20577408366590463,6.818552495853554,0.9553091106511831
880,6,1.3184514345065173,0.20888431596532162,6.311873768087992,0.9073915570116408
881,6,1.3829742711993307,0.3378352667353603,4.093634997209066,0.9393159183323069
882,6,1.3621031462966626,0.0871488528742516,15.62961647082219,0.9991360914439009
883,6,1.3749266039321353,0.09435168584730087,14.572358634453249,0.9807912533706532
884,6,1.1858143341436953,0.12128850348232437,9.776807365064954,0.970121959078478
885,6,1.332060674370428,0.10700404853748235,12.448694162294444,0.9506396934157336
886,6,1.2063316410022058,0.2114288669862979,5.705614650436474,0.9671088464059503
887,6,1.4312967101986476,0.2555502916544393,5.60084162272872,0.6988416993693354
888,6,1.3980622172284773,0.3354332654147696,4.167929544792604,0.9288988266845633
889,6,1.5484202286543731,0.1605114264768975,9.646791276116645,0.80138839068294
890,6,1.4631281556949547,0.006311218415668142,231.82974496059484,0.9203321274209822
891,6,1.486949760857339,0.016158525901785237,92.02261208078744,0.9175790864342949
892,6,1.5370504023979759,0.10393205353420187,14.78899290575611,0.8510122086324035
893,6,1.2759945087123705,0.054628351852919234,23.357733950089578,0.9988417666871986
894,6,1.3473295716622513,0.08178056310218952,16.47493634861239,0.9876269177174065
895,6,1.2265230380331822,0.16776185542826774,7.311096046846141,0.9968183806296572
896,6,1.350038717715853,0.38679007151769107,3.490365490558112,0.7516320476005198
897,6,1.4962829992312936,0.23652400001570176,6.326136033264963,0.9051354089306732
898,6,1.4705384935902217,0.1213603258305491,12.117127104977287,0.5872638357755465
899,6,1.1910508944703528,0.09880389679043093,12.054695545021309,0.9028829014504887
900,6,1.2445045482844566,0.17410159646359816,7.14815127237884,0.993868501340332
901,6,1.3098331468034439,0.37649019916200305,3.479063066499176,0.9910358157226226
902,6,1.2652619108360503,0.13475314611068312,9.389479558397793,0.8364735082438327
903,6,1.3487584585272698,0.13562172234743108,9.945003168976623,0.7104455674710144
904,6,1.4077946262807577,0.03583485644290597,39.28562204577915,0.9896456634677095
905,6,1.4708630106552096,0.22002729431373905,6.684911593549352,0.7162646668607184
906,6,1.3748923941762348,0.07103503865811135,19.355129808453178,0.9615160932831891
907,6,1.2144373808049942,0.06383105794682618,19.025806870014108,0.9797792676821993
908,6,1.3425312496520576,0.08855947248412889,15.15965725623149,0.972563967486755
909,6,1.2426677501830747,0.12327422743837443,10.080515416771053,0.9909110992719413
910,6,1.1378133832277355,0.05987050523597844,19.004572931914737,0.9594555881387687
911,6,1.2445324947522545,0.13291271692794907,9.36353212482223,0.99271937591089
912,6,1.314602689849491,0.1528207578010685,8.602252133579588,0.998612997908738
913,6,1.4629061186661556,0.22072984527346245,6.627586391200336,0.8858439240684715
914,6,1.3791480452186509,0.05784954151623377,23.84025886932282,0.9934839985832928
915,6,1.1576804979630841,0.12601422474039667,9.1869033067341,0.9749844161449459
916,6,1.1603162637761015,0.11539970351304762,10.054759487704496,0.985003809294717
917,6,1.32360835757637,0.02835391255657167,46.68168299297352,0.9990302220470147
918,6,1.1316931400277241,0.03862485220460652,29.299610883501447,0.9936303756195911
919,6,1.3965239855252596,0.09054799879599532,15.423024297551057,0.9987105579948438
920,6,1.512749929569695,0.06593700200745965,22.94235229861608,0.9962100180683726
921,6,1.1445650526900548,0.12965641349762586,8.827677874268927,0.8673066229042871
922,6,1.397581524724739,0.06316500162404516,22.125884410532787,0.9964441083924119
923,6,1.3596237598675864,0.23106766905273646,5.8840934581690885,0.9551164823822026
924,6,1.3867162711026126,0.12396230570903465,11.186596305795769,0.989805676248008
925,6,1.4097750949751924,0.011481523989643453,122.7864085157019,0.9081513740348871
926,6,1.3638552522594856,0.3133982417850189,4.351828027149707,0.7563232402833217
927,6,1.3351248405197726,0.08228013822874097,16.226575079493546,0.9923798821635584
928,6,1.2664944568127146,0.3105165764244838,4.078669394710141,0.9882037541040333
929,6,1.392354819352645,0.090755461792002,15.341829481775045,0.9729538615127962
930,6,1.3792864839613674,0.34053768240291105,4.050319700976437,0.9975786643258359
931,6,1.3172320602752596,0.3932037055036925,3.3499991018342268,0.9979785179233767
932,6,1.3825296038237018,0.10123777317037361,13.656262485120402,0.9910176592892798
933,6,1.3010022093457612,0.02013616166625209,64.61023858018689,0.9544685938222098
934,6,1.4745979491928594,0.03594738423267883,41.02100836178062,0.9903218567570862
935,6,1.463642291953792,0.14497450061294626,10.095860208281955,0.974771618708818
936,6,1.1682501254817808,0.2176639014081546,5.36722037013903,0.999193061221952
937,6,1.420588014250968,0.004640452320805563,306.1313673845397,0.9965557527268195
938,6,1.313895509258705,0.03170120211523532,41.44623615478791,0.9511119287037768
939,6,1.1662423053816708,0.2587735606868965,4.506806268329583,0.8825121567932726
940,6,1.3379761671812742,0.11052585870095685,12.105548718706231,0.9069868387988475
941,6,1.2268270932893919,0.1329094413851483,9.230548864728592,0.9777883292028541
942,6,1.4010299287064132,0.23685786170766143,5.915066186131559,0.9976582231638897
943,6,1.284796580619295,0.17000947759234566,7.557205626500556,0.9351854466808929
944,6,1.3083173216845454,0.170839582934455,7.658162699838126,0.975432238120433
945,6,1.332531478111256,0.13502176492290985,9.86901244308323,0.7042638298729185
946,6,1.250116903676505,0.3120736721702948,4.00583905390882,0.9928448938914829
947,6,1.4385409019315807,0.09740078480742123,14.769294772889493,0.9934992875865919
948,6,1.16190666038054,0.08352907833165729,13.910205686301467,0.9995650653045668
949,6,1.3612247264143085,0.2317112752967346,5.8746589896028745,0.9879994923023286
950,6,1.28733882461084,0.419682955477611,3.0674079273622445,0.9385994964578056
951,6,1.4037283246900558,0.17101583986047775,8.208177241565922,0.9725013757405545
952,6,1.4328146901559238,0.306325323801952,4.677428141991548,0.9984864134457121
953,6,1.338503113558923,0.1676161346986325,7.9855266676176555,0.965960800382167
954,6,1.574908678653755,0.32175393390670853,4.894761221817398,0.9387829667219931
955,6,1.5659260853365284,0.17594091482403562,8.900295232082108,0.978581033625222
956,6,1.3737615925242375,0.06781743251000345,20.256762040078705,0.9413438235009595
957,6,1.0469875042811778,0.19768246074647366,5.296309547784979,0.8382909294204558
958,6,1.5303516270092514,0.1277914587237002,11.975382723488956,0.9288785886473023
959,6,1.1701331838913893,0.05648712576076135,20.715042022977556,0.9929330700411612
960,6,1.2782470538418045,0.307075906766632,4.1626419581436975,0.8838743439586999
961,6,1.1305728137301638,0.20082570981904388,5.629621898256346,0.9899623551238963
962,6,1.2503054444741049,0.22312809705869918,5.603532056051113,0.9859462657046109
963,6,1.3067309784082521,0.16465085745535687,7.936375179598179,0.8315280189048138
964,6,1.3704373083552204,0.005415060601830977,253.07884973472667,0.9994634966331628
965,6,1.48885509821167,0.11924898814249918,12.485263995972277,0.849509440163721
966,6,1.428976611492476,0.20750648750347725,6.886418967833621,0.7816342593369269
967,6,1.2855508812905434,0.28798286155366004,4.463983982779496,0.9968565593077883
968,6,1.3888955195322517,0.33482578102318244,4.148114028997331,0.9919119038302778
969,6,1.2898567804481686,0.1665761330058273,7.743346883932321,0.9974596164021307
970,6,1.390230069189953,0.05781386676101215,24.046654324935766,0.9859344612599614
971,6,1.3287092854115898,0.18383002600701623,7.227923067153768,0.9925810147369738
972,6,1.381733740439889,0.15609026921930852,8.852145283307431,0.993697132352417
973,6,1.366662762756322,0.006371950687486548,214.48106392917015,0.9993554940086984
974,6,1.2188789290007112,0.23104978300834117,5.275395255215229,0.9748891742470098
975,6,1.270013537552791,0.02235001223104712,56.823840829428015,0.9932257626230607
976,6,1.4727057394272716,0.1334454599343756,11.036012316578649,0.8747246624432147
977,6,1.2803767688716214,0.18949152680563572,6.7569077649837235,0.9253792335607279
978,6,1.1839945334867954,0.243086407893555,4.87067353434773,0.905451307412828
979,6,1.297203647600687,0.0656558538458838,19.757623602697436,0.995465606165881
980,6,1.1041467054254777,0.07039867413154123,15.68419745182074,0.9912966203284007
981,6,1.174167883738882,0.1544732358912385,7.601108871478488,0.9762359918461413
982,6,1.3383851472984425,0.14687478538767929,9.112422828504872,0.9233472918198442
983,6,1.046781312994088,0.14043986738576142,7.453590867604426,0.977620539405919
984,6,1.3717914307892476,0.19924355580769804,6.884997736705955,0.9986662257182066
985,6,1.2966881965000165,0.2551607058812776,5.081849072416918,0.8702480629772941
986,6,1.4097120397077614,0.21108755721982544,6.678328454195407,0.9937616338143235
987,6,1.036407235102614,0.025921519892112378,39.98250254677315,0.9826627588691389
988,6,1.3456115482433768,0.016470789460297303,81.69684589114334,0.9550885382898133
989,6,1.3251660819159499,0.12364155537388773,10.717805012309123,0.9973375169703789
990,6,1.4554772404103236,0.1830505832061945,7.951229736158905,0.966897050090526
991,6,1.2605013889587005,0.3429774473988228,3.675172809519915,0.9891918467909717
992,6,1.2502239647313942,0.018358642706456398,68.1000215931929,0.7070257444283027
993,6,1.2425289784130291,0.16091790635334172,7.721508479514381,0.9959269573372631
994,6,1.2201830098916207,0.16885405985174665,7.226258053628901,0.9877174708805497
995,6,1.2990323874495862,0.2404070067708141,5.403471408335388,0.9618055134558162
996,6,1.4454753368089954,0.08573572545636554,16.85966181676106,0.9935121245584561
997,6,1.2612432678652366,0.09675216314337187,13.035814672135727,0.9874996638031152
998,6,1.335194155438415,0.1441078157578227,9.2652445560777,0.9990397912684597
999,6,1.367556544522325,0.3991732266316575,3.4259726186101562,0.9424893956861061
