sample,max_forbidden_s1_zero,relative_reconstruction_error,max_abs_reconstruction_error
0,0,1.0981600999656471e-15,2.192690473634684e-15
1,0,9.154601757053401e-16,1.5543122344752192e-15
2,0,9.899948999829889e-16,1.7208456881689926e-15
3,0,9.575991903570374e-16,1.9845236565174673e-15
4,0,8.209943640735439e-16,1.6653345369377348e-15
5,0,6.558861954148005e-16,1.0824674490095276e-15
6,0,8.465175660236117e-16,1.8318679906315083e-15
7,0,6.934929258332043e-16,1.3322676295501878e-15
8,0,6.688571627005323e-16,1.6653345369377348e-15
9,0,8.871663045797558e-16,1.6792123247455493e-15
10,0,8.408479589108972e-16,1.7208456881689926e-15
11,0,9.768010930224908e-16,1.970645868709653e-15
12,0,1.000138403574735e-15,2.4841240175987878e-15
13,0,7.299659813058893e-16,1.4432899320127035e-15
14,0,7.691208975622269e-16,1.8318679906315083e-15
15,0,1.070363536677034e-15,2.4424906541753444e-15
16,0,8.92737344088572e-16,1.8041124150158794e-15
17,0,4.957007172973721e-16,8.881784197001252e-16
18,0,9.951528997801217e-16,2.609024107869118e-15
19,0,6.34323804350472e-16,1.1310397063368782e-15
20,0,8.881867658256575e-16,1.7763568394002505e-15
21,0,8.755064532760774e-16,1.8041124150158794e-15
22,0,9.4076677166515e-16,2.1649348980190553e-15
23,0,7.568279541364048e-16,1.7763568394002505e-15
24,0,1.0585375067456714e-15,2.609024107869118e-15
25,0,8.743334902251142e-16,1.942890293094024e-15
26,0,1.440026624345366e-15,3.3861802251067274e-15
27,0,9.289712679206393e-16,1.6653345369377348e-15
28,0,7.427258014665199e-16,1.7486012637846216e-15
29,0,6.253447797956398e-16,1.7763568394002505e-15
30,0,7.55483452592856e-16,1.609823385706477e-15
31,0,1.0131536334564836e-15,2.4980018054066022e-15
32,0,5.023694200361642e-16,1.2212453270876722e-15
33,0,9.730855106110953e-16,2.0539125955565396e-15
34,0,1.045300124792918e-15,1.4432899320127035e-15
35,0,1.1465860823504368e-15,3.219646771412954e-15
36,0,1.0032976353148898e-15,2.123301534595612e-15
37,0,6.873693376573016e-16,1.2628786905111156e-15
38,0,9.179466552518652e-16,1.5543122344752192e-15
39,0,1.1093744399871149e-15,2.3314683517128287e-15
40,0,1.1125581342493105e-15,2.942091015256665e-15
41,0,8.411967106424919e-16,1.4432899320127035e-15
42,0,1.1683673411203684e-15,1.762479051592436e-15
43,0,1.0764588399820583e-15,2.220446049250313e-15
44,0,8.723856798757075e-16,1.609823385706477e-15
45,0,7.317143758428841e-16,1.2212453270876722e-15
46,0,1.0054270713768293e-15,2.095545958979983e-15
47,0,1.001303640953038e-15,1.8596235662471372e-15
48,0,7.224277079189689e-16,1.8318679906315083e-15
49,0,9.66962714601706e-16,1.7208456881689926e-15
50,0,1.0262991925536034e-15,2.4702462297909733e-15
51,0,1.0433756909500352e-15,2.1371793224034263e-15
52,0,4.369138994476258e-16,9.992007221626409e-16
53,0,1.7458421826639014e-15,2.4702462297909733e-15
54,0,1.0279143746066228e-15,2.5951463200613034e-15
55,0,1.1694330156606917e-15,1.9012569296705806e-15
56,0,8.085789327834067e-16,1.7486012637846216e-15
57,0,7.511787354064161e-16,1.3322676295501878e-15
58,0,9.362048013719936e-16,2.220446049250313e-15
59,0,8.970548169606069e-16,1.5543122344752192e-15
60,0,7.160376487672131e-16,1.0547118733938987e-15
61,0,7.872240557241976e-16,1.4988010832439613e-15
62,0,4.570179416324163e-16,9.992007221626409e-16
63,0,8.679896607704937e-16,1.7763568394002505e-15
64,0,1.0734200593350599e-15,2.0539125955565396e-15
65,0,1.0004440851618194e-15,3.469446951953614e-15
66,0,7.025185217012203e-16,1.1102230246251565e-15
67,0,7.803758588556651e-16,1.9984014443252818e-15
68,0,1.07375851615282e-15,2.4424906541753444e-15
69,0,1.3492893943970578e-15,2.942091015256665e-15
70,0,7.850633016161437e-16,2.1094237467877974e-15
71,0,7.496178514250272e-16,1.2212453270876722e-15
72,0,8.241455907445578e-16,1.887379141862766e-15
73,0,1.0440261167906433e-15,2.3869795029440866e-15
74,0,7.627123312155782e-16,1.0547118733938987e-15
75,0,1.1170157629071527e-15,2.491062911502695e-15
76,0,6.66885295142395e-16,1.2212453270876722e-15
77,0,1.5669055122448195e-15,3.4416913763379853e-15
78,0,9.234586464344314e-16,2.3314683517128287e-15
79,0,1.1215476608320409e-15,2.581268532253489e-15
80,0,1.1083516499326576e-15,2.6367796834847468e-15
81,0,9.81752068345334e-16,2.1094237467877974e-15
82,0,8.514203300314824e-16,1.6653345369377348e-15
83,0,8.927511868624282e-16,2.4147350785597155e-15
84,0,7.198309104293936e-16,2.275957200481571e-15
85,0,7.33983240801615e-16,1.3322676295501878e-15
86,0,7.757735337404624e-16,1.5543122344752192e-15
87,0,7.554074975309513e-16,1.3877787807814457e-15
88,0,6.982630957650714e-16,1.7763568394002505e-15
89,0,6.171647819229578e-16,1.3322676295501878e-15
90,0,6.797532877690497e-16,1.7763568394002505e-15
91,0,1.0244902984119403e-15,1.609823385706477e-15
92,0,1.137628737485442e-15,2.3869795029440866e-15
93,0,9.727764781717344e-16,2.1094237467877974e-15
94,0,6.756205100623478e-16,1.4432899320127035e-15
95,0,5.658901598304097e-16,1.1379786002407855e-15
96,0,1.0755219444422894e-15,1.942890293094024e-15
97,0,8.987991393151586e-16,2.55351295663786e-15
98,0,6.011931535484503e-16,1.6653345369377348e-15
99,0,1.1721474490131222e-15,2.886579864025407e-15
