schedule,trial,n_phase,relative_path_error,max_absolute_path_error,x_spectrum_condition,max_x_fit_residual,alias_classes
harmonic_L3,0,3,7.992485112852763e-16,1.8619006149354548e-16,1.0000000000000007,1.51915526873659e-15,0
harmonic_L3,1,3,1.2439333842500361e-15,5.302695275805846e-16,1.0000000000000007,1.433996615695051e-15,0
harmonic_L3,2,3,7.70758085773916e-16,1.8875832159447664e-16,1.0000000000000007,2.0343722248810133e-15,0
harmonic_L3,3,3,1.0602238456085579e-15,2.5931069867816385e-16,1.0000000000000007,1.8723331111341146e-15,0
harmonic_L3,4,3,1.3024232131051107e-15,2.983724378680108e-16,1.0000000000000007,2.119053940365011e-15,0
harmonic_L3,5,3,1.3605779267735842e-15,3.976416080268664e-16,1.0000000000000007,2.250267477464259e-15,0
harmonic_L3,6,3,2.03266904823555e-15,5.750497121565129e-16,1.0000000000000007,2.3067405354146162e-15,0
harmonic_L3,7,3,1.2035371174387591e-15,3.6188843062238402e-16,1.0000000000000007,2.822364196435059e-15,0
harmonic_L3,8,3,1.0974168034764648e-15,4.4247352000895483e-16,1.0000000000000007,1.3582891131569495e-15,0
harmonic_L3,9,3,8.548116819751896e-16,2.0695076577460565e-16,1.0000000000000007,2.214951538949604e-15,0
harmonic_L3,10,3,1.6025924220090333e-15,4.466971897165574e-16,1.0000000000000007,2.534491723629911e-15,0
harmonic_L3,11,3,1.1526594070771423e-15,3.8584243507050043e-16,1.0000000000000007,2.3528005977197153e-15,0
harmonic_L3,12,3,2.8184562841981694e-15,8.751813177181079e-16,1.0000000000000007,1.974630732422412e-15,0
harmonic_L3,13,3,6.127461564193144e-16,1.7554167342883506e-16,1.0000000000000007,1.7221401272996855e-15,0
harmonic_L3,14,3,2.3828950299400034e-15,5.79553433516819e-16,1.0000000000000007,2.4386134928012208e-15,0
harmonic_L3,15,3,1.9826374872576523e-15,6.024062995779219e-16,1.0000000000000007,2.4046786263901513e-15,0
harmonic_L3,16,3,2.153556371919297e-15,6.411252595092832e-16,1.0000000000000007,2.2109889729011482e-15,0
harmonic_L3,17,3,1.5135514839494385e-15,4.484587321511725e-16,1.0000000000000007,1.7615426814328098e-15,0
harmonic_L3,18,3,1.9824552742325002e-15,4.039038293353398e-16,1.0000000000000007,1.6884092342306988e-15,0
harmonic_L3,19,3,8.980033725732656e-16,2.2247786310271853e-16,1.0000000000000007,1.5555411441905952e-15,0
harmonic_L3,20,3,2.316169960770335e-15,6.275768268723677e-16,1.0000000000000007,2.3059092444731302e-15,0
harmonic_L3,21,3,1.6436857468014495e-15,3.3515647689756127e-16,1.0000000000000007,1.9898667128714434e-15,0
harmonic_L3,22,3,1.0821322877163152e-15,3.216123055415433e-16,1.0000000000000007,2.0950938012620335e-15,0
harmonic_L3,23,3,2.0145056723103047e-15,7.114312260401321e-16,1.0000000000000007,2.595936295841472e-15,0
harmonic_L3,24,3,1.366775231966454e-15,3.7791598901720274e-16,1.0000000000000007,2.279621603697073e-15,0
harmonic_L3,25,3,7.88766923141161e-16,1.962615573354719e-16,1.0000000000000007,1.857277360138816e-15,0
harmonic_L3,26,3,1.5583667809521907e-15,4.910462595695867e-16,1.0000000000000007,2.330679606907625e-15,0
harmonic_L3,27,3,3.190067799940511e-15,1.2016162933188211e-15,1.0000000000000007,2.4426444994433685e-15,0
harmonic_L3,28,3,1.0033364840453405e-15,2.3633021048361517e-16,1.0000000000000007,2.6014782826200573e-15,0
harmonic_L3,29,3,1.503272693571721e-15,3.976416080268664e-16,1.0000000000000007,2.3250224298577917e-15,0
harmonic_L3,30,3,8.457868157967485e-16,1.733074705136122e-16,1.0000000000000007,1.3680430211621383e-15,0
harmonic_L3,31,3,2.7012063404395015e-15,6.566793369754027e-16,1.0000000000000007,2.1408982070684857e-15,0
harmonic_L3,32,3,1.921609316497777e-15,6.087272963323595e-16,1.0000000000000007,2.2345396437265267e-15,0
harmonic_L3,33,3,8.787707450535871e-16,3.2786531838319816e-16,1.0000000000000007,1.0304769678281005e-15,0
harmonic_L3,34,3,5.907445517450206e-16,2.3633021048361517e-16,1.0000000000000007,1.154190366003613e-15,0
harmonic_L3,35,3,1.273144252843344e-15,2.387624894196368e-16,1.0000000000000007,1.901709511459956e-15,0
harmonic_L3,36,3,8.483641133202109e-16,2.2128436193288824e-16,1.0000000000000007,2.362116041109951e-15,0
harmonic_L3,37,3,8.005931650272643e-16,1.528132866464668e-16,1.0000000000000007,1.5717284168505254e-15,0
harmonic_L3,38,3,2.537088736831003e-15,6.855121490028353e-16,1.0000000000000007,2.2368233963748557e-15,0
harmonic_L3,39,3,2.8903788042062104e-15,1.0999897838723018e-15,1.0000000000000007,2.3051880365391523e-15,0
harmonic_L3,40,3,2.0933111341502756e-15,6.335327934766281e-16,1.0000000000000007,2.6091996264170852e-15,0
harmonic_L3,41,3,1.0808251517457458e-15,2.582350176184633e-16,1.0000000000000007,2.305651863667422e-15,0
harmonic_L3,42,3,2.110821910501055e-15,6.23728986632994e-16,1.0000000000000007,2.243708547635014e-15,0
harmonic_L3,43,3,2.5244750877008405e-15,6.50333926369705e-16,1.0000000000000007,2.601207810866804e-15,0
harmonic_L3,44,3,1.1795008421383288e-15,3.510833468576701e-16,1.0000000000000007,1.7183799850156409e-15,0
harmonic_L3,45,3,3.3625671359089053e-15,1.355199909595506e-15,1.0000000000000007,2.7836994022910753e-15,0
harmonic_L3,46,3,1.022635553796032e-15,2.423651445728339e-16,1.0000000000000007,2.0049742641658316e-15,0
harmonic_L3,47,3,1.4017103006723982e-15,3.849718411600203e-16,1.0000000000000007,2.380224629208053e-15,0
harmonic_L3,48,3,7.007621371491798e-16,1.9157505709963722e-16,1.0000000000000007,1.9898332885967265e-15,0
harmonic_L3,49,3,6.120977071459868e-16,1.8319205572553517e-16,1.0000000000000007,1.4193558984519812e-15,0
dyadic_L3,0,5,5.316290489266785e-16,1.4224732503009818e-16,1.0000000000000007,3.1844117468304217e-15,0
dyadic_L3,1,5,5.907088315749889e-16,1.5515838457795457e-16,1.0000000000000007,3.380354102725779e-15,0
dyadic_L3,2,5,8.665604173469186e-16,2.061038387218709e-16,1.0000000000000007,2.9552354414740555e-15,0
dyadic_L3,3,5,7.261701761136785e-16,2.8177377798042847e-16,1.0000000000000007,1.8019186455141963e-15,0
dyadic_L3,4,5,6.741230271078906e-16,1.5731560566382466e-16,1.0000000000000007,1.6341734961159763e-15,0
dyadic_L3,5,5,1.514727289322918e-15,3.6743392481035993e-16,1.0000000000000007,3.1784317224450305e-15,0
dyadic_L3,6,5,1.173538117110711e-15,2.3864272523720093e-16,1.0000000000000007,3.912174866815625e-15,0
dyadic_L3,7,5,5.293181530320512e-16,1.3947004136484323e-16,1.0000000000000007,1.3374467810322449e-15,0
dyadic_L3,8,5,1.0552940761011606e-15,2.3263411494723067e-16,1.0000000000000007,2.6009741692427955e-15,0
dyadic_L3,9,5,1.0411893635457925e-15,3.7341307954279784e-16,1.0000000000000007,3.325520660318104e-15,0
dyadic_L3,10,5,6.640909741144873e-16,1.6883057536160649e-16,1.0000000000000007,2.333714497963826e-15,0
dyadic_L3,11,5,7.390999011194118e-16,1.821377042022605e-16,1.0000000000000007,3.4547732707894247e-15,0
dyadic_L3,12,5,1.297737856173547e-15,2.7894008272968645e-16,1.0000000000000007,2.7488487243761995e-15,0
dyadic_L3,13,5,1.4361939340445215e-15,4.034117999026819e-16,1.0000000000000007,3.4485219978886614e-15,0
dyadic_L3,14,5,1.0436394803428782e-15,2.529188754195684e-16,1.0000000000000007,3.151278793729146e-15,0
dyadic_L3,15,5,1.9226721296159685e-15,5.620075719058478e-16,1.0000000000000007,2.8259249586694522e-15,0
dyadic_L3,16,5,8.953778973649302e-16,2.3551386880256624e-16,1.0000000000000007,2.7141748934934437e-15,0
dyadic_L3,17,5,7.005815583093818e-16,1.7554167342883506e-16,1.0000000000000007,1.572543628173225e-15,0
dyadic_L3,18,5,1.0382645400707028e-15,2.49920618414945e-16,1.0000000000000007,2.798482166922313e-15,0
dyadic_L3,19,5,1.2659815177181715e-15,2.8576114088871287e-16,1.0000000000000007,3.615734188794456e-15,0
dyadic_L3,20,5,7.465013247997808e-16,1.818752295152787e-16,1.0000000000000007,1.7250855773302196e-15,0
dyadic_L3,21,5,6.844547795054148e-16,2.0613303810414136e-16,1.0000000000000007,1.4704696741996646e-15,0
dyadic_L3,22,5,1.4536752341975272e-15,5.117875266520903e-16,1.0000000000000007,3.271246082846033e-15,0
dyadic_L3,23,5,8.649026058410619e-16,2.592584715281538e-16,1.0000000000000007,3.303368033700989e-15,0
dyadic_L3,24,5,8.148314731545916e-16,2.2887833992611187e-16,1.0000000000000007,3.609174766076366e-15,0
dyadic_L3,25,5,1.136272865301462e-15,2.8877805767053584e-16,1.0000000000000007,3.015494812861964e-15,0
dyadic_L3,26,5,6.636644452291939e-16,1.986996825864056e-16,1.0000000000000007,3.1849504951487974e-15,0
dyadic_L3,27,5,1.230525238828269e-15,4.002966042486721e-16,1.0000000000000007,1.7137962187254965e-15,0
dyadic_L3,28,5,1.0347955997073127e-15,2.8584537409345717e-16,1.0000000000000007,2.7848071889990113e-15,0
dyadic_L3,29,5,6.916089117527356e-16,2.3592239273284576e-16,1.0000000000000007,1.8131624375967278e-15,0
dyadic_L3,30,5,1.2360783187946687e-15,2.8609792490763985e-16,1.0000000000000007,2.4914683018776516e-15,0
dyadic_L3,31,5,4.96751548181325e-16,1.2794688166302258e-16,1.0000000000000007,1.86614231895457e-15,0
dyadic_L3,32,5,8.322700849258432e-16,2.830524433501838e-16,1.0000000000000007,1.7920101954755814e-15,0
dyadic_L3,33,5,1.096037391607682e-15,2.779024842816778e-16,1.0000000000000007,2.1715442693920144e-15,0
dyadic_L3,34,5,6.971955773232685e-16,1.7388818282700985e-16,1.0000000000000007,3.028318565762047e-15,0
dyadic_L3,35,5,9.163464167156757e-16,4.163336342344337e-16,1.0000000000000007,1.2094346524495174e-15,0
dyadic_L3,36,5,1.5071362298802235e-15,4.2207643840401625e-16,1.0000000000000007,2.9302495163195765e-15,0
dyadic_L3,37,5,8.257034127951071e-16,1.7772239894833365e-16,1.0000000000000007,4.755562062527528e-15,0
dyadic_L3,38,5,7.139920033075925e-16,1.9279638981753172e-16,1.0000000000000007,1.2825560712964304e-15,0
dyadic_L3,39,5,1.4633709029846136e-15,3.739938696389388e-16,1.0000000000000007,3.973221481407263e-15,0
dyadic_L3,40,5,7.774604641688894e-16,1.9279638981753172e-16,1.0000000000000007,2.6248488422681146e-15,0
dyadic_L3,41,5,7.409027255338148e-16,1.8875832159447664e-16,1.0000000000000007,1.9294359633365893e-15,0
dyadic_L3,42,5,9.930525221931668e-16,2.232407816160789e-16,1.0000000000000007,3.807109231660253e-15,0
dyadic_L3,43,5,5.624346085220704e-16,1.766354016019247e-16,1.0000000000000007,4.062793480035992e-15,0
dyadic_L3,44,5,1.0516027786673647e-15,5.095246377785861e-16,1.0000000000000007,1.0654464988392374e-15,0
dyadic_L3,45,5,8.602641375941627e-16,2.8877805767053584e-16,1.0000000000000007,1.4807291902522263e-15,0
dyadic_L3,46,5,9.600769605805365e-16,2.633125101432526e-16,1.0000000000000007,3.1796023041234345e-15,0
dyadic_L3,47,5,3.9861690103308023e-16,1.0007415106216802e-16,1.0000000000000007,2.7286715972410942e-15,0
dyadic_L3,48,5,5.658063203691023e-16,1.415262216750919e-16,1.0000000000000007,1.1524933451886692e-15,0
dyadic_L3,49,5,9.123863306882085e-16,3.002224531865041e-16,1.0000000000000007,3.4699246672863237e-15,0
dyadic_L4,0,7,2.9510270196295654e-15,5.811634332959165e-16,1.0000000000000009,7.859699254270375e-15,0
dyadic_L4,1,7,3.79139659920756e-15,5.639318948835421e-16,1.0000000000000009,8.713917759342568e-15,0
dyadic_L4,2,7,5.873686063973e-15,1.5627153193985828e-15,1.0000000000000009,8.094027487434895e-15,0
dyadic_L4,3,7,4.025885973676611e-15,6.6010730182116e-16,1.0000000000000009,5.091804251602951e-15,0
dyadic_L4,4,7,4.909738034697281e-15,1.1755039753717426e-15,1.0000000000000009,8.631383564117738e-15,0
dyadic_L4,5,7,8.799161119321916e-15,1.5618526242502067e-15,1.0000000000000009,7.496912354432903e-15,0
dyadic_L4,6,7,4.4149191109103326e-15,8.582981573392564e-16,1.0000000000000009,8.46220412339357e-15,0
dyadic_L4,7,7,4.6542790458471015e-15,8.788048177492438e-16,1.0000000000000009,9.373364773986487e-15,0
dyadic_L4,8,7,6.6708213617907746e-15,1.1213561703091602e-15,1.0000000000000009,9.325438736734326e-15,0
dyadic_L4,9,7,1.9401044506095876e-15,5.02417368198322e-16,1.0000000000000009,2.4927016247971107e-15,0
dyadic_L4,10,7,7.061049035158756e-15,2.586231541130034e-15,1.0000000000000009,1.0753670620064486e-14,0
dyadic_L4,11,7,2.5877311484169634e-15,4.657336792487875e-16,1.0000000000000009,6.751101982576889e-15,0
dyadic_L4,12,7,1.7615698677094404e-15,3.8558107307034703e-16,1.0000000000000009,3.6418471280106414e-15,0
dyadic_L4,13,7,3.405967877172112e-15,6.254634441385502e-16,1.0000000000000009,4.33352099910514e-15,0
dyadic_L4,14,7,2.4398961239617387e-15,3.7447533173187206e-16,1.0000000000000009,5.336296120418111e-15,0
dyadic_L4,15,7,2.3012619418318986e-15,4.577566798522237e-16,1.0000000000000009,4.111087425912767e-15,0
dyadic_L4,16,7,2.26764988365988e-15,3.8618934388978767e-16,1.0000000000000009,6.6723059341807235e-15,0
dyadic_L4,17,7,3.3676680336867297e-15,5.221978698409884e-16,1.0000000000000009,9.27787392908046e-15,0
dyadic_L4,18,7,4.417284871760831e-15,8.034822676454994e-16,1.0000000000000009,8.65990689856588e-15,0
dyadic_L4,19,7,2.266018011576638e-15,4.0251566003272e-16,1.0000000000000009,7.968265047594288e-15,0
dyadic_L4,20,7,3.56613028443165e-15,6.392826715929123e-16,1.0000000000000009,6.0230936437020855e-15,0
dyadic_L4,21,7,2.972293760687094e-15,7.013052782727353e-16,1.0000000000000009,8.186863161776831e-15,0
dyadic_L4,22,7,4.366586646353008e-15,8.522772527691904e-16,1.0000000000000009,8.265018214279381e-15,0
dyadic_L4,23,7,5.582479407606747e-15,1.0299525296675035e-15,1.0000000000000009,7.346895128133879e-15,0
dyadic_L4,24,7,5.35487651192781e-15,1.0234339256908568e-15,1.0000000000000009,7.21339210961626e-15,0
dyadic_L4,25,7,2.8056787666124665e-15,4.941739743737033e-16,1.0000000000000009,3.780817816792796e-15,0
dyadic_L4,26,7,3.5385133787564055e-15,7.30845814941177e-16,1.0000000000000009,8.934334866438798e-15,0
dyadic_L4,27,7,5.916678654412794e-15,9.40661498406677e-16,1.0000000000000009,9.711180091793741e-15,0
dyadic_L4,28,7,4.763412636245479e-15,9.384709710844992e-16,1.0000000000000009,8.282270593281685e-15,0
dyadic_L4,29,7,2.8987883122715343e-15,4.888843483876897e-16,1.0000000000000009,5.227411028880762e-15,0
dyadic_L4,30,7,3.0318270615219134e-15,5.212519315743275e-16,1.0000000000000009,3.946005427244434e-15,0
dyadic_L4,31,7,1.9772836769360104e-15,4.0053709487069576e-16,1.0000000000000009,4.398816831524518e-15,0
dyadic_L4,32,7,2.259889023016125e-15,4.335188589286004e-16,1.0000000000000009,5.8108634818697945e-15,0
dyadic_L4,33,7,3.166965369145916e-15,5.38781765530132e-16,1.0000000000000009,7.807416821919551e-15,0
dyadic_L4,34,7,2.9731517135475346e-15,6.023145019527917e-16,1.0000000000000009,5.1664511048332174e-15,0
dyadic_L4,35,7,4.576042786519036e-15,1.2738115944464654e-15,1.0000000000000009,7.835379846684654e-15,0
dyadic_L4,36,7,4.055963767350803e-15,8.795167776473245e-16,1.0000000000000009,7.478249645187918e-15,0
dyadic_L4,37,7,5.559887076039141e-15,9.673230152316872e-16,1.0000000000000009,8.793317575850155e-15,0
dyadic_L4,38,7,4.697290028971992e-15,7.64727812762936e-16,1.0000000000000009,8.910873716041302e-15,0
dyadic_L4,39,7,3.4803371187476283e-15,1.1922194912903437e-15,1.0000000000000009,4.620328492327157e-15,0
dyadic_L4,40,7,3.71390519050924e-15,6.767467331101678e-16,1.0000000000000009,6.301573881529868e-15,0
dyadic_L4,41,7,7.648085790362007e-15,1.579341641072165e-15,1.0000000000000009,9.584708855975662e-15,0
dyadic_L4,42,7,1.5048749274176333e-15,3.6188843062238402e-16,1.0000000000000009,2.3646859635067562e-15,0
dyadic_L4,43,7,2.8836892692882276e-15,5.652647503727445e-16,1.0000000000000009,7.838731517906141e-15,0
dyadic_L4,44,7,2.3240233898872627e-15,6.450899060706662e-16,1.0000000000000009,3.38954019170266e-15,0
dyadic_L4,45,7,8.01367591357038e-15,1.3067431411499098e-15,1.0000000000000009,8.793667968752527e-15,0
dyadic_L4,46,7,2.0078011524554138e-15,4.2638306783391785e-16,1.0000000000000009,2.9010522485725393e-15,0
dyadic_L4,47,7,2.4921198634189866e-15,5.555016879717332e-16,1.0000000000000009,4.2104613575075616e-15,0
dyadic_L4,48,7,2.3736263401185766e-15,4.0165123706055473e-16,1.0000000000000009,4.3665866636047705e-15,0
dyadic_L4,49,7,1.7232149702248188e-15,2.599398619660671e-16,1.0000000000000009,5.330772452150635e-15,0
incommensurate_L3,0,1,3.5325146787622027e-10,1.0506719223064776e-10,1469800.873125386,2.0229846582990726e-15,0
incommensurate_L3,1,1,8.18695516186002e-10,2.3622748824562903e-10,1469800.873125386,1.6356157497665192e-15,0
incommensurate_L3,2,1,8.442210304308915e-11,2.1470801869580836e-11,1469800.873125386,1.2248959476160148e-15,0
incommensurate_L3,3,1,6.557981943139255e-10,1.866011535119035e-10,1469800.873125386,1.6161326619973203e-15,0
incommensurate_L3,4,1,2.5295196637357184e-09,7.320932990760565e-10,1469800.873125386,1.6548207204252516e-15,0
incommensurate_L3,5,1,1.3521770861922784e-10,4.0574243831996854e-11,1469800.873125386,1.3612962046830759e-15,0
incommensurate_L3,6,1,2.8872302398197475e-10,8.653901826190114e-11,1469800.873125386,1.5094823233283266e-15,0
incommensurate_L3,7,1,7.275448661551492e-10,2.1142416909412336e-10,1469800.873125386,1.692486337248406e-15,0
incommensurate_L3,8,1,2.639934904691015e-09,7.762134077162891e-10,1469800.873125386,2.3905434320893507e-15,0
incommensurate_L3,9,1,1.9049500778591563e-10,5.519164025457935e-11,1469800.873125386,1.2728340697960856e-15,0
incommensurate_L3,10,1,1.4713508834233005e-09,4.140413228569076e-10,1469800.873125386,2.577633528327091e-15,0
incommensurate_L3,11,1,8.074413656963813e-10,2.2765568478526296e-10,1469800.873125386,1.750630498093737e-15,0
incommensurate_L3,12,1,1.3585833233318033e-09,4.0562112698505546e-10,1469800.873125386,3.1158316934851414e-15,0
incommensurate_L3,13,1,1.2452132119526454e-09,3.721544697234763e-10,1469800.873125386,2.8498449045000958e-15,0
incommensurate_L3,14,1,7.075806863918422e-10,2.0260549500796038e-10,1469800.873125386,2.070248531081151e-15,0
incommensurate_L3,15,1,1.3791457668266348e-09,4.0495910549328157e-10,1469800.873125386,1.9845645762010613e-15,0
incommensurate_L3,16,1,1.293467858989676e-09,3.7081593338612875e-10,1469800.873125386,3.7097387106503555e-15,0
incommensurate_L3,17,1,1.5772586199950483e-09,4.428051052772171e-10,1469800.873125386,1.5982349467563484e-15,0
incommensurate_L3,18,1,5.912968192746376e-10,1.7744631555787143e-10,1469800.873125386,1.613727054929032e-15,0
incommensurate_L3,19,1,1.7072949186085563e-09,4.895319296073199e-10,1469800.873125386,1.2562523093580556e-15,0
incommensurate_L3,20,1,1.4070596345679602e-10,4.038528593556061e-11,1469800.873125386,1.8573792027659798e-15,0
incommensurate_L3,21,1,1.3009300607624045e-09,3.726668963031249e-10,1469800.873125386,1.5877394164815935e-15,0
incommensurate_L3,22,1,1.0941870463170125e-10,3.674072628935746e-11,1469800.873125386,9.911615884269577e-16,0
incommensurate_L3,23,1,3.1068656567346683e-09,8.938045397581001e-10,1469800.873125386,1.7415529406169002e-15,0
incommensurate_L3,24,1,6.478465456672682e-11,1.8265941529413064e-11,1469800.873125386,1.1792611109018762e-15,0
incommensurate_L3,25,1,2.9836842939486662e-09,8.428779686742321e-10,1469800.873125386,2.3062805467431436e-15,0
incommensurate_L3,26,1,9.852877883193743e-11,3.513887547935541e-11,1469800.873125386,1.2530645091837535e-15,0
incommensurate_L3,27,1,3.1001264532376393e-09,9.318465849969275e-10,1469800.873125386,1.6630913603751928e-15,0
incommensurate_L3,28,1,3.1343003521816946e-09,9.050043820384998e-10,1469800.873125386,3.3128285127886885e-15,0
incommensurate_L3,29,1,6.369545844519536e-11,2.1848966909495073e-11,1469800.873125386,1.5460577921030836e-15,0
incommensurate_L3,30,1,4.464074747920124e-10,1.3093400759115745e-10,1469800.873125386,1.1292333721820557e-15,0
incommensurate_L3,31,1,2.1042158541876762e-09,6.137811266795541e-10,1469800.873125386,1.8282512941761206e-15,0
incommensurate_L3,32,1,3.5767940801971546e-10,1.0761783876828573e-10,1469800.873125386,1.589438906299678e-15,0
incommensurate_L3,33,1,8.553165637507785e-11,2.2879865141784708e-11,1469800.873125386,1.377915521035631e-15,0
incommensurate_L3,34,1,1.6023375319603784e-09,4.4356413946880943e-10,1469800.873125386,1.2546485617549724e-15,0
incommensurate_L3,35,1,1.1755729578590658e-09,3.434185252917771e-10,1469800.873125386,1.968022600017096e-15,0
incommensurate_L3,36,1,5.181158490999729e-11,1.7808558154467325e-11,1469800.873125386,9.390282879984156e-16,0
incommensurate_L3,37,1,6.225810459358198e-10,1.837490429197165e-10,1469800.873125386,1.9509098704731738e-15,0
incommensurate_L3,38,1,1.7979227696084067e-10,5.639311956688668e-11,1469800.873125386,1.7721801239772345e-15,0
incommensurate_L3,39,1,7.980111629985198e-10,2.3929277500659104e-10,1469800.873125386,2.7664438132953924e-15,0
incommensurate_L3,40,1,1.0712957848124682e-09,3.093925879938267e-10,1469800.873125386,1.5300405159379552e-15,0
incommensurate_L3,41,1,1.2720659570767374e-10,4.6250131729084436e-11,1469800.873125386,1.6794730290463404e-15,0
incommensurate_L3,42,1,4.930086240860408e-10,1.576279542613924e-10,1469800.873125386,2.178259654109077e-15,0
incommensurate_L3,43,1,1.2173686947534327e-10,3.743058290580813e-11,1469800.873125386,1.5151193242820774e-15,0
incommensurate_L3,44,1,7.12665574336685e-10,2.0961826885362183e-10,1469800.873125386,1.4058950767169707e-15,0
incommensurate_L3,45,1,4.938317314122013e-10,1.474971560448778e-10,1469800.873125386,2.3339063044668953e-15,0
incommensurate_L3,46,1,9.691151352595736e-10,2.4780413607003223e-10,1469800.873125386,1.4521354873787375e-15,0
incommensurate_L3,47,1,2.0876414796404864e-10,5.922495485135328e-11,1469800.873125386,1.0755889551500997e-15,0
incommensurate_L3,48,1,1.7348526606934982e-09,5.042405955923545e-10,1469800.873125386,1.5405718002840329e-15,0
incommensurate_L3,49,1,2.1707664214858817e-11,6.43236462518747e-12,1469800.873125386,1.2268631375021773e-15,0
