target_schedule,trial,relative_output_error,max_abs_output_error
dyadic,0,1.468831820018254e-15,2.4980018054066022e-15
reconfigured,0,1.7893628531963435e-15,3.1086244689504383e-15
incommensurate,0,1.5472070312046173e-15,3.3584246494910985e-15
dyadic,1,8.405890989783128e-16,1.3739009929736312e-15
reconfigured,1,1.8893487506993095e-15,2.1094237467877974e-15
incommensurate,1,1.0779216217974478e-15,2.0539125955565396e-15
dyadic,2,2.1466568881626568e-15,3.774758283725532e-15
reconfigured,2,2.5519600325734885e-15,3.58046925441613e-15
incommensurate,2,2.4118581460842957e-15,4.9404924595819466e-15
dyadic,3,1.3435596746194337e-15,2.424276057677588e-15
reconfigured,3,1.1048569800242907e-15,1.6653345369377348e-15
incommensurate,3,1.9925397526606573e-15,4.6351811278100286e-15
dyadic,4,1.5051158699807643e-15,2.4702462297909733e-15
reconfigured,4,1.5387198863529963e-15,2.4424906541753444e-15
incommensurate,4,1.5792629046392322e-15,3.3029134982598407e-15
dyadic,5,1.3186554593679669e-15,2.3314683517128287e-15
reconfigured,5,1.386498448289123e-15,2.1649348980190553e-15
incommensurate,5,1.1084637729435287e-15,2.6506574712925612e-15
dyadic,6,9.637732213381488e-16,1.5543122344752192e-15
reconfigured,6,6.28699994542507e-16,9.992007221626409e-16
incommensurate,6,1.2626723304528612e-15,1.9012569296705806e-15
dyadic,7,9.290333267010111e-16,1.7763568394002505e-15
reconfigured,7,9.701742737059166e-16,1.8318679906315083e-15
incommensurate,7,8.637177933865646e-16,1.7763568394002505e-15
dyadic,8,1.5157929400212827e-15,1.7763568394002505e-15
reconfigured,8,1.3016419254465133e-15,2.1094237467877974e-15
incommensurate,8,1.8929605377427067e-15,2.942091015256665e-15
dyadic,9,1.307433462357044e-15,2.3314683517128287e-15
reconfigured,9,1.4817339907547344e-15,2.1094237467877974e-15
incommensurate,9,1.3505046026060457e-15,2.7755575615628914e-15
dyadic,10,1.2248654027589045e-15,2.1094237467877974e-15
reconfigured,10,6.009398059108069e-16,1.1102230246251565e-15
incommensurate,10,1.1182332651081684e-15,1.3322676295501878e-15
dyadic,11,2.4315162084222455e-15,2.1094237467877974e-15
reconfigured,11,2.3231807261528215e-15,3.3514857555871913e-15
incommensurate,11,3.2689335130618455e-15,4.73232564246473e-15
dyadic,12,1.1326412924317548e-15,1.942890293094024e-15
reconfigured,12,1.603595993010839e-15,3.0531133177191805e-15
incommensurate,12,1.3727790023946208e-15,2.220446049250313e-15
dyadic,13,7.289183411716475e-16,1.5543122344752192e-15
reconfigured,13,1.887630208085501e-15,2.3314683517128287e-15
incommensurate,13,1.5070423893740723e-15,2.6723415147422713e-15
dyadic,14,1.4788155162910995e-15,2.220446049250313e-15
reconfigured,14,1.2769160333601128e-15,2.4424906541753444e-15
incommensurate,14,1.0953752546416802e-15,1.7763568394002505e-15
dyadic,15,9.482893349933856e-16,1.6653345369377348e-15
reconfigured,15,1.0865915478586395e-15,1.7208456881689926e-15
incommensurate,15,1.5944699678188801e-15,3.282096816548119e-15
dyadic,16,1.5496596165080493e-15,2.6645352591003757e-15
reconfigured,16,1.559605248476572e-15,2.9976021664879227e-15
incommensurate,16,1.8577488210682696e-15,2.7200464103316335e-15
dyadic,17,1.2391652550090506e-15,2.0261570199409107e-15
reconfigured,17,1.0511179710154282e-15,1.8041124150158794e-15
incommensurate,17,9.725313200754636e-16,1.970645868709653e-15
dyadic,18,2.388419129307993e-15,3.219646771412954e-15
reconfigured,18,3.7127319171205815e-15,4.3298697960381105e-15
incommensurate,18,4.187292798551063e-15,5.384581669432009e-15
dyadic,19,1.6065371137708656e-15,2.0539125955565396e-15
reconfigured,19,1.606313548529235e-15,2.1545265571631944e-15
incommensurate,19,2.748337736397077e-15,2.9282132274488504e-15
dyadic,20,1.3433388327361186e-15,2.220446049250313e-15
reconfigured,20,1.63921650932912e-15,2.4147350785597155e-15
incommensurate,20,2.146259814508503e-15,3.684552662974738e-15
dyadic,21,1.0695260648638262e-15,1.8596235662471372e-15
reconfigured,21,9.042552597602375e-16,1.609823385706477e-15
incommensurate,21,1.1539246701691278e-15,2.220446049250313e-15
dyadic,22,1.3275002318653428e-15,2.1094237467877974e-15
reconfigured,22,7.13881383163342e-16,1.1379786002407855e-15
incommensurate,22,1.3161667930544633e-15,1.8769708010069053e-15
dyadic,23,1.4189127309547137e-15,2.9976021664879227e-15
reconfigured,23,1.6193010570905665e-15,2.886579864025407e-15
incommensurate,23,1.7892515687707726e-15,3.6637359812630166e-15
dyadic,24,1.6022374460012328e-15,3.70536934468646e-15
reconfigured,24,1.4889377177785426e-15,2.6645352591003757e-15
incommensurate,24,1.5108993890063625e-15,3.164135620181696e-15
dyadic,25,1.8792874689870796e-15,2.4424906541753444e-15
reconfigured,25,1.6928615068060554e-15,2.4424906541753444e-15
incommensurate,25,3.0220077863322157e-15,4.218847493575595e-15
dyadic,26,2.3835949340277822e-15,3.219646771412954e-15
reconfigured,26,3.0091083544142684e-15,5.2735593669694936e-15
incommensurate,26,4.255494306645284e-15,6.189493362285248e-15
dyadic,27,1.5543232279244241e-15,1.8318679906315083e-15
reconfigured,27,1.8800409215049584e-15,2.3869795029440866e-15
incommensurate,27,1.8724644819922738e-15,3.4416913763379853e-15
dyadic,28,1.4624557534151915e-15,1.339206523454095e-15
reconfigured,28,1.638814864642547e-15,1.1518563880486e-15
incommensurate,28,1.1436296143871218e-15,1.4432899320127035e-15
dyadic,29,1.119732922787518e-15,2.4980018054066022e-15
reconfigured,29,1.3300032345494728e-15,1.609823385706477e-15
incommensurate,29,1.4059917825782322e-15,2.1198320876436583e-15
dyadic,30,1.8662144872104943e-15,1.3739009929736312e-15
reconfigured,30,1.0614548446426502e-15,1.4988010832439613e-15
incommensurate,30,1.1096045424756775e-15,2.3314683517128287e-15
dyadic,31,9.310265768214196e-16,1.609823385706477e-15
reconfigured,31,2.2528814158045665e-15,3.1086244689504383e-15
incommensurate,31,1.5490985132908076e-15,2.942091015256665e-15
dyadic,32,2.014355449212579e-15,3.219646771412954e-15
reconfigured,32,1.577478835718357e-15,2.6645352591003757e-15
incommensurate,32,1.7646468634906404e-15,2.6645352591003757e-15
dyadic,33,1.783096921488066e-15,3.3306690738754696e-15
reconfigured,33,1.86206420865496e-15,3.4139358007223564e-15
incommensurate,33,2.2337206598403584e-15,3.774758283725532e-15
dyadic,34,1.057201631277757e-15,1.887379141862766e-15
reconfigured,34,7.86808394210695e-16,1.4432899320127035e-15
incommensurate,34,1.2754021050455754e-15,1.5543122344752192e-15
dyadic,35,1.4455967049793005e-15,1.970645868709653e-15
reconfigured,35,8.046161159808887e-16,1.4432899320127035e-15
incommensurate,35,9.399147408977573e-16,1.4432899320127035e-15
dyadic,36,1.6173311267066307e-15,2.831068712794149e-15
reconfigured,36,1.2892739652668807e-15,1.9984014443252818e-15
incommensurate,36,1.4375732983163014e-15,2.7755575615628914e-15
dyadic,37,1.3954591175931143e-15,1.1622647289044608e-15
reconfigured,37,1.100803865732885e-15,1.6514567491299204e-15
incommensurate,37,1.3436291682033764e-15,1.9984014443252818e-15
dyadic,38,1.9385006404293112e-15,3.566591466608315e-15
reconfigured,38,1.908475850543983e-15,3.552713678800501e-15
incommensurate,38,2.6566830389331045e-15,5.176414852314792e-15
dyadic,39,2.3571514378310772e-15,3.219646771412954e-15
reconfigured,39,2.03066959753415e-15,3.0531133177191805e-15
incommensurate,39,3.504069134725215e-15,3.858025010572419e-15
