case,ground_truth_action,decision,decision_correct,support_delta_residual,support_target_residual,Dperp_function,e_theta,e_aug,architecture_gain,relative_architecture_gain,drift_rms,initial_mse_test,theta_only_val_mse,theta_only_test_mse,surgery_only_val_mse,surgery_only_test_mse,surgery_tuned_val_mse,surgery_tuned_test_mse,selected_model,selected_val_mse,selected_test_mse,alpha_error,alpha_truth_shift,alpha_proposed_shift,surgery_status,surgery_accepted_steps,surgery_median_rho,surgery_final_radius,trial,theta_truth_shift,alpha_dir_1,alpha_dir_2,alpha_dir_3
parameter,theta_update,theta_update,True,1.534215846445297e-14,1.2918570552354722e-15,0.002804900983209504,0.002804900983209449,0.0026447742714059658,8.726385789183784e-07,0.11091731287650493,0.0399999999999994,0.001599999999999948,4.960608525362867e-07,4.960608525362723e-07,,,,,theta_only,4.960608525362867e-07,4.960608525362723e-07,0.0,0.0,0.0,,0,,,0,0.07354032841791254,-0.8924312322781502,0.3794504521664731,-0.24409803359544116
parameter,theta_update,theta_update,True,1.336396264025426e-14,1.2814401132447184e-15,0.006781999446286593,0.006781999446286624,0.006490669428182727,3.866726863486189e-06,0.08406747349765291,0.04000000000000109,0.00160000000000009,1.1070446312077697e-06,1.1070446312078993e-06,,,,,theta_only,1.1070446312077697e-06,1.1070446312078993e-06,0.0,0.0,0.0,,0,,,1,0.0697207226771498,0.502555811536301,-0.5615074801726638,-0.657378890748125
parameter,theta_update,theta_update,True,1.1377478359006736e-14,8.660750563334647e-16,0.014943196261887002,0.014943196261886968,0.014238377650072312,2.0567716415193914e-05,0.09210836531657866,0.039999999999999564,0.001599999999999968,1.5692949099531922e-06,1.5692949099531376e-06,,,,,theta_only,1.5692949099531922e-06,1.5692949099531376e-06,0.0,0.0,0.0,,0,,,2,0.10800400730577786,-0.64447827647389,0.16499327466505115,0.7466089809723341
parameter,theta_update,theta_update,True,1.164540387603042e-14,1.102037728927695e-15,0.010330422170854442,0.010330422170854475,0.01008362802382037,5.038068105306186e-06,0.04720933619134243,0.039999999999999834,0.0015999999999999845,3.5657474483472384e-07,3.5657474483477694e-07,,,,,theta_only,3.5657474483472384e-07,3.5657474483477694e-07,0.0,0.0,0.0,,0,,,3,0.118819211276295,0.2213609825327809,0.28569702713212275,0.932403627245191
parameter,theta_update,theta_update,True,8.739173932169314e-15,8.377457524747266e-16,0.0014655349673472246,0.0014655349673472402,0.001446952089614853,5.4122390876687304e-08,0.025199075243939682,0.0400000000000005,0.0016000000000000389,3.8706658588942386e-07,3.870665858894473e-07,,,,,theta_only,3.8706658588942386e-07,3.870665858894473e-07,0.0,0.0,0.0,,0,,,4,0.09038527501704552,0.5302457230866432,0.7951532555872145,0.29422911697752957
parameter,theta_update,theta_update,True,1.0589364073263278e-14,6.854101162358214e-16,0.002811115981430691,0.0028111159814306857,0.002716742374644625,5.216839308652911e-07,0.06601611020318543,0.03999999999999942,0.0015999999999999634,3.734084052722344e-07,3.734084052723276e-07,,,,,theta_only,3.734084052722344e-07,3.734084052723276e-07,0.0,0.0,0.0,,0,,,5,0.06406203805665614,-0.15283473686210242,0.9085467402831706,0.3888243355669969
parameter,theta_update,theta_update,True,1.1879966891437122e-14,9.110937880115898e-16,0.0030917073323286975,0.003091707332328737,0.0030707426179639357,1.2919400299527008e-07,0.013515919699903546,0.040000000000000514,0.0016000000000000389,7.19367851442365e-07,7.193678514423878e-07,,,,,theta_only,7.19367851442365e-07,7.193678514423878e-07,0.0,0.0,0.0,,0,,,6,0.058485687055563965,0.6932791844663301,0.6793218564315479,0.24059465447115788
parameter,theta_update,theta_update,True,1.104858270612922e-14,1.026449211304566e-15,2.2199418224258494e-05,2.219941822425784e-05,2.183698272476514e-05,1.5960354973819986e-11,0.03238615275644051,0.03999999999999998,0.0016000000000000016,6.841534499598256e-07,6.841534499598995e-07,,,,,theta_only,6.841534499598256e-07,6.841534499598995e-07,0.0,0.0,0.0,,0,,,7,0.05181526483450086,0.7488345659531344,-0.2840403833838586,-0.598805355220652
parameter,theta_update,theta_update,True,1.3121445370718763e-14,1.3741067440927367e-15,0.020859341359512146,0.02085934135951216,0.019335899665105398,6.123510609363158e-05,0.14073408439835353,0.040000000000000036,0.0016000000000000007,4.269049583091573e-07,4.269049583091029e-07,,,,,theta_only,4.269049583091573e-07,4.269049583091029e-07,0.0,0.0,0.0,,0,,,8,0.09497364920472433,0.3543302661352246,-0.910090181193649,0.21490910775360816
parameter,theta_update,theta_update,True,1.4643708847272088e-14,9.802777644021072e-16,0.0012497096121894397,0.0012497096121894238,0.0012226526829116,6.689453176770673e-08,0.042832398830180037,0.03999999999999967,0.0015999999999999762,3.042818305908585e-07,3.042818305908646e-07,,,,,theta_only,3.042818305908585e-07,3.042818305908646e-07,0.0,0.0,0.0,,0,,,9,0.06906025449144809,-0.1892872216138566,-0.9475376367279109,-0.2575709120180155
parameter,theta_update,theta_update,True,1.282583503350349e-14,1.0935500785463334e-15,0.0020966726362455818,0.0020966726362455783,0.0020487385132531787,1.987066478941377e-07,0.04520132260156363,0.04000000000000048,0.0016000000000000322,2.1770527200461377e-07,2.177052720046295e-07,,,,,theta_only,2.1770527200461377e-07,2.177052720046295e-07,0.0,0.0,0.0,,0,,,10,0.062094121318735256,0.7277150878404899,-0.4246846057193231,-0.5385849390712029
parameter,theta_update,theta_update,True,8.615707873388634e-15,7.817839599609043e-16,0.004284077314795448,0.004284077314795493,0.004174916071513894,9.233942349603621e-07,0.05031211320296585,0.040000000000000493,0.001600000000000036,3.840965337296774e-07,3.840965337296472e-07,,,,,theta_only,3.840965337296774e-07,3.840965337296472e-07,0.0,0.0,0.0,,0,,,11,0.06372200745947162,0.6677129647813432,-0.05806750023368723,0.7421506330116006
parameter,theta_update,theta_update,True,9.525827528214286e-15,9.30281034714788e-16,0.0014174965813128634,0.0014174965813128983,0.001411188382464736,1.7843907230316508e-08,0.00888067376563771,0.03999999999999967,0.0015999999999999615,3.324916948173835e-07,3.3249169481735586e-07,,,,,theta_only,3.324916948173835e-07,3.3249169481735586e-07,0.0,0.0,0.0,,0,,,12,0.07243984677398257,-0.480727811047873,-0.12237419046631925,-0.8682887360739131
parameter,theta_update,theta_update,True,1.2474012801448845e-14,1.667808377328858e-15,0.007119604420088837,0.007119604420088826,0.006881625061448449,3.3320036121929706e-06,0.06573455625217593,0.04000000000000026,0.0016000000000000153,6.795190467250748e-08,6.795190467249369e-08,,,,,theta_only,6.795190467250748e-08,6.795190467249369e-08,0.0,0.0,0.0,,0,,,13,0.07099566591958197,0.9064538975087681,0.23185965095818525,-0.3529623690263769
parameter,theta_update,theta_update,True,1.019201281836076e-14,7.968929207779802e-16,0.0037577631778235084,0.003757763177823517,0.0036350582874262838,9.071353476197899e-07,0.06424114561604555,0.04000000000000094,0.001600000000000076,1.1738335775724569e-06,1.1738335775725848e-06,,,,,theta_only,1.1738335775724569e-06,1.1738335775725848e-06,0.0,0.0,0.0,,0,,,14,0.1289998917310037,-0.750600698684008,-0.2401011012675488,0.6155891911861264
parameter,theta_update,theta_update,True,1.408749116007837e-14,9.02004436333938e-16,0.006470247133213713,0.006470247133213733,0.006393871677231831,9.825029399531375e-07,0.023468866826602142,0.039999999999999425,0.0015999999999999498,4.228589811626598e-07,4.228589811624586e-07,,,,,theta_only,4.228589811626598e-07,4.228589811624586e-07,0.0,0.0,0.0,,0,,,15,0.07354373888121074,0.3570179928628648,0.898742521894535,0.25455850429876153
parameter,theta_update,theta_update,True,1.6303025258971883e-14,1.535955211348858e-15,0.0014738721952876563,0.0014738721952876341,0.0014682116887328894,1.6653685110107302e-08,0.007666386261063324,0.04000000000000085,0.001600000000000066,7.223535111968886e-07,7.223535111967323e-07,,,,,theta_only,7.223535111968886e-07,7.223535111967323e-07,0.0,0.0,0.0,,0,,,16,0.07445648239381782,0.729009645679506,0.24004123450921513,-0.6410344314009453
parameter,theta_update,theta_update,True,1.4280379086676125e-14,1.897225725618524e-15,0.0028792596570049907,0.0028792596570049716,0.002624242960817896,1.40348505505411e-06,0.16929577824271783,0.04000000000000057,0.0016000000000000534,1.332706706013152e-07,1.3327067060133682e-07,,,,,theta_only,1.332706706013152e-07,1.3327067060133682e-07,0.0,0.0,0.0,,0,,,17,0.1360811220254855,-0.1474360994013157,0.2036276143135826,0.9678834595560999
parameter,theta_update,theta_update,True,1.013096915908964e-14,1.0322643822586233e-15,0.02044608630882151,0.02044608630882147,0.02028977692727411,6.367397589231952e-06,0.015231461924721072,0.04000000000000009,0.0016000000000000094,1.2111392916332838e-07,1.2111392916334188e-07,,,,,theta_only,1.2111392916332838e-07,1.2111392916334188e-07,0.0,0.0,0.0,,0,,,18,0.32409730740539777,-0.08044911497855298,0.20571436091381867,0.975299718862354
parameter,theta_update,theta_update,True,9.279385554675854e-15,1.0123717265367657e-15,0.024291989819182312,0.024291989819182347,0.023143776459208582,5.4466380581441446e-05,0.09230013483816525,0.04000000000000003,0.0015999999999999981,6.535520516753327e-07,6.535520516751279e-07,,,,,theta_only,6.535520516753327e-07,6.535520516751279e-07,0.0,0.0,0.0,,0,,,19,0.24172324929333402,-0.8946824915626675,0.05022107789834751,-0.4438705696776319
schedule,schedule_surgery,schedule_surgery,True,0.38138142493790694,0.040147518259114105,0.4075043337696418,0.4075043337696418,0.01774413707457272,0.16574492764051837,0.9981039695665539,0.03999999999999855,0.001601899832806933,0.00026636895334496055,0.0002667520035362814,3.434791215467595e-17,3.4205931856840993e-17,2.6146738535256705e-07,2.614665114833136e-07,surgery_only,3.434791215467595e-17,3.4205931856840993e-17,4.153378581622767e-09,0.013109556317435921,0.01310955449507265,converged,2,1.0009434971072952,0.05,0,0.0,0.75367717821624,0.3938071793002354,-0.5262001677761023
schedule,schedule_surgery,schedule_surgery,True,0.436818044339233,0.03928793145724859,0.43784281972710026,0.43784281972710043,0.011328974432827394,0.1915779891248785,0.9993305090212978,0.03999999999999989,0.001608084250652529,0.000307971219436335,0.0003079542250047637,1.841165083448177e-20,1.836166464114987e-20,1.107780098396372e-06,1.1077099626389211e-06,surgery_only,1.841165083448177e-20,1.836166464114987e-20,7.97426055354656e-11,0.01895008418411174,0.018950084225913967,converged,3,0.9999970779928609,0.05,1,0.0,-0.43053162986421273,0.716479991913898,-0.5489070384623659
schedule,schedule_surgery,schedule_surgery,True,0.3875912209676262,0.03689425592134435,0.39988410655199047,0.39988410655199047,0.01522568803650857,0.15967547709669858,0.9985502752025139,0.03999999999999978,0.0016077313316898176,0.0002533590957257275,0.00025414814389137895,1.103526822435866e-16,1.1023338808052795e-16,1.1475962735250543e-07,1.1475936193333306e-07,surgery_only,1.103526822435866e-16,1.1023338808052795e-16,5.94511359766744e-08,0.01925010922090751,0.019250111046199392,converged,3,0.9986099349689659,0.05,2,0.0,-0.09471278204266374,-0.9949133345877192,0.034306640425489705
schedule,schedule_surgery,schedule_surgery,True,0.42405662825295265,0.05341170462233263,0.4303454893484965,0.4303454893484965,0.024604158191486345,0.1845918756022852,0.9967312439448371,0.04000000000000018,0.0016194236843575995,0.00029669780037257964,0.0002969778195383477,2.7033991252273373e-14,2.6945266700441117e-14,1.0143399830099224e-06,1.0144360417694913e-06,surgery_only,2.7033991252273373e-14,2.6945266700441117e-14,1.5393966663066126e-07,0.022450201260156313,0.022450199602967347,converged,2,1.0015683544673317,0.05,3,0.0,-0.8180627240320125,-0.4633308974042404,-0.34073135907912044
schedule,schedule_surgery,schedule_surgery,True,0.4981440771604904,0.05228624890596896,0.5199496922999775,0.5199496922999775,0.0714826392126045,0.26523791481404185,0.9810992731244601,0.03999999999999977,0.0016383442621063955,0.0004399805033053663,0.00043816260060102483,1.540370140756983e-24,1.5296772842178958e-24,7.935567406276826e-08,7.939009287816828e-08,surgery_only,1.540370140756983e-24,1.5296772842178958e-24,8.007925313936482e-13,0.027590602148335596,0.027590602149132212,converged,3,1.0000060197297038,0.05,4,0.0,-0.8071201365354029,-0.023690067345418533,0.5899117441687715
schedule,schedule_surgery,schedule_surgery,True,0.4710273507701449,0.07696046476284785,0.4947750123552402,0.4947750123552402,0.05536410247927055,0.2417371290077929,0.9874789424673482,0.03999999999999923,0.0016000632248224721,0.00038891587211569486,0.00038908504534191377,4.003440321171415e-23,3.984970892848822e-23,7.720378507833767e-07,7.721779494218511e-07,surgery_only,4.003440321171415e-23,3.984970892848822e-23,6.754655951119532e-12,0.031955604231087904,0.03195560422534739,converged,3,1.0000122609083713,0.05,5,0.0,-0.2897810829601665,0.044512683948094614,-0.9560572916547262
schedule,schedule_surgery,schedule_surgery,True,0.46762250880120254,0.03553754271396615,0.4703927849686291,0.47039278496862913,0.008373655586808576,0.22119925404265647,0.9996831097444486,0.03999999999999885,0.0016055865269290202,0.0003546264693016471,0.0003545863970985475,7.113743591286471e-18,7.07962103541851e-18,2.7676620353296727e-07,2.7682304871541695e-07,surgery_only,7.113743591286471e-18,7.07962103541851e-18,1.709313304235057e-09,0.015413174017719132,0.015413174764039226,converged,3,0.9999900133588068,0.05,6,0.0,-0.5441966261690186,-0.4838867406109284,0.6853492936650547
schedule,schedule_surgery,schedule_surgery,True,0.41763908019946056,0.04842376641343694,0.4350885780077054,0.4350885780077054,0.027805627274717606,0.18852891780462663,0.9959157715220472,0.04000000000000012,0.0016146233851266096,0.00030027212108093036,0.000300832407634876,4.817561856185015e-25,4.782523426188287e-25,7.803162468293011e-08,7.801625246189631e-08,surgery_only,4.817561856185015e-25,4.782523426188287e-25,1.2554845729651066e-12,0.024718986407204522,0.024718986406678013,converged,3,1.0000137137187974,0.05,7,0.0,-0.6882443778532145,-0.36519534726961406,-0.6268588634501929
schedule,schedule_surgery,schedule_surgery,True,0.45155796605821213,0.03787460104955724,0.4520512226842326,0.45205122268423265,0.01439899773410975,0.2041429767945628,0.9989854131474194,0.04000000000000055,0.0016015608286501799,0.00032814195968496567,0.00032800930881338766,1.492601335052621e-16,1.4904575859328884e-16,3.919358763078369e-07,3.9195849115870555e-07,surgery_only,1.492601335052621e-16,1.4904575859328884e-16,3.049147015266923e-08,0.025126697697096943,0.025126688033700568,converged,3,0.9995510557307095,0.05,8,0.0,0.0779075173552988,-0.9887506109522705,0.12768182361262526
schedule,schedule_surgery,schedule_surgery,True,0.4805390224462323,0.03260813997133003,0.48313815147807593,0.48313815147807593,0.037617178672638085,0.23200742128236307,0.9939378067989986,0.040000000000000105,0.0016060793917817803,0.000376380427140807,0.0003759704163516641,4.201368438576823e-14,4.2008360001538627e-14,1.6470548138323538e-06,1.6465552109256547e-06,surgery_only,4.201368438576823e-14,4.2008360001538627e-14,2.516885002445874e-07,0.017145026116622778,0.017144961241779968,converged,2,1.0029360634269575,0.05,9,0.0,-0.9225364852027818,0.34674255527627945,-0.1693990372764084
schedule,schedule_surgery,schedule_surgery,True,0.43529798909067124,0.045073941896264014,0.43621739592776476,0.43621739592776476,0.027636698619779545,0.18952182939939977,0.9959861017106336,0.0399999999999989,0.0016001146441919324,0.0003052296769664828,0.00030523736679443817,4.036048889690571e-24,4.028923296767435e-24,2.5748140686314237e-07,2.5748789596604314e-07,surgery_only,4.036048889690571e-24,4.028923296767435e-24,1.7057671337711684e-12,0.01744494318340496,0.017444943182957365,converged,3,1.0000239436287734,0.05,10,0.0,-0.8047366742769642,0.34710843938143543,-0.4815751409529313
schedule,schedule_surgery,schedule_surgery,True,0.45361310230586477,0.04664308511970673,0.4732623067414532,0.4732623067414532,0.04322704081184554,0.22210863392489236,0.9916572893771004,0.039999999999999716,0.001623142724100507,0.0003534286771084312,0.00035386101850565466,2.478208128572667e-23,2.471826241294362e-23,1.1263288069937187e-06,1.1263482914889636e-06,surgery_only,2.478208128572667e-23,2.471826241294362e-23,5.31932818595841e-12,0.023397002975229887,0.02339700297718585,converged,3,1.0000187808886476,0.05,11,0.0,0.6235495361161504,-0.45652675314180763,0.634641079410349
schedule,schedule_surgery,schedule_surgery,True,0.4410176237491354,0.05554677709845866,0.4435294361446097,0.4435294361446097,0.0077851937719197245,0.1966577514846891,0.9996918983980834,0.039999999999999376,0.0016009875970172773,0.0003142978610274882,0.00031452752414519577,7.057293376199718e-15,7.047763268262294e-15,4.68386478620474e-07,4.683402468310036e-07,surgery_only,7.057293376199718e-15,7.047763268262294e-15,6.69255657784272e-08,0.018195749965676924,0.01819570357666015,converged,2,1.0000446750961953,0.05,12,0.0,0.22668911853653376,-0.857962286011091,0.460991062082284
schedule,schedule_surgery,schedule_surgery,True,0.4349909979981778,0.03825213992413196,0.4361993373850461,0.43619933738504607,0.014913294134834876,0.19004745559320113,0.9988311005238028,0.04,0.0016067788205548434,0.00030449263833141573,0.00030462877375415524,8.65955651723614e-23,8.651730621118854e-23,1.35869458208725e-06,1.3586690309327473e-06,surgery_only,8.65955651723614e-23,8.651730621118854e-23,8.38518161374764e-12,0.027061125220113516,0.02706112521890455,converged,3,1.0000007939556517,0.05,13,0.0,-0.14953022129386126,0.7485025888785573,-0.6460530840123794
schedule,schedule_surgery,schedule_surgery,True,0.4963409541007321,0.05674975043519046,0.5011089519650838,0.5011089519650839,0.019927571778583016,0.2507130736225542,0.9984185901414286,0.03999999999999917,0.0016149908627272136,0.00040307878667334655,0.000403078254952421,4.831892902958504e-21,4.826401016080404e-21,1.411621860535958e-07,1.4116841020357427e-07,surgery_only,4.831892902958504e-21,4.826401016080404e-21,1.3968166569915446e-10,0.01665418995352508,0.01665418994078598,converged,3,1.0000166648994113,0.05,14,0.0,0.7676038332784076,-0.35616555404494576,0.5328512487065702
schedule,schedule_surgery,schedule_surgery,True,0.4346100860205478,0.04032485127662404,0.4384316843603536,0.4384316843603536,0.012843501382994523,0.19205738632328176,0.9991418503895723,0.03999999999999999,0.0016079196153926244,0.00030815606421032886,0.00030804228756183824,8.628807180426896e-24,8.625923364027084e-24,5.2419959175292726e-08,5.241914098389631e-08,surgery_only,8.628807180426896e-24,8.625923364027084e-24,1.7622906323026398e-12,0.016647786095699755,0.016647786094933593,converged,3,1.000000000014584,0.05,15,0.0,0.8811028784329588,0.46802946841991155,-0.06786850748122841
schedule,schedule_surgery,schedule_surgery,True,0.4253039645162358,0.06264014594361932,0.43080846151711655,0.43080846151711666,0.004871731497013977,0.18557219674696598,0.9998721212921362,0.039999999999999813,0.0016121588073474916,0.0002997689628375843,0.00029998499373453394,3.0150615693381055e-22,3.013680201002393e-22,9.069866530584919e-07,9.068095189694307e-07,surgery_only,3.0150615693381055e-22,3.013680201002393e-22,1.565331359240646e-09,0.015360937164784105,0.015360937907878104,converged,3,1.0000000000061757,0.05,16,0.0,0.8795255313392469,-0.014764254503714207,-0.4756225988232319
schedule,schedule_surgery,schedule_surgery,True,0.4517510696155477,0.046202901539317845,0.46367359961911714,0.46367359961911714,0.07062436934733801,0.21000540543804014,0.9768001900353707,0.04000000000000008,0.0016070691579089626,0.00034734405143617154,0.00034677514627091624,4.2550568735652745e-24,4.248992081683899e-24,4.339399702643527e-07,4.3394436368774113e-07,surgery_only,4.2550568735652745e-24,4.248992081683899e-24,2.124080248808045e-12,0.027853104218150918,0.027853104217256775,converged,3,1.0000289398604052,0.05,17,0.0,-0.6817417244720939,-0.7243799942930023,-0.10247850985394748
schedule,schedule_surgery,schedule_surgery,True,0.47136668921867536,0.044024483665603985,0.47950401483497673,0.47950401483497673,0.029989632037382193,0.229024722213124,0.9960883699064709,0.0399999999999994,0.001610033267728422,0.00036761703818591107,0.0003678095853187888,6.993265025935066e-19,6.993162250427085e-19,1.4849385566118003e-06,1.484591910283109e-06,surgery_only,6.993265025935066e-19,6.993162250427085e-19,1.1700012383385391e-09,0.019118287671179138,0.01911828776397485,converged,3,0.9999999996040138,0.05,18,0.0,-0.04426089372213578,-0.9946784234516757,0.09303659068671079
schedule,schedule_surgery,schedule_surgery,True,0.4589221296600401,0.057029545660618096,0.4671391963308352,0.4671391963308352,0.03605583481766836,0.21691900552421964,0.9940425762507789,0.040000000000000466,0.0016046999314985007,0.00034963493945722787,0.00034957345103853854,2.1191596610139894e-23,2.1189324512038655e-23,2.830940547750981e-08,2.8311556936269943e-08,surgery_only,2.1191596610139894e-23,2.1189324512038655e-23,4.077878809544616e-12,0.019519433111634146,0.019519433111150886,converged,3,1.0000324545870465,0.05,19,0.0,-0.6602917521961409,0.735138579458974,0.1535775731439709
mixed,schedule_surgery,schedule_surgery,True,0.29851369477982825,0.0246142408882676,0.3002797849775165,0.3002797849775165,0.024091681111391882,0.08958754016737056,0.9935630220771703,0.03999999999999957,0.001603573515543122,0.000144083057835058,0.0001442988194656926,0.00063437132355581,0.0006343395423372972,3.239822529413494e-07,3.2405428172113e-07,surgery_plus_theta,3.239822529413494e-07,3.2405428172113e-07,1.5529434214011853e-05,0.0354311933543379,0.0354298642857949,rejected,6,0.9814949707384646,0.0001953125,0,0.05232072038455129,0.0019245418854617286,-0.30097013247329946,-0.9536316246316162
mixed,schedule_surgery,schedule_surgery,True,0.35569366890072723,0.03521159717043314,0.35873162039325396,0.35873162039325396,0.025856054121160234,0.1280198399352533,0.994805004474764,0.04000000000000038,0.00161144097552968,0.0002051300963310269,0.0002051396886830457,0.0009140219672580043,0.0009141145345092366,5.478471445345208e-07,5.475128755739732e-07,surgery_plus_theta,5.478471445345208e-07,5.475128755739732e-07,5.572456478482269e-05,0.020215880071432494,0.020175764067942376,rejected,3,1.0009227472703202,9.765625e-05,1,0.06667176319717674,0.6617095920085037,-0.06457936908850048,-0.7469738422006963
mixed,schedule_surgery,schedule_surgery,True,0.2862213729833251,0.029888250127031772,0.2906359057395339,0.2906359057395338,0.005905149915018892,0.08443435890952032,0.9995871775362387,0.03999999999999963,0.001622174865589845,0.00013517179461194957,0.00013542188408057783,0.0005702737332579146,0.000570262313488489,4.684218288339091e-07,4.684709941052056e-07,surgery_plus_theta,4.684218288339091e-07,4.684709941052056e-07,1.6647155024517795e-05,0.010730866113506472,0.010721895383733198,rejected,3,0.9989840576857529,9.765625e-05,2,0.06004649375119971,-0.2199485400964603,-0.9103970872086535,0.35042800018182757
mixed,schedule_surgery,schedule_surgery,True,0.22565071386449906,0.037665059816563186,0.22632433150872627,0.2263243315087263,0.02020955489039094,0.050814276924004115,0.9920264631757989,0.04000000000000087,0.00160000477273446,8.191281405885318e-05,8.193013324711204e-05,0.0004887919752549504,0.0004887943189104298,2.449293419119914e-07,2.4515488993663796e-07,surgery_plus_theta,2.449293419119914e-07,2.4515488993663796e-07,9.321348011629912e-05,0.010818194668845687,0.010807894339502034,rejected,2,1.078340910637489,9.765625e-05,3,0.06970011190148227,0.8340632352178537,-0.4365082516877392,0.33734117131835634
mixed,schedule_surgery,schedule_surgery,True,0.3202797893303651,0.03085367784424533,0.3234189144187028,0.3234189144187028,0.012701302494498495,0.10443847111871545,0.9984577112576103,0.040000000000000674,0.0016183504132335463,0.0001679247979485825,0.00016814839779428134,0.0010219979078602533,0.0010219979384580838,2.570306994267544e-07,2.572254994443894e-07,surgery_plus_theta,2.570306994267544e-07,2.572254994443894e-07,6.0976001359812416e-05,0.014043270733951929,0.013995829554958168,rejected,4,3.7130660136866114,9.765625e-05,4,0.048398190586833346,-0.0547520689721017,0.9984598092467212,-0.008956576481846678
mixed,schedule_surgery,schedule_surgery,True,0.29927767496315677,0.039533135881982796,0.2992859134847001,0.2992859134847001,0.006238738932701122,0.08953313614690098,0.9995654686926374,0.0400000000000003,0.0016050147153344795,0.0001442904713196304,0.00014429275903923727,0.0006507329691921279,0.0006509061641112066,1.931904836494924e-06,1.93203510673629e-06,surgery_plus_theta,1.931904836494924e-06,1.93203510673629e-06,0.0004572204163413448,0.013679099197470061,0.013871717249179833,rejected,19,0.41978660431470965,2.44140625e-05,5,0.04981094901143918,-0.8539410908400317,-0.3218632557719148,0.40888709683583796
mixed,schedule_surgery,schedule_surgery,True,0.24769151464122408,0.026000851823463775,0.2505460112531129,0.25054601125311293,0.023790313984223127,0.06220732471537707,0.990983762115209,0.04000000000000057,0.0016000339882621488,9.968455447906717e-05,9.973657316340423e-05,0.0004532974148766203,0.00045326625149764884,6.939377332785594e-07,6.939250770281079e-07,surgery_plus_theta,6.939377332785594e-07,6.939250770281079e-07,1.6467136963039373e-05,0.012346589986828234,0.012355320334515939,rejected,4,1.6940717160560865,9.765625e-05,6,0.06875022002357488,0.20695966795403906,-0.3258365307494568,0.9224956645261333
mixed,schedule_surgery,schedule_surgery,True,0.2706915334405977,0.027484147851772944,0.2779090712191704,0.2779090712191704,0.02353103709946201,0.07667974215892567,0.9928307010291649,0.040000000000000466,0.001598925974927715,0.00012230948973289806,0.0001224197562459969,0.0006405048935984897,0.0006405135879030322,2.514622049342635e-07,2.517527545103557e-07,surgery_plus_theta,2.514622049342635e-07,2.517527545103557e-07,0.0003983132595983294,0.03034343668991068,0.030722887681274163,rejected,4,1.0170081722755913,9.765625e-05,7,0.06563978432676255,0.24422840963366932,0.962448710415258,-0.11851144985956073
mixed,schedule_surgery,schedule_surgery,True,0.23996618904551092,0.020715048324565354,0.24064120774566614,0.2406412077456661,0.030255723010266824,0.056992782090418845,0.9841920674572026,0.04000000000000025,0.0016026399235197705,9.236202331921381e-05,9.24147626016501e-05,0.00048428749325473693,0.00048421296650022635,8.499652200754124e-08,8.499686257924134e-08,surgery_plus_theta,8.499652200754124e-08,8.499686257924134e-08,0.0002677086839870028,0.011915691542017848,0.01199284555957061,rejected,2,0.9947778489027181,9.765625e-05,8,0.06978349982486552,-0.26988490409640986,0.737998071037474,-0.618482809531388
mixed,schedule_surgery,schedule_surgery,True,0.25289575105167256,0.03636180869671951,0.2543643151490842,0.25436431514908414,0.004719699879098007,0.06467892925431384,0.9996557163501005,0.039999999999999085,0.0016047927838711545,0.00010382806226876364,0.0001038435785591557,0.0005933719928088598,0.0005933214419256723,7.918402141748423e-07,7.918213805365773e-07,surgery_plus_theta,7.918402141748423e-07,7.918213805365773e-07,1.5886359318350003e-05,0.011645586314486324,0.011633185974924336,rejected,5,1.1006864144467219,9.765625e-05,9,0.038151030115845794,0.17301946640412233,0.9819842463566435,0.07596844182032292
mixed,schedule_surgery,schedule_surgery,True,0.32419867372922007,0.03262348385755856,0.32559427949515524,0.3255942794951553,0.018314720714140777,0.10567620584513232,0.9968359228178745,0.039999999999999925,0.0016014074491831412,0.00016893786350906145,0.00016902285884009858,0.0006952668266996526,0.0006953362724383856,1.1142839676832145e-06,1.1141630527753192e-06,surgery_plus_theta,1.1142839676832145e-06,1.1141630527753192e-06,1.6566465463576408e-05,0.020828852847517745,0.020828391217773037,rejected,4,1.0038605540756942,9.765625e-05,10,0.08788203016570437,0.45976838569763095,-0.8876646216444127,-0.025778886591082822
mixed,schedule_surgery,schedule_surgery,True,0.29349227671193817,0.03457896655838723,0.29861018955439506,0.298610189554395,0.01863245393881525,0.08882087696592963,0.9961065834897265,0.039999999999999966,0.0016214040346808369,0.00014216627745541497,0.0001424093386120988,0.0007211355954912499,0.0007211130237942719,4.633153807359305e-07,4.635047338605889e-07,surgery_plus_theta,4.633153807359305e-07,4.635047338605889e-07,2.9653442350495835e-05,0.013612025921089111,0.013582853420008523,rejected,3,1.0035853113829216,9.765625e-05,11,0.04365600101138738,-0.7657092946162368,-0.6108072614848707,0.2015037604007873
mixed,schedule_surgery,schedule_surgery,True,0.35365772740929335,0.038372360210543445,0.38268065825909237,0.3826806582590924,0.029467115451836806,0.14557617531256042,0.9940707163816824,0.039999999999998925,0.0016300152411081548,0.00023655999772906954,0.00023657395340907308,0.0008287698673293095,0.0008287672470184438,6.39018745363505e-07,6.389237127929074e-07,surgery_plus_theta,6.39018745363505e-07,6.389237127929074e-07,8.556423436617783e-05,0.033854560594200105,0.03377418940452875,rejected,4,0.9939092753678944,9.765625e-05,12,0.05286961299471964,0.10594421724592984,0.851789831723982,0.5130593585578356
mixed,schedule_surgery,schedule_surgery,True,0.30892362947708907,0.024964953309227864,0.31006524107632494,0.310065241076325,0.010613423890144141,0.09602780895704764,0.9988283312350948,0.04000000000000035,0.0016023530614507951,0.00015356529935989615,0.0001536700562264587,0.0008498950442489206,0.0008498272772925813,4.1307486880275415e-07,4.130391011170987e-07,surgery_plus_theta,4.1307486880275415e-07,4.130391011170987e-07,6.454298981424296e-05,0.01316542042793652,0.0131612525196608,rejected,3,0.9972820801246922,9.765625e-05,13,0.06796002379595178,0.31144650732308277,-0.8598769556769396,0.4044906601789606
mixed,schedule_surgery,schedule_surgery,True,0.29722331641247934,0.05298859487729083,0.30402500346184025,0.30402500346184047,0.02177371737523449,0.09195710796163553,0.9948708363157234,0.03999999999999969,0.0016263037804491202,0.00016502927529404862,0.00016460250300415948,0.0004863096597867984,0.0004861154453736103,7.525085236302697e-07,7.524254631315852e-07,surgery_plus_theta,7.525085236302697e-07,7.524254631315852e-07,0.0007286096627071855,0.08550578722947531,0.08595573208328829,rejected,10,0.9428521769518042,9.765625e-05,14,0.03869957096817167,-0.31008207969262236,-0.923771819169921,-0.2247103245536192
mixed,schedule_surgery,schedule_surgery,True,0.3401245458373803,0.04311939166626997,0.34508550198727667,0.3450855019872766,0.03192420442107927,0.11806484885389183,0.9914417151220242,0.03999999999999906,0.001623760940795969,0.00018977551519493513,0.000190002982564108,0.0009695826858666322,0.0009700647686781368,4.1922555924111265e-07,4.194134826861123e-07,surgery_plus_theta,4.1922555924111265e-07,4.194134826861123e-07,8.787254962898248e-05,0.05056327734112807,0.050645591022298785,rejected,8,1.4207740304746133,0.0001953125,15,0.05870055156022364,0.43331524579284864,-0.3540398067907666,0.8287905121145149
mixed,schedule_surgery,schedule_surgery,True,0.6837332620885909,0.052776725916193805,0.6862662612563677,0.6862662612563677,0.01206274900153252,0.47081587142531917,0.9996910364220092,0.03495052437314935,0.001229243794179561,0.0005787597816597624,0.0005784481909705398,0.0033069544888226165,0.0033070114866639486,2.666443376362419e-07,2.663232923399202e-07,surgery_plus_theta,2.666443376362419e-07,2.663232923399202e-07,0.00011458017150885665,0.022967325536924984,0.022941963136942196,rejected,4,0.9954831291108752,9.765625e-05,16,0.0697632319271145,0.9013504012527316,0.36005388397056975,0.24068372358605244
mixed,schedule_surgery,schedule_surgery,True,0.44922624770823244,0.05301663553613706,0.45594234698978836,0.45594234698978836,0.026358501911695444,0.2071886531555277,0.9966578834887339,0.040000000000000535,0.0016015114297463263,0.00033040110071116193,0.00032997410467485106,0.0014421700655408885,0.0014422261408304719,3.8169476500230483e-07,3.8209086316524015e-07,surgery_plus_theta,3.8169476500230483e-07,3.8209086316524015e-07,0.0001772813131298191,0.0194378809309669,0.01936896620570149,rejected,5,26.284661272300383,9.765625e-05,17,0.06367463435547023,-0.3486194658866444,-0.42957257242404634,0.8330257337116893
mixed,schedule_surgery,schedule_surgery,True,0.2881998712839016,0.02698385615584504,0.2898961060521464,0.2898961060521464,0.01724675519264241,0.08374230173952237,0.9964605968423341,0.039999999999999654,0.0016023537394419137,0.00013602299400790918,0.0001359243079750249,0.0006626207190058206,0.0006626784181293243,3.578870574288658e-07,3.5837571270859755e-07,surgery_plus_theta,3.578870574288658e-07,3.5837571270859755e-07,0.0003693471233119752,0.011843612417088464,0.01173377824110655,rejected,4,0.9560794300492892,9.765625e-05,18,0.06083704898162647,0.8952867484125514,-0.37698113229392655,-0.23737494394158348
mixed,schedule_surgery,schedule_surgery,True,0.35365462771769185,0.03374958324407469,0.3547141365454749,0.3547141365454749,0.021096499602335003,0.1253770563697305,0.996462765845999,0.04000000000000054,0.0016270225887870355,0.00020255009876244583,0.00020244677880094803,0.0006746517841760475,0.0006746493579539763,6.277216955682479e-08,6.274531618919626e-08,surgery_plus_theta,6.277216955682479e-08,6.274531618919626e-08,5.244326348389958e-05,0.012904369481676274,0.01291939496017137,rejected,4,0.9341689134718019,9.765625e-05,19,0.05617795989668302,0.20716504006813924,0.8392399911360421,-0.5027513137243327
