mode,delta_alpha,trials,median_support_mismatch,median_e_theta,median_e_aug,median_arch_gain,success_rate_function,success_rate_alpha,median_alpha_error,max_alpha_error,median_test_mse,median_rho,median_final_radius
axis,0.02,15,0.45619169129859405,0.4787481559364317,0.02786907203665791,0.2280146713110415,1.0,1.0,3.8224317819717435e-10,3.0525443881902254e-07,3.1214884205677915e-20,1.0000293230341635,0.05
axis,0.05,15,0.44658635601376295,0.46689441936107656,0.06661176607340337,0.2151816142628001,1.0,1.0,1.6497252393070034e-10,3.653339386433032e-07,1.537604613312023e-20,1.0000132504977124,0.1
axis,0.1,15,0.44637594284413823,0.461326975807377,0.14501622279526985,0.19780517742151763,1.0,1.0,4.967762760569723e-10,2.7373055987074137e-07,9.554582441414414e-21,1.0097527378331634,0.1
axis,0.2,15,0.451963694004397,0.4682785246074087,0.27479889928562584,0.15943339276124224,0.9333333333333333,0.9333333333333333,7.889292124282815e-10,0.14803974847167833,7.307407140690127e-19,1.0206641609604863,0.2
axis,0.4,15,0.48218137456239446,0.49359807332133465,0.43090893065520824,0.07398264860635581,0.8,0.8,2.0359933711555598e-09,0.49940369491453923,1.5136824662810198e-18,1.0741999573963228,0.3
axis,0.7,15,0.575361640953852,0.5808790591963027,0.427842810711397,0.13727476979074596,0.06666666666666667,0.06666666666666667,0.7000000000000002,1.1749770988095911,0.11588726389696193,0.8885209398498699,9.765625e-05
random,0.02,15,0.4633250857025181,0.4683092772262561,0.01379622746945721,0.2189808976607571,1.0,1.0,7.192188637505695e-11,9.046983357985339e-08,4.534689563271607e-22,1.000002111717971,0.05
random,0.05,15,0.4566904304866366,0.47818675637643254,0.049245388499481214,0.22120732946443364,1.0,1.0,1.8761068358529276e-09,1.409842621293845e-06,5.494419769336789e-18,1.0000203755744397,0.1
random,0.1,15,0.45123844401346375,0.4640767991489053,0.11210490393059126,0.19229059768728227,1.0,1.0,1.2950838610742846e-09,1.9539694137110206e-07,4.377487198666597e-19,1.005127491737473,0.1
random,0.2,15,0.4493876531692696,0.44967288174752085,0.20063065872960104,0.17936715294545302,1.0,1.0,1.6215224201966e-10,3.375054490383359e-07,4.6982971007829115e-20,1.0148879011818392,0.2
random,0.4,15,0.3876758897998363,0.39923234794432033,0.3245255760768028,0.06518227140582028,0.5333333333333333,0.5333333333333333,2.9168902663663187e-07,1.6556637168234825,3.34910766618852e-14,1.2980129055793967,0.2
random,0.7,15,0.5599204998967547,0.5654763075950864,0.34048533051710156,0.14563992017079927,0.0,0.0,0.814996041416061,1.3001272794969068,0.36580999195825453,1.0189505049841745,9.765625e-05
