mode,delta_alpha,trial,support_delta_residual,e_theta,e_aug,architecture_gain,relative_architecture_gain,alpha_error,test_mse,success_function,success_alpha,accepted_steps,status,median_rho,final_radius,dir_1,dir_2,dir_3
axis,0.02,0,0.47180696432997976,0.49268842704300453,0.031078225517849136,0.24177603004077172,0.9960210571126038,3.1401497270210244e-09,2.1286785711714994e-18,True,True,2,converged,1.0018878700651621,0.05,0.0,0.0,1.0
axis,0.02,1,0.42480971074909984,0.43709164222446695,0.023270761906446693,0.19050757534277488,0.9971655016997628,5.13832949607827e-13,3.627083840852332e-25,True,True,3,converged,1.0000040245293083,0.05,0.0,0.0,1.0
axis,0.02,2,0.46225739264793697,0.4838545018835996,0.02786907203665791,0.23333849381684182,0.996682465530321,1.1084007458689029e-07,5.6719842780151206e-15,True,True,2,converged,1.0015136479213878,0.05,0.0,0.0,1.0
axis,0.02,3,0.45619169129859405,0.47880065524329213,0.03514820266193386,0.2280146713110415,0.9946111416060003,3.750858872045222e-08,6.772427241938027e-15,True,True,2,converged,1.0025530125082185,0.05,0.0,0.0,1.0
axis,0.02,4,0.4369888473020465,0.4643779397203472,0.02339401277263769,0.21509959106530807,0.9974621480417266,4.156402375307033e-12,2.1405975133635453e-23,True,True,3,converged,1.0000178795663346,0.05,0.0,0.0,1.0
axis,0.02,5,0.4736106854151198,0.4787481559364317,0.010303679289734677,0.22909363100562824,0.9995367979885579,3.0525443881902254e-07,3.917942418821271e-15,True,True,2,converged,0.9984279004354768,0.05,0.0,0.0,1.0
axis,0.02,6,0.4664731344285316,0.5024641476760373,0.029467927012688296,0.2516018609773815,0.9965605498998747,8.769261138109735e-13,5.801842976546228e-25,True,True,3,converged,1.0000047017419313,0.05,0.0,0.0,1.0
axis,0.02,7,0.4711246200313946,0.4979695863105399,0.02998301501674452,0.24707472770079592,0.996374691520656,8.767331239320327e-08,1.78754739767635e-15,True,True,2,converged,1.0015705895580274,0.05,0.0,0.0,1.0
axis,0.02,8,0.42811093287370555,0.4293854309996942,0.025444650450150146,0.1837244181182628,0.9964884539461553,1.8120557369642436e-11,3.303225189586867e-23,True,True,3,converged,1.0000321910087442,0.05,0.0,0.0,1.0
axis,0.02,9,0.5059013827093622,0.5138726242308024,0.03033460315921717,0.26314488578502426,0.9965152977820245,1.6002768233154137e-12,2.7671917360873725e-24,True,True,3,converged,1.0000029417996457,0.05,0.0,0.0,1.0
axis,0.02,10,0.557158402096014,0.5811155701153524,0.04266462463424612,0.33587503563530996,0.9946097260940464,3.3064862579234486e-11,1.1132736788806e-21,True,True,3,converged,1.0000293230341635,0.05,0.0,0.0,1.0
axis,0.02,11,0.4313811880669204,0.4424124988079055,0.01334098458410877,0.19555083723178154,0.9990906711107209,3.8224317819717435e-10,3.1214884205677915e-20,True,True,3,converged,0.9999746762942332,0.05,0.0,0.0,1.0
axis,0.02,12,0.4561134070248817,0.47133149984781453,0.02709592270968999,0.22141919372130087,0.9966951256001367,3.8627039335335965e-08,2.685276337878177e-16,True,True,2,converged,1.0015301840550708,0.05,0.0,0.0,1.0
axis,0.02,13,0.4394259646641434,0.4467091310402762,0.034034732853159236,0.19839068471437274,0.9941950961258933,1.9793026998651748e-08,1.435658518536701e-15,True,True,2,converged,1.0028832262560432,0.05,0.0,0.0,1.0
axis,0.02,14,0.44886592299949235,0.4500144076908472,0.026772475459545225,0.2017962016871121,0.9964606442126042,1.4008195798694419e-12,5.108685727505143e-25,True,True,3,converged,1.0000019959903284,0.05,0.0,0.0,1.0
axis,0.05,0,0.44497387232478985,0.4511098183416724,0.0562424876649061,0.20033685078551955,0.9844559392699459,6.092106532330193e-08,2.6233130713204852e-17,True,True,3,converged,1.0022812439634414,0.1,0.0,0.0,1.0
axis,0.05,1,0.44249209017598545,0.4442049950524618,0.06661176607340337,0.1928809502501398,0.9775128187304357,2.0445659262512417e-11,4.972872039834015e-22,True,True,3,converged,1.0005124234160985,0.1,0.0,0.0,1.0
axis,0.05,2,0.44658635601376295,0.48019900860996195,0.06778916076656018,0.22599571755255576,0.9800713446478666,6.986912146802295e-13,2.2916140738579183e-25,True,True,3,converged,1.0000006281327376,0.1,0.0,0.0,1.0
axis,0.05,3,0.4645034187320672,0.4654505790683083,0.03824431058632619,0.2151816142628001,0.9932487137358235,1.2797450176656288e-08,4.479140551658481e-16,True,True,3,converged,0.9998842903278418,0.1,0.0,0.0,1.0
axis,0.05,4,0.4547003094381433,0.4910066953218934,0.07601681909604803,0.23530901806544538,0.9760312957270636,3.653339386433032e-07,2.0145742030041913e-16,True,True,2,converged,1.011208650966766,0.1,0.0,0.0,1.0
axis,0.05,5,0.4640734993362631,0.46689441936107656,0.05970391178199775,0.21442584174844426,0.983648100553071,4.406818946942761e-08,4.686569725611474e-15,True,True,3,converged,0.9999999200421421,0.1,0.0,0.0,1.0
axis,0.05,6,0.45423063519463003,0.47499698708955995,0.08178122983593217,0.21893396819068203,0.9703567672022437,2.7789538628936352e-11,2.2901814933124496e-22,True,True,3,converged,1.0000132504977124,0.1,0.0,0.0,1.0
axis,0.05,7,0.48427781641318557,0.5076149171274034,0.06364510508629712,0.2536222046888148,0.9842796842929713,1.1579161517166388e-11,5.116625933360714e-22,True,True,3,converged,0.9999999999835446,0.1,0.0,0.0,1.0
axis,0.05,8,0.4373958158593138,0.44001782707298087,0.06575586481958055,0.18929185438385676,0.9776679575933993,1.0812345776138484e-10,5.248813904351859e-21,True,True,3,converged,1.0002386040348923,0.1,0.0,0.0,1.0
axis,0.05,9,0.4426867917670252,0.47383057133621914,0.06777176938891996,0.2199223976067029,0.9795425502450074,1.6497252393070034e-10,1.537604613312023e-20,True,True,3,converged,1.000149022456777,0.1,0.0,0.0,1.0
axis,0.05,10,0.46350038578067193,0.4697892015004789,0.026785410668199162,0.2199844356217935,0.9967491976975821,1.3087289082032684e-09,2.2525422426389593e-18,True,True,3,converged,0.9999780479210817,0.1,0.0,0.0,1.0
axis,0.05,11,0.42860797412202956,0.4438641106507529,0.07521449478701811,0.1913581284977174,0.9712853832825085,7.117542053080379e-13,1.9342118725020834e-24,True,True,3,converged,1.0000069314087687,0.1,0.0,0.0,1.0
axis,0.05,12,0.435808038735361,0.4468066731129394,0.06594792190179154,0.19528707473508833,0.9782147309215609,5.833874860240227e-08,1.6275446422368755e-17,True,True,3,converged,1.0063294123240016,0.05,0.0,0.0,1.0
axis,0.05,13,0.4920286867116559,0.5227432938105038,0.06962215039225748,0.2684133073986126,0.982261457778912,1.0844753144866579e-08,1.0657708520429848e-16,True,True,3,converged,1.0005783850782841,0.1,0.0,0.0,1.0
axis,0.05,14,0.43441159270586577,0.43546477946921613,0.06706488827631252,0.18513187491865876,0.9762816572284095,4.387640881346702e-11,1.9046335617245087e-21,True,True,3,converged,1.0000000002528053,0.1,0.0,0.0,1.0
axis,0.1,0,0.4286999266532169,0.4505835081908946,0.09676449293672708,0.19366213076031208,0.9538808317561516,6.558725886296387e-09,3.017687255164588e-17,True,True,4,converged,1.0015853585889292,0.1,0.0,0.0,1.0
axis,0.1,1,0.47698411769641047,0.5024403442693339,0.1463651210856419,0.23102355087907217,0.9151393832722229,7.749461196208566e-12,1.0808095807880238e-24,True,True,4,converged,1.0092345136265712,0.1,0.0,0.0,1.0
axis,0.1,2,0.4854983760586762,0.5128192563805619,0.14759478881973936,0.241199368027969,0.9171650911360089,6.076265117857443e-13,8.426438719455816e-26,True,True,4,converged,1.0097527378331634,0.1,0.0,0.0,1.0
axis,0.1,3,0.47381461785157303,0.49264055705763743,0.08321538525903961,0.23576991811424894,0.971467033202014,1.3621430137495232e-08,7.915729552316966e-17,True,True,4,converged,0.9999394934906697,0.1,0.0,0.0,1.0
axis,0.1,4,0.434145603732177,0.43494317697352836,0.046097986723105944,0.18705054281590236,0.9887669194736765,4.030546667910382e-09,1.7281816193710297e-17,True,True,4,converged,0.998234253387237,0.1,0.0,0.0,1.0
axis,0.1,5,0.46917075497236754,0.4875028761914238,0.15999893404107224,0.2120593954006313,0.8922841001356808,9.41730933532552e-14,5.819227403571998e-27,True,True,4,converged,1.0133626195048135,0.1,0.0,0.0,1.0
axis,0.1,6,0.4374316878367567,0.47610465245487577,0.1518516220836367,0.20361672495974642,0.8982735192879135,4.967762760569723e-10,1.775755440539492e-21,True,True,5,converged,1.0229612739427987,0.1,0.0,0.0,1.0
axis,0.1,7,0.4479886399960686,0.4515074388182897,0.07780610443104052,0.19780517742151763,0.9703040294637608,1.3640666900836697e-08,1.2167306285923552e-18,True,True,4,converged,0.9950294041305222,0.1,0.0,0.0,1.0
axis,0.1,8,0.42404243118344603,0.44523059713003277,0.14694164840462504,0.1766384365848971,0.8910769457998013,6.979592829612147e-13,7.605776435288494e-26,True,True,4,converged,1.0185745685529377,0.1,0.0,0.0,1.0
axis,0.1,9,0.44312538692184394,0.44801082824878335,0.14268231494349054,0.18035545923052743,0.8985707364687477,1.785471659717156e-09,1.5824268191859628e-17,True,True,4,converged,1.0076370896583235,0.1,0.0,0.0,1.0
axis,0.1,10,0.465315439649708,0.48711751096503386,0.13892958828320628,0.21798203898822868,0.9186566576166204,8.542255367934709e-14,5.853269675835917e-27,True,True,4,converged,1.0105353028548927,0.1,0.0,0.0,1.0
axis,0.1,11,0.43707417672075044,0.4428647330600537,0.05530409393468566,0.1930706289824161,0.9844054671824287,1.1169375501152935e-10,9.554582441414414e-21,True,True,5,converged,0.9944155701199302,0.1,0.0,0.0,1.0
axis,0.1,12,0.4400894682197601,0.4580057236869966,0.14501622279526985,0.18873953805624213,0.8997483874181689,5.951232960483133e-13,1.4105603753429038e-24,True,True,4,converged,1.0129846598825847,0.1,0.0,0.0,1.0
axis,0.1,13,0.45535570962049654,0.4744487573941578,0.15838246257296354,0.20001661894218423,0.8885614236246694,2.7984388418795442e-08,3.5827934803809607e-16,True,True,3,converged,1.0283500474955134,0.1,0.0,0.0,1.0
axis,0.1,14,0.44637594284413823,0.461326975807377,0.14545158655408955,0.19166641457647843,0.9005924833280435,2.7373055987074137e-07,3.510257167335435e-15,True,True,3,converged,1.0265723422563624,0.1,0.0,0.0,1.0
axis,0.2,0,0.42637157647205093,0.4349577865289613,0.2424749992517497,0.13039415080003744,0.6892295522434259,2.6409888487610316e-09,1.6027469788587944e-17,True,True,5,converged,1.0114307543145529,0.2,0.0,0.0,1.0
axis,0.2,1,0.4116772326103553,0.42002977504125466,0.20748979861720787,0.1333729953909975,0.7559755498305597,6.652635121951989e-08,1.0998350344368525e-14,True,True,5,converged,1.0277610979312324,0.2,0.0,0.0,1.0
axis,0.2,2,0.46790092492402235,0.4847141712492361,0.27479889928562584,0.15943339276124224,0.6785906226393685,3.816299667898301e-12,1.5084281651659598e-23,True,True,5,converged,1.0185267953199681,0.2,0.0,0.0,1.0
axis,0.2,3,0.4373697239035671,0.44053235030444315,0.28093503499928774,0.11514425777470559,0.593316836363286,3.898373360609411e-11,3.437799429236339e-22,True,True,5,converged,1.0343224861627018,0.2,0.0,0.0,1.0
axis,0.2,4,0.4418830293476296,0.46081061508185317,0.2956112683524653,0.12496040099516258,0.5884742452740619,5.593706038374637e-10,1.8208357978199571e-19,True,True,5,converged,1.0170048243795151,0.2,0.0,0.0,1.0
axis,0.2,5,0.44303635709986366,0.4447771296187655,0.16034008865701224,0.17211775100136956,0.8700430999648866,4.021330282760029e-08,1.1556037162900483e-15,True,True,5,converged,1.0002628916983343,0.2,0.0,0.0,1.0
axis,0.2,6,0.451963694004397,0.4728811674549819,0.3014619980322464,0.1327372622759925,0.5935930657493464,1.0677602362874797e-12,2.3933964953915864e-24,True,True,6,converged,1.0150217208580774,0.2,0.0,0.0,1.0
axis,0.2,7,0.4975492117538987,0.5056238696403403,0.27325779906042974,0.1809856728027217,0.7079279520178299,0.14803974847167833,0.0004950625509622244,False,False,3,rejected,1.1027679511584458,0.0001953125,0.0,0.0,1.0
axis,0.2,8,0.4837384825827774,0.5069712757129848,0.2922970106625272,0.17158233195580175,0.6675839071108918,1.0629177722015169e-09,6.644672337203307e-21,True,True,7,converged,1.025564295280773,0.3,0.0,0.0,1.0
axis,0.2,9,0.46401194189464395,0.4737857440244671,0.2512424641237102,0.16135015546186404,0.7187956007433486,3.974279185746558e-10,7.307407140690127e-19,True,True,5,converged,1.0234991331865209,0.2,0.0,0.0,1.0
axis,0.2,10,0.4558496781999343,0.4682785246074087,0.2814776478210805,0.14005511038560328,0.6386905308782838,1.6701198434496656e-07,3.0226829330485417e-14,True,True,4,converged,1.1176447422806302,0.2,0.0,0.0,1.0
axis,0.2,11,0.4778099660830912,0.506337432410071,0.24941298666527442,0.19417075754233087,0.7573624255045747,2.354598656440541e-09,1.144864022360595e-17,True,True,5,converged,1.0311941994765277,0.2,0.0,0.0,1.0
axis,0.2,12,0.4352632031822382,0.4526032604267715,0.2776344539151829,0.12776882134816214,0.6237198017356193,2.658517133953368e-10,1.3713176908007402e-20,True,True,5,converged,1.0159383217729978,0.2,0.0,0.0,1.0
axis,0.2,13,0.48228859990650186,0.489476625389367,0.2757455806077392,0.1635517415778635,0.682639254984767,1.214311103706173e-10,4.665425201126116e-20,True,True,5,converged,1.0206641609604863,0.2,0.0,0.0,1.0
axis,0.2,14,0.423763225284379,0.42524405443146157,0.1292820173589701,0.1641186658169028,0.9075728120021649,7.889292124282815e-10,8.90765153945759e-19,True,True,5,converged,1.001287615955721,0.2,0.0,0.0,1.0
axis,0.4,0,0.4682935564969172,0.5280648172123509,0.4441678768668791,0.08156734833708251,0.29251078121295726,0.4232479612348061,0.15340139111176188,False,False,1,rejected,0.9177895276801236,0.0001953125,0.0,0.0,1.0
axis,0.4,1,0.46019614797161923,0.4807301069987141,0.4471584499976419,0.03115075637070147,0.13479256961878186,2.0359933711555598e-09,1.5136824662810198e-18,True,True,6,converged,1.6953990423995036,0.2,0.0,0.0,1.0
axis,0.4,2,0.49297282389810826,0.49427935960736846,0.3170451191681417,0.14379447774552911,0.5885688280586835,0.49940369491453923,0.0004725294526175081,False,False,2,rejected,0.4156561873250235,4.8828125e-05,0.0,0.0,1.0
axis,0.4,3,0.5140119061375825,0.5424494180257027,0.4465832708270813,0.09481475333380926,0.3222236585476941,0.40000000000000036,0.02641808374743777,False,False,0,rejected,,9.765625e-05,0.0,0.0,1.0
axis,0.4,4,0.46110224762053276,0.5062512387226638,0.39783934045317937,0.09801417589601072,0.382434175254436,1.5624881103096317e-07,1.4281188615075647e-14,True,True,9,converged,1.2405338419206193,0.3,0.0,0.0,1.0
axis,0.4,5,0.48218137456239446,0.4832376358459254,0.3994195339384434,0.07398264860635581,0.31681692414834384,1.7122531153925254e-11,9.495711743347083e-23,True,True,8,converged,1.0063189778680797,0.3,0.0,0.0,1.0
axis,0.4,6,0.5034407817123857,0.5641868367556091,0.5269900651866032,0.04058825796292004,0.12751301464541112,1.5685640985781662e-10,4.2825293380374556e-20,True,True,7,converged,1.0904469594461994,0.3,0.0,0.0,1.0
axis,0.4,7,0.48549366102948754,0.49359807332133465,0.4415202332063445,0.048698941655948846,0.19988150528245976,8.881399576886521e-12,2.591308028083044e-22,True,True,7,converged,0.999999999971775,0.3,0.0,0.0,1.0
axis,0.4,8,0.4609575765159915,0.4671555009345252,0.2862628194137711,0.13628786027466586,0.6245025826482069,3.958239398572974e-07,5.4845167488258806e-14,True,True,6,converged,1.1991657423279651,0.3,0.0,0.0,1.0
axis,0.4,9,0.4831212643266024,0.4869602257750446,0.4142489423920877,0.06552807521391923,0.2763378862024496,5.558521622524486e-10,1.0223262097625617e-20,True,True,6,converged,1.3633598374650688,0.3,0.0,0.0,1.0
axis,0.4,10,0.4701158103262906,0.492244664168741,0.45742418779782357,0.03306792182009807,0.13647241217220224,5.769825768597106e-11,2.72550969152664e-22,True,True,6,converged,1.3377561109333909,0.3,0.0,0.0,1.0
axis,0.4,11,0.5472068040575454,0.5523171261212436,0.09958504226365776,0.2951370271641752,0.9674904315729538,1.1039836582478146e-05,3.850725240335367e-14,True,True,6,converged,1.0012793678984304,0.3,0.0,0.0,1.0
axis,0.4,12,0.5167481985761947,0.5356299721223632,0.4677362539089371,0.06812226381503789,0.23744297791440855,2.1506412034743018e-10,2.427644999462372e-20,True,True,8,converged,1.6777958284026537,0.2,0.0,0.0,1.0
axis,0.4,13,0.4793423304138305,0.48436240406839315,0.43090893065520824,0.04892443195649829,0.2085378730677644,1.357715631878882e-10,4.3796842014787896e-20,True,True,7,converged,1.0579529553464462,0.3,0.0,0.0,1.0
axis,0.4,14,0.4810536012220254,0.481224429114284,0.17714264571883243,0.20019743424410075,0.8644963724892931,9.185107196937632e-09,7.880717507774098e-18,True,True,17,converged,1.0420043844676963,0.2,0.0,0.0,1.0
axis,0.7,0,0.5689768270385915,0.5694078259495637,0.4990191187638602,0.07520519136074907,0.23195351441375492,0.6862373426413974,0.5033668174490339,False,False,1,rejected,0.820805569009816,0.0001953125,0.0,0.0,1.0
axis,0.7,1,0.575361640953852,0.5789191694921448,0.4066980557182054,0.16974409628050624,0.5064759381891338,1.026787249653968,0.000901610038771893,False,False,6,rejected,1.1741930273954269,4.8828125e-05,0.0,0.0,1.0
axis,0.7,2,0.579326336302167,0.5808790591963027,0.26792614644931945,0.2656360614615995,0.7872552974537279,0.7061948839969785,0.19968949158511473,False,False,3,rejected,1.4815634253655672,0.0005859375,0.0,0.0,1.0
axis,0.7,3,0.564378430019124,0.5659901187015199,0.49210765547645213,0.07817486988923014,0.2440335112622765,0.7000000000000002,0.034500048628632894,False,False,0,rejected,,9.765625e-05,0.0,0.0,1.0
axis,0.7,4,0.5858574578465789,0.5978568397792081,0.511571953659271,0.0957269371000184,0.267817997863675,0.7000000000000002,0.22703582671709754,False,False,0,rejected,,9.765625e-05,0.0,0.0,1.0
axis,0.7,5,0.5671849471092875,0.5811136729137746,0.5173638234450408,0.070027775037666,0.20737105632881675,0.7000000000000002,0.11588726389696193,False,False,0,rejected,,9.765625e-05,0.0,0.0,1.0
axis,0.7,6,0.5903307376984716,0.5926508925389993,0.3845915976692287,0.2033243834295026,0.5788840430806667,1.1749770988095911,0.00012720101069547472,False,False,7,rejected,0.5991651890348498,2.44140625e-05,0.0,0.0,1.0
axis,0.7,7,0.5955886030555962,0.599884409215118,0.3874899257252083,0.2097128618808437,0.5827602448649241,0.7423219332850373,0.2193633449845633,False,False,1,rejected,0.1378067580374135,4.8828125e-05,0.0,0.0,1.0
axis,0.7,8,0.5554188069097136,0.5559762951558345,0.36956022765206353,0.17253487891296257,0.5581672525006567,1.9006396663581614e-08,5.169784691682197e-16,True,True,22,converged,1.8905954117056651,0.3,0.0,0.0,1.0
axis,0.7,9,0.5962127656270936,0.6026953129536329,0.427842810711397,0.18019216957884918,0.496066941696768,1.0459136088384133,0.009793782324923284,False,False,5,trust_region_exhausted,0.7936654090741353,1e-05,0.0,0.0,1.0
axis,0.7,10,0.5998872148114109,0.6020042680161295,0.1764776111939162,0.33126479145692483,0.9140630190408525,0.6819400515055667,0.20103457427203256,False,False,3,rejected,3.115265387678476,0.0005859375,0.0,0.0,1.0
axis,0.7,11,0.5561858946544418,0.5583525422532091,0.417711373618047,0.13727476979074596,0.44032538988438225,0.9275753698077754,0.0018304332823971235,False,False,4,rejected,0.9562363106899239,0.000390625,0.0,0.0,1.0
axis,0.7,12,0.5738064268223373,0.5972962589581695,0.5527160136570474,0.05126782921248735,0.1437028361692877,0.7019250956025711,0.5368081452547059,False,False,1,trust_region_exhausted,0.10369016087005917,1e-05,0.0,0.0,1.0
axis,0.7,13,0.5619721266007575,0.5739891498902717,0.5305321056972577,0.04799922901619058,0.14568904469823135,0.7000000000000002,0.11749930935968785,False,False,0,rejected,,9.765625e-05,0.0,0.0,1.0
axis,0.7,14,0.5768330642427085,0.5796130669134139,0.5057965072978106,0.08012120054210947,0.23849051571569616,0.7000000000000002,0.008089212489208306,False,False,0,rejected,,9.765625e-05,0.0,0.0,1.0
random,0.02,0,0.4425387374492975,0.4683092772262561,0.018239557983166687,0.2189808976607571,0.9984830785365337,9.103120596283782e-12,9.076250522454708e-23,True,True,3,converged,1.000002111717971,0.05,-0.6880839494978311,-0.7170058107940139,0.11154884908005518
random,0.02,1,0.4501252166239291,0.4613201668575824,0.033504486918685364,0.21169374570582333,0.9947252599404287,1.7733580938558973e-13,1.5003102905274846e-26,True,True,3,converged,1.0000024901118656,0.05,0.6153951519795646,0.29854007645175096,-0.7294947770013375
random,0.02,2,0.44500141331760595,0.44831360140741794,0.010456160198530842,0.20087575392079188,0.9994560228885403,2.1380093773384389e-13,9.975509611228683e-26,True,True,3,converged,0.9999999999999135,0.05,0.799593191627597,-0.1656173919047733,-0.5772535035852565
random,0.02,3,0.5179947361537188,0.5184047373670666,0.016783765816434287,0.2684617769296364,0.9989518078590963,3.5095016077234828e-12,1.7488088476263738e-23,True,True,3,converged,0.9999996269183277,0.05,-0.27904555075544657,-0.22178785297220074,0.9343145770443545
random,0.02,4,0.48266834453965657,0.48520183864964117,0.026235341512703042,0.23473253108470427,0.9970763285425478,4.645148561018509e-10,4.3747059149985567e-20,True,True,3,converged,0.9999999998209512,0.05,0.5109485616767272,0.6894200195666256,-0.5134506830662876
random,0.02,5,0.44382020189286886,0.45896582052641594,0.0108265923762233,0.21053240930900535,0.999443554182409,8.10471875768275e-08,2.5574314705277074e-14,True,True,2,converged,1.0001160103676878,0.05,-0.4888082760675994,0.7759301485918342,0.3987466285175034
random,0.02,6,0.4235618193985215,0.43215958018592193,0.04045615997654187,0.18512520186642473,0.9912364306853879,1.6498613069819364e-08,1.2693111203431666e-17,True,True,3,converged,0.9999999436884411,0.05,-0.5746849564135987,-0.7735646987646415,-0.2670858620314253
random,0.02,7,0.46758305096823194,0.4748755337430372,0.012793524859081236,0.22534309826941454,0.9992741935132556,7.192188637505695e-11,2.4645288119118236e-23,True,True,4,converged,0.9984309127546037,0.05,-0.2809234827839236,-0.9429369037498652,0.17875120242160103
random,0.02,8,0.5251689992336673,0.5474051356557303,0.03000731428607905,0.298751943631605,0.9969950550600527,1.559754962763499e-09,3.056873217264153e-19,True,True,3,converged,1.0000046427100753,0.05,-0.06653127059542657,0.9143491213006203,-0.39942367782811994
random,0.02,9,0.40513926233536596,0.40981816200691334,0.012540445105472265,0.1677936631472813,0.9990636386040114,3.8565181458893514e-11,4.534689563271607e-22,True,True,3,converged,1.000012616407997,0.05,0.9884539245993595,0.05322103572357708,-0.14186740393985198
random,0.02,10,0.49004319258350704,0.49890072981264266,0.034476450554127715,0.24771331256477624,0.9952245223505657,6.841742859947349e-08,1.2870971495976166e-14,True,True,2,converged,1.0023392638362059,0.05,-0.5051179716574496,0.16997934828965403,-0.846145883322544
random,0.02,11,0.4788568294979469,0.4812125661516724,0.004936660973302346,0.23154116320071236,0.9998947571291674,1.2132623782971026e-09,1.124815800879472e-19,True,True,3,converged,0.9999156367511033,0.05,0.9849964655032482,-0.01253312036487915,-0.17211880733966212
random,0.02,12,0.41374895658325733,0.41509445865879835,0.008521077909520851,0.17223080084050071,0.9995785993503855,9.046983357985339e-08,4.64026449400597e-15,True,True,2,converged,1.0001775413816962,0.05,-0.5284849956772375,0.15897117603863,-0.8339255209747003
random,0.02,13,0.4924004009783648,0.5101799254318067,0.01379622746945721,0.26009322042121485,0.9992687363923994,1.5150570712128177e-12,4.395708790911428e-24,True,True,3,converged,1.0000000000603462,0.05,-0.4785816962479266,-0.6277073548274985,0.613956868771677
random,0.02,14,0.4633250857025181,0.46689357903315365,0.009928654381536759,0.21789103596455967,0.9995477849795008,2.0912323098354333e-13,4.131969500755275e-26,True,True,3,converged,1.0000033114330567,0.05,-0.9402621538880692,0.32923674534062386,0.08666168405519276
random,0.05,0,0.48236998078620913,0.5024143452809146,0.061162429977376455,0.24867933150331253,0.9851800956462431,5.01432619302964e-13,3.7633105474726715e-26,True,True,3,converged,1.0000028031314458,0.1,0.1587922025851392,0.7554911988341794,-0.6356241695233549
random,0.05,1,0.4563373453401495,0.4567721116734033,0.06209339337473904,0.20478517250178993,0.981520439899743,3.0986430377056383e-10,2.2929453959577876e-20,True,True,4,converged,1.0000261431031148,0.1,-0.29808937248872164,-0.6178551335986499,0.7275972511596474
random,0.05,2,0.48044064618090926,0.5080810690006851,0.1100394100189058,0.24603770091957003,0.9530937753192246,3.386471418625425e-13,3.093426880905599e-25,True,True,3,converged,1.0000203755744397,0.1,-0.08632219701457891,0.2648793215774103,0.9604100287394272
random,0.05,3,0.46236421117277177,0.47818675637643254,0.08634375779047387,0.22120732946443364,0.9673963063573587,1.2656149126262474e-08,1.1272510641837351e-16,True,True,3,converged,1.0001104952109237,0.1,-0.34830844609094225,-0.6653431526983777,-0.6603027453669237
random,0.05,4,0.4870157085604773,0.49925791863407026,0.06303819627164657,0.2452846551296413,0.9840574557003327,1.6338760795098348e-10,3.2609405838270337e-21,True,True,4,converged,1.0000292876246153,0.1,-0.3892850823548473,-0.8487447044286859,0.35789600634855157
random,0.05,5,0.5283756170518401,0.5634738734202797,0.05636158288833562,0.3143261780015746,0.9899949607834141,2.6729657226377777e-09,9.808695339834192e-18,True,True,3,converged,1.0003515340117566,0.1,-0.13913606578399595,-0.9716540160670027,0.1911272567139927
random,0.05,6,0.4566904304866366,0.4618577204488636,0.04548634912612917,0.21124354598139652,0.9903005804458029,1.5453463743426118e-09,1.5584223228965665e-18,True,True,3,converged,1.0000000006836074,0.1,0.9181899032414884,0.0899458119847409,0.38579405450549864
random,0.05,7,0.44006884523665113,0.44121331238892136,0.03363396596204156,0.19353794336286814,0.9941888920193309,1.409842621293845e-06,2.746911469888995e-14,True,True,3,converged,0.9999988400733884,0.1,-0.2901303817341396,-0.9533951253144807,-0.08283777291422086
random,0.05,8,0.45480490713076205,0.4837186647511035,0.03955958091268296,0.23241878618660333,0.993311670299599,5.715069803338296e-10,1.2708032148532176e-19,True,True,3,converged,1.0000000035997818,0.1,-0.860831074123676,-0.36905000318238435,0.3503882945735491
random,0.05,9,0.4266999785910878,0.4274402915683947,0.04184420382281947,0.18095426546250862,0.9904165980705817,1.5580001091747302e-09,1.4269996785549433e-18,True,True,3,converged,1.0002680157339665,0.1,-0.16044401694798768,0.9079545699583996,-0.38713849759130325
random,0.05,10,0.5116232130212052,0.526708092172792,0.012715629923591279,0.27725972711594865,0.9994171782134175,1.8761068358529276e-09,5.51711692814095e-18,True,True,3,converged,1.0000000148878943,0.1,0.027621919833956416,0.8950652180473988,-0.4450789648887585
random,0.05,11,0.4140521593363979,0.4194791629543976,0.004572118525319802,0.17594186388511246,0.9998812006197163,4.204323797544943e-09,5.494419769336789e-18,True,True,3,converged,0.9999872669688993,0.1,0.4136761784481552,-0.1531071102372551,-0.8974576492399667
random,0.05,12,0.38267654960838854,0.38354656310637986,0.05815110206185846,0.14372641539970754,0.977013136940639,3.055886916191459e-08,3.8432218968224496e-16,True,True,3,converged,1.0000297443785915,0.1,-0.2616654468309974,0.9646708769151654,0.030680501404968266
random,0.05,13,0.4927685504080367,0.5070604876327088,0.041345441250356024,0.2554008926061338,0.9933513155297552,1.9877192506808246e-08,1.6496886315403176e-17,True,True,3,converged,1.000648703185031,0.1,0.6912815326902728,-0.25019287006636154,0.6778889070705788
random,0.05,14,0.42672055975452056,0.4308646479567216,0.049245388499481214,0.1832192365704048,0.9869368049411446,4.32881462728054e-08,5.067099640927098e-15,True,True,3,converged,0.9997676566746038,0.1,-0.7324462910995232,-0.4905254555481528,-0.4721304990294841
random,0.1,0,0.4456395168282763,0.4704333126771868,0.12850755392936422,0.20479331025952333,0.9253789804149818,1.5153653934737356e-08,2.1638351516263932e-17,True,True,5,converged,0.9999999981765892,0.2,0.3625339712498889,0.75358366925977,0.5483436633305486
random,0.1,1,0.4467059173326941,0.4478286181734493,0.12450964342814218,0.18504781994853794,0.9226995019778309,1.3455272343679371e-08,6.05606250629843e-17,True,True,4,converged,1.0318646797760775,0.1,-0.953972254601583,0.2526982442622742,-0.16149468968711136
random,0.1,2,0.45123844401346375,0.45261253536835383,0.11210490393059126,0.19229059768728227,0.9386526134662544,1.2982513596305309e-09,8.346095397193856e-20,True,True,4,converged,1.0027716486110458,0.1,-0.4004603222586111,-0.5894459010742275,-0.7015590210405119
random,0.1,3,0.4138781840344667,0.42405482365027786,0.11890681446337892,0.1656836629352398,0.9213734041070368,5.991026612341029e-10,4.377487198666597e-19,True,True,4,converged,1.0074308778411947,0.1,0.2097868378296669,0.8793849552189178,0.42740096304062175
random,0.1,4,0.483363278351371,0.490158266855085,0.024118614338266942,0.23967341900878267,0.9975787923200159,1.9473632124885225e-10,5.5112433850819615e-21,True,True,5,converged,0.9999811305063014,0.1,0.98943515308268,-0.12506295024279485,-0.07333032333777015
random,0.1,5,0.4696944379820689,0.4757936348717692,0.08669657690429199,0.2188632865375686,0.9667978165352625,2.067030150654816e-13,8.928902472540007e-26,True,True,4,converged,1.0059897429781448,0.1,-0.14224418742459666,-0.5926542740907789,0.7927972644666782
random,0.1,6,0.44083756704459404,0.45183645549230017,0.11467668629964617,0.1910054401311779,0.9355848928067391,1.9487197772265305e-09,4.610791909839523e-19,True,True,4,converged,1.005127491737473,0.1,-0.5666608180341691,-0.26784271537920945,-0.77920202587207
random,0.1,7,0.4841890582176208,0.4924358066724121,0.20361360563935033,0.20103452329165236,0.829032193297547,2.781764202537952e-10,1.8168489276667942e-21,True,True,6,converged,1.027867113504887,0.2,-0.5920903181584187,-0.7919071787487588,-0.14937227115245955
random,0.1,8,0.48146914255377066,0.48302377081932923,0.20512735529615936,0.1912347312857271,0.8196524888054663,3.1604250658809195e-12,1.5198890040274454e-23,True,True,5,converged,1.0038977583376933,0.1,-0.5047273084720629,-0.8624970278706943,0.03673174372073934
random,0.1,9,0.4311573162046046,0.4356685555771437,0.07034903210722622,0.18485810400025118,0.9739262305211334,8.52009509933813e-08,4.6610299481216894e-17,True,True,5,converged,1.0000649155379675,0.2,0.8118304890034012,0.5027590747253532,-0.296925192440462
random,0.1,10,0.4687774785127549,0.4694678959082438,0.04319324005289686,0.21853444930224644,0.9915351402222565,2.866253921564167e-10,2.0423347757436013e-20,True,True,6,converged,1.0123001324748162,0.1,0.5057537354156902,-0.8183372099395242,0.2730153291327635
random,0.1,11,0.4244039547832925,0.42584775177216766,0.15225032305128477,0.15816614682018915,0.8721773761783943,1.9539694137110206e-07,2.6590922496553912e-15,True,True,8,converged,1.016257468207756,0.3,-0.44171139505196544,0.8327763805640287,-0.33372824791426153
random,0.1,12,0.4734833685325342,0.47462521680153674,0.0647442037380254,0.22107728450623482,0.9813919797068708,1.2950838610742846e-09,1.201370161890107e-18,True,True,4,converged,1.0019617743750144,0.1,0.24615653857939923,0.5443620666949243,-0.8019207559717104
random,0.1,13,0.46218351479920067,0.4640767991489053,0.044310091513361245,0.21340389129837095,0.9908835536629759,1.7310807799600583e-10,3.389896976906501e-20,True,True,5,converged,0.9956566473217316,0.1,-0.9265219601795793,-0.3408988383931982,0.15920125403764374
random,0.1,14,0.40451878142893166,0.4203440349388343,0.11146761857245692,0.16426407771844523,0.9296785741274884,1.6296909791105905e-07,1.0764119366942135e-14,True,True,4,converged,1.0087351982920965,0.1,0.617333757323045,-0.7746938891252185,-0.13692483420276713
random,0.2,0,0.43577531259896035,0.43667505399669737,0.22101965910973911,0.14183541307003328,0.7438201044547692,5.936389162665724e-08,1.0515168023121095e-15,True,True,5,converged,1.021560595404391,0.2,0.3135794151818757,0.49768769466388635,0.8086871514710364
random,0.2,1,0.4324234145471456,0.4387959927255762,0.12181046015436083,0.17770413502900678,0.9229373636974804,5.608790117777566e-11,4.817293305672338e-22,True,True,5,converged,1.0182580201963054,0.2,0.4335605727216018,0.45153983662770525,0.7798313957000844
random,0.2,2,0.4293110283255481,0.4415354657264823,0.10067304741003562,0.1848185050194783,0.9480129417220358,1.7580500347376315e-09,1.0294928760815254e-18,True,True,5,converged,1.000000002019519,0.2,0.8674874004866493,0.44466443867901373,0.22302274989604395
random,0.2,3,0.5389544228773047,0.5418265892301215,0.36837265656562895,0.157877638691528,0.5377742400563997,1.9411222459237577e-09,1.0150742278158625e-17,True,True,6,converged,1.0148879011818392,0.2,0.6726271463174364,0.7091839856836806,-0.21126002103254443
random,0.2,4,0.4493876531692696,0.44967288174752085,0.09224400248842382,0.19369674458403555,0.9579193070684231,2.5827835134497722e-12,1.5339573955261447e-24,True,True,6,converged,1.0178611111542057,0.3,-0.4758601798822151,-0.09459871938548944,0.8744187620889041
random,0.2,5,0.43295838472077536,0.4417951466561271,0.22276224228428781,0.14555993502138512,0.745761521800561,2.390390117980264e-11,8.172779882591214e-22,True,True,6,converged,1.0075137787377075,0.2,0.05844525772844112,0.916193834355175,0.3964505136061981
random,0.2,6,0.49171335382675474,0.5045960998531202,0.22637802765719514,0.2033702125810182,0.7987292037690964,6.276757583259082e-14,3.0427724339432677e-27,True,True,6,converged,1.0337961534033218,0.2,0.47883012850298473,0.8747464924708744,-0.07443307025588532
random,0.2,7,0.4656108813392873,0.47101505048076364,0.18154589077637392,0.18889626732160922,0.8514395256054826,2.1807213601602967e-08,1.1909062517338661e-15,True,True,5,converged,1.0054618016318957,0.2,0.8218976746961034,-0.1851810818563232,-0.5386948851174103
random,0.2,8,0.5335449479625403,0.5514208468338634,0.3557504104429413,0.17750659579265382,0.5837785499581847,1.5862570836543428e-10,4.6982971007829115e-20,True,True,6,converged,1.0383112239745071,0.2,0.5369075674236882,-0.7808161926481629,0.31946257580756593
random,0.2,9,0.4501662944421555,0.4774590380059255,0.1868529589135848,0.19305310471878198,0.8468462194556192,2.8727196608950196e-08,2.724294915409028e-15,True,True,5,converged,1.019537662590591,0.2,0.1642856183979056,0.79787876118918,0.5799997569230846
random,0.2,10,0.5019859881441469,0.5096010433997751,0.1681217468862795,0.23142830165804518,0.8911603414123647,3.4343226382981263e-09,3.256938339365345e-19,True,True,5,converged,1.0436248037907114,0.2,0.0568639966306723,-0.6919191732590468,0.7197321332021407
random,0.2,11,0.4136825091183063,0.4292660978213554,0.2341935486239486,0.12942276452169565,0.7023563144245715,1.6215224201966e-10,2.895744539306464e-20,True,True,6,converged,1.0108212207005391,0.2,0.9802076287604192,0.19787878819566435,-0.0060819159885281155
random,0.2,12,0.4967240419160072,0.5102660876261553,0.20063065872960104,0.2201188189590296,0.8454029558297065,1.7860793781363434e-13,2.410296606872262e-27,True,True,5,converged,1.0094161622414255,0.2,-0.2213711089408393,-0.5022050758981486,-0.8359335463231741
random,0.2,13,0.42044689764843085,0.424646973467896,0.03094994555715614,0.17936715294545302,0.9946879309393453,4.558656598591872e-11,3.2579563076274047e-22,True,True,6,converged,0.99999870719938,0.2,0.3986558915398215,0.5800365153635052,-0.710373930395501
random,0.2,14,0.40417798834061885,0.4069036252924761,0.24943852755862547,0.10335098124554463,0.6242110981152846,3.375054490383359e-07,1.121756158751394e-14,True,True,5,converged,1.0007194350912443,0.2,-0.4016087908242797,-0.00846409183453202,0.9157722087299203
random,0.4,0,0.42484969059606004,0.4453674003998658,0.3245255760768028,0.09303527181095364,0.46904097210021534,1.51110007307691e-09,6.629227164799103e-18,True,True,8,converged,1.3436319246409196,0.2,-0.3203149040274786,0.8050189766008934,-0.49934237710244195
random,0.4,1,0.3525821386523242,0.3622341763625161,0.25325095430002015,0.06707755267115953,0.5112088489697488,0.5851056958660421,0.15878131836835394,False,False,3,rejected,0.8043375526811285,0.000390625,-0.5410142040937924,0.8397610156554375,-0.04588101518175301
random,0.4,2,0.3277565333309997,0.32782822403653283,0.3246687125586568,0.0020615715604514473,0.0191825232160562,0.3803053074291585,0.3436041427922654,False,False,2,rejected,9.412477706779557,0.0001953125,0.09053024860941253,0.995874130753484,-0.00624417990699022
random,0.4,3,0.48344420895823753,0.4846923109845968,0.33162806131734235,0.12494946527449013,0.5318658932325437,1.3222021283244562e-10,1.35560016833827e-20,True,True,8,converged,1.1026106526704473,0.2,0.08809185085046871,0.9599128169133468,-0.266096241497738
random,0.4,4,0.41290276122069935,0.41783113518016496,0.21285961415677168,0.12927364218697557,0.7404715675922753,2.9168902663663187e-07,6.240755031482316e-15,True,True,8,converged,1.4710111835247974,0.3,0.06924779227896019,-0.34853686846447784,-0.9347335420243916
random,0.4,5,0.3876758897998363,0.39923234794432033,0.21095519963711862,0.1148843713911983,0.7207912509045747,2.423762143531065e-08,4.586059560363812e-16,True,True,6,converged,1.0861122445442652,0.2,0.6070726846503084,0.12193015891515382,-0.7852361376671304
random,0.4,6,0.3863423309305662,0.3876747353000568,0.1801052712677556,0.11785379165153728,0.7841669988810851,1.6556637168234825,0.017630531688448896,False,False,25,max_steps,32.31564167770338,0.3,0.7079036668788756,0.3196258741448558,-0.6298505370296819
random,0.4,7,0.3055520715853315,0.34760615858961535,0.2132884867091567,0.07533806292674669,0.6235044033593076,1.2654981524184595e-07,3.34910766618852e-14,True,True,11,converged,1.631619915957594,0.2,0.8298664665295473,-0.10514674838038304,-0.5479651531208861
random,0.4,8,0.3367724028700167,0.34685982822700306,0.24242652170567716,0.06154112201135291,0.5115138538224171,0.4391135512945366,0.07000010833878083,False,False,3,trust_region_exhausted,0.15959429531391767,1e-05,-0.5015868517832902,0.6265736259400223,0.5965032450829589
random,0.4,9,0.46025356933498907,0.46092504893950986,0.44506938321014966,0.014365144868826507,0.06761598657765897,6.390064036075499e-12,2.5554233993795832e-23,True,True,7,converged,1.1502475862788728,0.3,0.13227481351790304,0.9850870126711362,-0.11003159171556495
random,0.4,10,0.5164675957018611,0.5232387876341771,0.45672372116966203,0.06518227140582028,0.2380836811645054,1.4219702173286545e-12,8.57386154295542e-25,True,True,7,converged,1.1017153713756562,0.3,0.25364235954909936,-0.3701060500824749,0.8936929367152424
random,0.4,11,0.2871798641869807,0.3154335337369702,0.29172052670605225,0.014397448504135768,0.1447004265253935,0.4,0.175941108306364,False,False,0,rejected,,9.765625e-05,-0.9820860098170686,0.13302772614384592,-0.13345670982976687
random,0.4,12,0.4291498067829498,0.47058997354760645,0.3956572451768042,0.0649102675426392,0.2931082615082838,2.728186307361542e-11,2.2969491466794093e-21,True,True,8,converged,1.2523938865178739,0.2,-0.19272021346462334,0.9403167275860874,-0.28046991129877386
random,0.4,13,0.38685103905728974,0.3913864056157438,0.32623934365193524,0.04675120915436602,0.3051977827084243,0.36933042768222907,0.24497718658598303,False,False,5,rejected,1.4630974908608323,0.000146484375,0.788944993290097,-0.6141254878623575,0.020388298612441885
random,0.4,14,0.5112815359914593,0.5113112090248033,0.49735159797906303,0.0140805404620786,0.05385781100042783,0.3337206496279078,0.20595687687538644,False,False,4,rejected,1.4406606993065112,0.0005859375,-0.5879761648542235,0.559560129190422,-0.5841031513215085
random,0.7,0,0.3752195542749071,0.3817738147839908,0.22619511948589352,0.09458701357548327,0.6489619567269858,1.0075574026456697,0.05055892005101298,False,False,5,rejected,1.8631318039402556,7.32421875e-05,-0.43212989986112904,-0.9010608749194167,-0.03678381893531408
random,0.7,1,0.3902394262735828,0.3946887278530019,0.29816328193376296,0.0668778492007084,0.4293118252026918,0.7000000000000002,0.5062476072453203,False,False,0,rejected,,9.765625e-05,0.8636010500813137,-0.3597648321121463,-0.35321734367634283
random,0.7,2,0.7018458696923568,0.7030339681389999,0.5074996305580479,0.23670088534071315,0.4789026763531093,0.8919669785876113,0.9632609401555943,False,False,4,rejected,4.848092502153583,0.000146484375,-0.9548981537915091,0.2877807644448053,-0.07315563888813241
random,0.7,3,0.5584255624737233,0.5622964199640083,0.3086822971651942,0.22089250332115912,0.6986350017501267,1.3001272794969068,0.22134146999589535,False,False,4,rejected,11.27130033899536,0.0005859375,-0.01271224761794582,-0.4896999634159615,0.8717983394059122
random,0.7,4,0.5379323653634304,0.5415403065462348,0.4306062424694769,0.10784416756050802,0.3677351039839392,0.7246701448050956,0.32496702184358855,False,False,1,rejected,0.3364508603830736,4.8828125e-05,-0.13415849918397466,0.9040294618811955,0.40587218326401664
random,0.7,5,0.5671231213695745,0.5697833163872695,0.508302674951644,0.06628141827027861,0.20416078899208487,0.7000000000000001,0.1728666516802534,False,False,0,rejected,,9.765625e-05,0.8321794774564204,-0.41910325876105253,0.3630837035674079
random,0.7,6,0.3781934355079088,0.37896457089422714,0.24459208701324636,0.08378885696355022,0.5834303883101291,0.8145557953247371,0.4726720314873993,False,False,3,rejected,0.43268305324524103,4.8828125e-05,-0.6845833521974397,-0.25797931194026485,-0.6817567810480097
random,0.7,7,0.725897330080345,0.7273370323156721,0.49689731807179943,0.28211221387082214,0.5332740965927605,0.9843046184807764,0.32507341772700615,False,False,3,rejected,2.4197394778125565,0.0005859375,0.8876146766556362,0.31428952258611265,-0.33669315671409705
random,0.7,8,0.6623550142231904,0.6849196004852827,0.5749599426550408,0.13853592347103139,0.29531344142087773,0.6999999999999998,0.5603875707597515,False,False,0,rejected,,9.765625e-05,-0.052338384934967015,-0.8736951525966804,0.48365015640591125
random,0.7,9,0.44359117766684364,0.44805519995253346,0.23476273561556885,0.14563992017079927,0.7254665427510183,0.6562709256480489,0.12594285074152223,False,False,4,rejected,3.0825570042930153,0.0005859375,0.3978798589942656,0.9017559256610812,0.16890194889885082
random,0.7,10,0.6407175686761001,0.6415791089316545,0.269293120704684,0.3391049681586683,0.8238226430636084,1.1628684237089362,0.3988484676056125,False,False,9,rejected,1.0189505049841745,3.662109375e-05,-0.17136578916909478,0.9618315947604462,0.21333951725601652
random,0.7,11,0.7350269963968565,0.7369754894012825,0.5465853088417227,0.24437737213665844,0.4499403087987652,0.814996041416061,0.24902353437228486,False,False,25,max_steps,0.1105552569596847,1e-05,-0.5838942030581059,0.7740719726080676,0.2447041905194813
random,0.7,12,0.38328461581055867,0.3915388787201586,0.34048533051710156,0.037372433252099144,0.24378197399412813,0.6999999999999998,0.6242268507359541,False,False,0,rejected,,9.765625e-05,0.3294747791306154,0.8650260066649876,0.37838654536076866
random,0.7,13,0.5599204998967547,0.5654763075950864,0.2119154638821035,0.2748552906190056,0.8595581727454835,1.1476795113469498,0.49733637994427876,False,False,6,rejected,0.7188947694110192,0.000146484375,-0.8559806126045656,0.032835337797673704,0.5159641765053318
random,0.7,14,0.7021617884491635,0.7382232827839876,0.6202472101441188,0.16026701355280476,0.2940821519972865,1.1679532060575741,0.36580999195825453,False,False,6,rejected,0.7674114799533843,0.00029296875,0.7945716133922708,-0.5851699144376156,-0.16196333667925367
